# WaveFront *.obj file (generated by Autodesk ATF)

mtllib BTT TMC2208 TMC2209 UART Stepper Driver.mtl

g Header Main Body

v 0.015960 0.571500 -0.070000
v -0.004040 0.571500 -0.070000
v -0.004040 0.571500 -0.254000
v 0.015960 0.571500 -0.254000
v 0.015960 0.721500 -0.254000
v -0.004040 0.721500 -0.254000
v -0.004040 0.721500 -0.070000
v 0.015960 0.721500 -0.070000
v -0.240540 0.721500 -0.000000
v -0.004040 0.721500 -0.000000
v -0.041038 0.771500 0.000000
v -0.203542 0.771500 0.000000
v -0.004040 0.571500 -0.000000
v -0.240540 0.571500 -0.000000
v -0.203542 0.521500 -0.000000
v -0.041038 0.521500 -0.000000
v -0.203542 0.771500 -0.254000
v -0.240540 0.721500 -0.254000
v -0.240540 0.721500 -0.070000
v -0.041038 0.771500 -0.254000
v -0.041038 0.521500 -0.254000
v -0.203542 0.521500 -0.254000
v -0.240540 0.571500 -0.070000
v -0.240540 0.571500 -0.254000
v -0.105040 0.630500 0.280000
v -0.105040 0.662500 0.280000
v -0.137040 0.662500 0.280000
v -0.137040 0.630500 0.280000
v -0.089040 0.614500 -0.070000
v -0.089040 0.614500 0.225420
v -0.153040 0.614500 0.225420
v -0.153040 0.614500 -0.070000
v -0.089040 0.678500 -0.070000
v -0.089040 0.678500 0.225420
v -0.153040 0.678500 -0.070000
v -0.153040 0.678500 0.225420
v -0.153040 0.678500 -0.254000
v -0.153040 0.678500 -0.765420
v -0.153040 0.614500 -0.765420
v -0.153040 0.614500 -0.254000
v -0.089040 0.614500 -0.254000
v -0.089040 0.614500 -0.765420
v -0.089040 0.678500 -0.765420
v -0.089040 0.678500 -0.254000
v -0.105040 0.662500 -0.820000
v -0.105040 0.630500 -0.820000
v -0.137040 0.630500 -0.820000
v -0.137040 0.662500 -0.820000
v 0.862960 0.678500 0.225420
v 0.878960 0.662500 0.280000
v 0.910960 0.662500 0.280000
v 0.926960 0.678500 0.225420
v 0.910960 0.630500 0.280000
v 0.926960 0.614500 0.225420
v 0.862960 0.614500 0.225420
v 0.878960 0.630500 0.280000
v 0.608960 0.678500 0.225420
v 0.624960 0.662500 0.280000
v 0.656960 0.662500 0.280000
v 0.672960 0.678500 0.225420
v 0.656960 0.630500 0.280000
v 0.672960 0.614500 0.225420
v 0.608960 0.614500 0.225420
v 0.624960 0.630500 0.280000
v 0.910960 0.630500 -0.820000
v 0.926960 0.614500 -0.765420
v 0.862960 0.614500 -0.765420
v 0.878960 0.630500 -0.820000
v 0.862960 0.678500 -0.765420
v 0.878960 0.662500 -0.820000
v 0.910960 0.662500 -0.820000
v 0.926960 0.678500 -0.765420
v 0.656960 0.630500 -0.820000
v 0.672960 0.614500 -0.765420
v 0.608960 0.614500 -0.765420
v 0.624960 0.630500 -0.820000
v 0.608960 0.678500 -0.765420
v 0.624960 0.662500 -0.820000
v 0.656960 0.662500 -0.820000
v 0.672960 0.678500 -0.765420
v 0.608960 0.614500 -0.254000
v 0.672960 0.614500 -0.254000
v 0.672960 0.678500 -0.254000
v 0.608960 0.678500 -0.254000
v 0.608960 0.614500 -0.070000
v 0.608960 0.678500 -0.070000
v 0.672960 0.678500 -0.070000
v 0.672960 0.614500 -0.070000
v 0.862960 0.614500 -0.254000
v 0.926960 0.614500 -0.254000
v 0.926960 0.678500 -0.254000
v 0.862960 0.678500 -0.254000
v 0.862960 0.614500 -0.070000
v 0.862960 0.678500 -0.070000
v 0.926960 0.678500 -0.070000
v 0.926960 0.614500 -0.070000
v 0.780460 0.721500 -0.000000
v 0.780460 0.721500 -0.070000
v 1.016960 0.721500 -0.070000
v 1.016960 0.721500 -0.000000
v 0.760460 0.571500 -0.000000
v 0.760460 0.571500 -0.070000
v 0.523960 0.571500 -0.070000
v 0.523960 0.571500 -0.000000
v 0.780460 0.571500 -0.070000
v 0.780460 0.571500 -0.000000
v 1.016960 0.571500 -0.000000
v 1.016960 0.571500 -0.070000
v 0.523960 0.721500 -0.000000
v 0.523960 0.721500 -0.070000
v 0.760460 0.721500 -0.070000
v 0.760460 0.721500 -0.000000
v 0.817458 0.521500 -0.000000
v 0.979962 0.521500 -0.000000
v 0.560958 0.521500 -0.000000
v 0.523960 0.571500 -0.254000
v 0.560958 0.521500 -0.254000
v 0.723462 0.521500 -0.000000
v 0.723462 0.521500 -0.254000
v 0.760460 0.571500 -0.254000
v 0.780460 0.571500 -0.254000
v 0.817458 0.521500 -0.254000
v 0.979962 0.521500 -0.254000
v 1.016960 0.571500 -0.254000
v 0.979962 0.771500 -0.000000
v 1.016960 0.721500 -0.254000
v 0.979962 0.771500 -0.254000
v 0.817458 0.771500 0.000000
v 0.817458 0.771500 -0.254000
v 0.780460 0.721500 -0.254000
v 0.723462 0.771500 0.000000
v 0.760460 0.721500 -0.254000
v 0.723462 0.771500 -0.254000
v 0.560958 0.771500 0.000000
v 0.560958 0.771500 -0.254000
v 0.523960 0.721500 -0.254000
v 0.508960 0.571500 -0.254000
v 0.508960 0.571500 -0.070000
v 0.508960 0.721500 -0.070000
v 0.508960 0.721500 -0.254000
v 0.354960 0.678500 0.225420
v 0.370960 0.662500 0.280000
v 0.402960 0.662500 0.280000
v 0.418960 0.678500 0.225420
v 0.402960 0.630500 0.280000
v 0.418960 0.614500 0.225420
v 0.354960 0.614500 0.225420
v 0.370960 0.630500 0.280000
v 0.100960 0.678500 0.225420
v 0.116960 0.662500 0.280000
v 0.148960 0.662500 0.280000
v 0.164960 0.678500 0.225420
v 0.148960 0.630500 0.280000
v 0.164960 0.614500 0.225420
v 0.100960 0.614500 0.225420
v 0.116960 0.630500 0.280000
v 0.402960 0.630500 -0.820000
v 0.418960 0.614500 -0.765420
v 0.354960 0.614500 -0.765420
v 0.370960 0.630500 -0.820000
v 0.354960 0.678500 -0.765420
v 0.370960 0.662500 -0.820000
v 0.402960 0.662500 -0.820000
v 0.418960 0.678500 -0.765420
v 0.148960 0.630500 -0.820000
v 0.164960 0.614500 -0.765420
v 0.100960 0.614500 -0.765420
v 0.116960 0.630500 -0.820000
v 0.100960 0.678500 -0.765420
v 0.116960 0.662500 -0.820000
v 0.148960 0.662500 -0.820000
v 0.164960 0.678500 -0.765420
v 0.100960 0.614500 -0.254000
v 0.164960 0.614500 -0.254000
v 0.164960 0.678500 -0.254000
v 0.100960 0.678500 -0.254000
v 0.100960 0.614500 -0.070000
v 0.100960 0.678500 -0.070000
v 0.164960 0.678500 -0.070000
v 0.164960 0.614500 -0.070000
v 0.354960 0.614500 -0.254000
v 0.418960 0.614500 -0.254000
v 0.418960 0.678500 -0.254000
v 0.354960 0.678500 -0.254000
v 0.354960 0.614500 -0.070000
v 0.354960 0.678500 -0.070000
v 0.418960 0.678500 -0.070000
v 0.418960 0.614500 -0.070000
v 0.272460 0.721500 -0.000000
v 0.272460 0.721500 -0.070000
v 0.508960 0.721500 -0.000000
v 0.252460 0.571500 -0.000000
v 0.252460 0.571500 -0.070000
v 0.015960 0.571500 -0.000000
v 0.272460 0.571500 -0.070000
v 0.272460 0.571500 -0.000000
v 0.508960 0.571500 -0.000000
v 0.015960 0.721500 -0.000000
v 0.252460 0.721500 -0.070000
v 0.252460 0.721500 -0.000000
v 0.309458 0.521500 -0.000000
v 0.471962 0.521500 -0.000000
v 0.052958 0.521500 -0.000000
v 0.052958 0.521500 -0.254000
v 0.215462 0.521500 -0.000000
v 0.215462 0.521500 -0.254000
v 0.252460 0.571500 -0.254000
v 0.272460 0.571500 -0.254000
v 0.309458 0.521500 -0.254000
v 0.471962 0.521500 -0.254000
v 0.471962 0.771500 0.000000
v 0.471962 0.771500 -0.254000
v 0.309458 0.771500 0.000000
v 0.309458 0.771500 -0.254000
v 0.272460 0.721500 -0.254000
v 0.215462 0.771500 0.000000
v 0.252460 0.721500 -0.254000
v 0.215462 0.771500 -0.254000
v 0.052958 0.771500 0.000000
v 0.052958 0.771500 -0.254000
vt 0.020000 0.184000 0.000000
vt -0.000000 0.184000 0.000000
vt 0.020000 0.000000 0.000000
vt 0.000000 0.000000 0.000000
vt 0.000000 0.000000 0.000000
vt 0.020000 0.000000 0.000000
vt -0.000000 0.184000 0.000000
vt 0.020000 0.184000 0.000000
vt -0.075000 -0.010000 0.000000
vt -0.125000 -0.046998 0.000000
vt -0.075000 -0.246500 0.000000
vt -0.125000 -0.209502 0.000000
vt 0.075000 -0.010000 0.000000
vt 0.075000 -0.246500 0.000000
vt 0.125000 -0.046998 0.000000
vt 0.125000 -0.209502 0.000000
vt 0.062200 0.254000 0.000000
vt 0.000000 0.254000 0.000000
vt 0.062200 0.184000 0.000000
vt 0.000000 0.000000 0.000000
vt 0.062200 0.000000 0.000000
vt 0.162504 0.254000 0.000000
vt 0.000000 0.254000 0.000000
vt 0.162504 0.000000 0.000000
vt 0.000000 0.000000 0.000000
vt 0.000000 0.254000 0.000000
vt 0.000000 0.184000 0.000000
vt 0.062200 0.254000 0.000000
vt 0.062200 0.000000 0.000000
vt 0.000000 0.000000 0.000000
vt 0.062200 0.254000 0.000000
vt 0.000000 0.254000 0.000000
vt 0.062200 0.184000 0.000000
vt 0.000000 0.000000 0.000000
vt 0.062200 0.000000 0.000000
vt 0.162504 0.254000 0.000000
vt 0.000000 0.254000 0.000000
vt 0.162504 0.000000 0.000000
vt 0.000000 0.000000 0.000000
vt 0.000000 0.254000 0.000000
vt 0.000000 0.184000 0.000000
vt 0.062200 0.254000 0.000000
vt 0.062200 0.000000 0.000000
vt 0.000000 0.000000 0.000000
vt 0.256500 0.000000 0.000000
vt 0.493000 0.000000 0.000000
vt 0.256500 0.070000 0.000000
vt 0.493000 0.070000 0.000000
vt -0.493000 0.000000 0.000000
vt -0.256500 0.000000 0.000000
vt -0.493000 0.070000 0.000000
vt -0.256500 0.070000 0.000000
vt 0.016000 -0.111000 0.000000
vt -0.016000 -0.111000 0.000000
vt 0.016000 -0.143000 0.000000
vt -0.016000 -0.143000 0.000000
vt -0.000000 1.045420 0.000000
vt -0.064000 1.045420 0.000000
vt -0.000000 0.750000 0.000000
vt -0.064000 0.750000 0.000000
vt -0.000000 1.045420 0.000000
vt -0.064000 1.045420 0.000000
vt -0.000000 0.750000 0.000000
vt -0.064000 0.750000 0.000000
vt -0.000000 1.045420 0.000000
vt -0.064000 1.045420 0.000000
vt -0.000000 0.750000 0.000000
vt -0.064000 0.750000 0.000000
vt -0.000000 1.045420 0.000000
vt -0.064000 1.045420 0.000000
vt -0.000000 0.750000 0.000000
vt -0.064000 0.750000 0.000000
vt -0.064000 0.054580 0.000000
vt -0.000000 0.054580 0.000000
vt -0.064000 0.566000 0.000000
vt -0.000000 0.566000 0.000000
vt -0.064000 0.054580 0.000000
vt -0.000000 0.054580 0.000000
vt -0.064000 0.566000 0.000000
vt -0.000000 0.566000 0.000000
vt -0.064000 0.054580 0.000000
vt -0.000000 0.054580 0.000000
vt -0.064000 0.566000 0.000000
vt -0.000000 0.566000 0.000000
vt -0.064000 0.054580 0.000000
vt -0.000000 0.054580 0.000000
vt -0.064000 0.566000 0.000000
vt -0.000000 0.566000 0.000000
vt 0.016000 -0.111000 0.000000
vt -0.016000 -0.111000 0.000000
vt 0.016000 -0.143000 0.000000
vt -0.016000 -0.143000 0.000000
vt 0.159000 0.056877 0.000000
vt 0.095000 0.056877 0.000000
vt 0.143000 0.000000 0.000000
vt 0.111000 0.000000 0.000000
vt 0.032000 0.056877 0.000000
vt -0.032000 0.056877 0.000000
vt 0.016000 0.000000 0.000000
vt -0.016000 0.000000 0.000000
vt -0.016000 0.000000 0.000000
vt 0.016000 -0.000000 0.000000
vt -0.032000 0.056877 0.000000
vt 0.032000 0.056877 0.000000
vt -0.095000 0.056877 0.000000
vt -0.159000 0.056877 0.000000
vt -0.111000 0.000000 0.000000
vt -0.143000 0.000000 0.000000
vt -0.016000 0.056877 0.000000
vt -0.048000 0.056877 0.000000
vt -0.000000 0.000000 0.000000
vt -0.064000 0.000000 0.000000
vt -0.016000 0.056877 0.000000
vt -0.048000 0.056877 0.000000
vt -0.000000 0.000000 0.000000
vt -0.064000 -0.000000 0.000000
vt -0.064000 0.000000 0.000000
vt -0.000000 0.000000 0.000000
vt -0.048000 0.056877 0.000000
vt -0.016000 0.056877 0.000000
vt -0.016000 0.056877 0.000000
vt -0.048000 0.056877 0.000000
vt -0.000000 0.000000 0.000000
vt -0.064000 -0.000000 0.000000
vt -0.016000 0.056877 0.000000
vt -0.048000 0.056877 0.000000
vt -0.000000 0.000000 0.000000
vt -0.064000 0.000000 0.000000
vt -0.064000 0.000000 0.000000
vt -0.000000 0.000000 0.000000
vt -0.048000 0.056877 0.000000
vt -0.016000 0.056877 0.000000
vt -0.016000 0.056877 0.000000
vt -0.048000 0.056877 0.000000
vt -0.000000 0.000000 0.000000
vt -0.064000 0.000000 0.000000
vt -0.016000 0.056877 0.000000
vt -0.048000 0.056877 0.000000
vt -0.000000 0.000000 0.000000
vt -0.064000 0.000000 0.000000
vt -0.016000 0.056877 0.000000
vt -0.048000 0.056877 0.000000
vt -0.000000 0.000000 0.000000
vt -0.064000 0.000000 0.000000
vt -0.064000 0.000000 0.000000
vt -0.000000 0.000000 0.000000
vt -0.048000 0.056877 0.000000
vt -0.016000 0.056877 0.000000
vt -0.016000 0.056877 0.000000
vt -0.048000 0.056877 0.000000
vt -0.000000 0.000000 0.000000
vt -0.064000 -0.000000 0.000000
vt -0.016000 0.056877 0.000000
vt -0.048000 0.056877 0.000000
vt -0.000000 0.000000 0.000000
vt -0.064000 0.000000 0.000000
vt 0.413000 0.056877 0.000000
vt 0.349000 0.056877 0.000000
vt 0.397000 -0.000000 0.000000
vt 0.365000 -0.000000 0.000000
vt -0.016000 0.000000 0.000000
vt 0.016000 0.000000 0.000000
vt -0.032000 0.056877 0.000000
vt 0.032000 0.056877 0.000000
vt 0.032000 0.056877 0.000000
vt -0.032000 0.056877 0.000000
vt 0.016000 0.000000 0.000000
vt -0.016000 0.000000 0.000000
vt -0.349000 0.056877 0.000000
vt -0.413000 0.056877 0.000000
vt -0.365000 0.000000 0.000000
vt -0.397000 0.000000 0.000000
vt 0.159000 0.056877 0.000000
vt 0.095000 0.056877 0.000000
vt 0.143000 0.000000 0.000000
vt 0.111000 0.000000 0.000000
vt -0.016000 0.000000 0.000000
vt 0.016000 -0.000000 0.000000
vt -0.032000 0.056877 0.000000
vt 0.032000 0.056877 0.000000
vt 0.032000 0.056877 0.000000
vt -0.032000 0.056877 0.000000
vt 0.016000 0.000000 0.000000
vt -0.016000 0.000000 0.000000
vt -0.095000 0.056877 0.000000
vt -0.159000 0.056877 0.000000
vt -0.111000 -0.000000 0.000000
vt -0.143000 -0.000000 0.000000
vt 0.016000 0.143000 0.000000
vt -0.016000 0.143000 0.000000
vt 0.016000 0.111000 0.000000
vt -0.016000 0.111000 0.000000
vt -0.064000 0.054580 0.000000
vt -0.000000 0.054580 0.000000
vt -0.064000 0.566000 0.000000
vt -0.000000 0.566000 0.000000
vt -0.064000 0.054580 0.000000
vt -0.000000 0.054580 0.000000
vt -0.064000 0.566000 0.000000
vt -0.000000 0.566000 0.000000
vt -0.064000 0.054580 0.000000
vt -0.000000 0.054580 0.000000
vt -0.064000 0.566000 0.000000
vt -0.000000 0.566000 0.000000
vt -0.064000 0.054580 0.000000
vt -0.000000 0.054580 0.000000
vt -0.064000 0.566000 0.000000
vt -0.000000 0.566000 0.000000
vt -0.000000 1.045420 0.000000
vt -0.064000 1.045420 0.000000
vt -0.000000 0.750000 0.000000
vt -0.064000 0.750000 0.000000
vt -0.000000 1.045420 0.000000
vt -0.064000 1.045420 0.000000
vt -0.000000 0.750000 0.000000
vt -0.064000 0.750000 0.000000
vt -0.000000 1.045420 0.000000
vt -0.064000 1.045420 0.000000
vt -0.000000 0.750000 0.000000
vt -0.064000 0.750000 0.000000
vt -0.000000 1.045420 0.000000
vt -0.064000 1.045420 0.000000
vt -0.000000 0.750000 0.000000
vt -0.064000 0.750000 0.000000
vt 0.016000 0.143000 0.000000
vt -0.016000 0.143000 0.000000
vt 0.016000 0.111000 0.000000
vt -0.016000 0.111000 0.000000
vt 0.016000 0.397000 0.000000
vt -0.016000 0.397000 0.000000
vt 0.016000 0.365000 0.000000
vt -0.016000 0.365000 0.000000
vt -0.064000 0.054580 0.000000
vt -0.000000 0.054580 0.000000
vt -0.064000 0.566000 0.000000
vt -0.000000 0.566000 0.000000
vt -0.064000 0.054580 0.000000
vt -0.000000 0.054580 0.000000
vt -0.064000 0.566000 0.000000
vt -0.000000 0.566000 0.000000
vt -0.064000 0.054580 0.000000
vt -0.000000 0.054580 0.000000
vt -0.064000 0.566000 0.000000
vt -0.000000 0.566000 0.000000
vt -0.064000 0.054580 0.000000
vt -0.000000 0.054580 0.000000
vt -0.064000 0.566000 0.000000
vt -0.000000 0.566000 0.000000
vt -0.000000 1.045420 0.000000
vt -0.064000 1.045420 0.000000
vt -0.000000 0.750000 0.000000
vt -0.064000 0.750000 0.000000
vt -0.000000 1.045420 0.000000
vt -0.064000 1.045420 0.000000
vt -0.000000 0.750000 0.000000
vt -0.064000 0.750000 0.000000
vt -0.000000 1.045420 0.000000
vt -0.064000 1.045420 0.000000
vt -0.000000 0.750000 0.000000
vt -0.064000 0.750000 0.000000
vt -0.000000 1.045420 0.000000
vt -0.064000 1.045420 0.000000
vt -0.000000 0.750000 0.000000
vt -0.064000 0.750000 0.000000
vt 0.016000 0.397000 0.000000
vt -0.016000 0.397000 0.000000
vt 0.016000 0.365000 0.000000
vt -0.016000 0.365000 0.000000
vt 0.769500 0.000000 0.000000
vt 1.006000 0.000000 0.000000
vt 0.769500 0.070000 0.000000
vt 1.006000 0.070000 0.000000
vt -0.749500 0.000000 0.000000
vt -0.513000 0.000000 0.000000
vt -0.749500 0.070000 0.000000
vt -0.513000 0.070000 0.000000
vt -0.769500 0.070000 0.000000
vt -1.006000 0.070000 0.000000
vt -0.769500 0.000000 0.000000
vt -1.006000 0.000000 0.000000
vt 0.513000 0.000000 0.000000
vt 0.749500 0.000000 0.000000
vt 0.513000 0.070000 0.000000
vt 0.749500 0.070000 0.000000
vt 0.075000 0.503000 0.000000
vt 0.075000 0.266500 0.000000
vt 0.125000 0.466002 0.000000
vt 0.125000 0.303498 0.000000
vt 0.000000 0.254000 0.000000
vt 0.000000 0.184000 0.000000
vt 0.062200 0.254000 0.000000
vt 0.062200 0.000000 0.000000
vt 0.000000 0.000000 0.000000
vt 0.162504 0.254000 0.000000
vt 0.000000 0.254000 0.000000
vt 0.162504 0.000000 0.000000
vt 0.000000 0.000000 0.000000
vt 0.062200 0.254000 0.000000
vt 0.000000 0.254000 0.000000
vt 0.062200 0.184000 0.000000
vt 0.000000 0.000000 0.000000
vt 0.062200 0.000000 0.000000
vt 0.000000 0.254000 0.000000
vt 0.000000 0.184000 0.000000
vt 0.062200 0.254000 0.000000
vt 0.062200 0.000000 0.000000
vt 0.000000 0.000000 0.000000
vt 0.162504 0.254000 0.000000
vt 0.000000 0.254000 0.000000
vt 0.162504 0.000000 0.000000
vt 0.000000 0.000000 0.000000
vt 0.062200 0.254000 0.000000
vt 0.000000 0.254000 0.000000
vt 0.062200 0.184000 0.000000
vt 0.000000 0.000000 0.000000
vt 0.062200 0.000000 0.000000
vt 0.000000 0.254000 0.000000
vt 0.000000 0.184000 0.000000
vt 0.062200 0.254000 0.000000
vt 0.062200 0.000000 0.000000
vt 0.000000 0.000000 0.000000
vt 0.162504 0.254000 0.000000
vt 0.000000 0.254000 0.000000
vt 0.162504 0.000000 0.000000
vt 0.000000 0.000000 0.000000
vt 0.062200 0.254000 0.000000
vt 0.000000 0.254000 0.000000
vt 0.062200 0.184000 0.000000
vt 0.000000 0.000000 0.000000
vt 0.062200 0.000000 0.000000
vt 0.000000 0.254000 0.000000
vt 0.000000 0.184000 0.000000
vt 0.062200 0.254000 0.000000
vt 0.062200 0.000000 0.000000
vt 0.000000 0.000000 0.000000
vt 0.162504 0.254000 0.000000
vt 0.000000 0.254000 0.000000
vt 0.162504 0.000000 0.000000
vt 0.000000 0.000000 0.000000
vt 0.062200 0.254000 0.000000
vt 0.000000 0.254000 0.000000
vt 0.062200 0.184000 0.000000
vt 0.000000 0.000000 0.000000
vt 0.062200 0.000000 0.000000
vt 0.075000 0.246500 0.000000
vt 0.075000 0.010000 0.000000
vt 0.125000 0.209502 0.000000
vt 0.125000 0.046998 0.000000
vt -0.075000 0.246500 0.000000
vt -0.125000 0.209502 0.000000
vt -0.075000 0.010000 0.000000
vt -0.125000 0.046998 0.000000
vt -0.075000 0.503000 0.000000
vt -0.125000 0.466002 0.000000
vt -0.075000 0.266500 0.000000
vt -0.125000 0.303498 0.000000
vt 0.005000 0.000000 0.000000
vt 0.020000 0.000000 0.000000
vt 0.005000 0.184000 0.000000
vt 0.020000 0.184000 0.000000
vt 0.020000 0.184000 0.000000
vt 0.000000 0.184000 0.000000
vt 0.020000 0.000000 0.000000
vt 0.000000 0.000000 0.000000
vt 0.150000 0.184000 0.000000
vt -0.000000 0.184000 0.000000
vt 0.150000 0.000000 0.000000
vt 0.000000 0.000000 0.000000
vt 0.020000 0.184000 0.000000
vt 0.000000 0.184000 0.000000
vt 0.020000 0.000000 0.000000
vt 0.000000 0.000000 0.000000
vt 0.015000 0.184000 0.000000
vt -0.000000 0.184000 0.000000
vt 0.015000 0.000000 0.000000
vt 0.000000 0.000000 0.000000
vt -0.016000 0.056877 0.000000
vt -0.048000 0.056877 0.000000
vt -0.000000 0.000000 0.000000
vt -0.064000 0.000000 0.000000
vt -0.064000 0.000000 0.000000
vt -0.000000 0.000000 0.000000
vt -0.048000 0.056877 0.000000
vt -0.016000 0.056877 0.000000
vt -0.016000 0.056877 0.000000
vt -0.048000 0.056877 0.000000
vt -0.000000 0.000000 0.000000
vt -0.064000 0.000000 0.000000
vt -0.016000 0.056877 0.000000
vt -0.048000 0.056877 0.000000
vt -0.000000 0.000000 0.000000
vt -0.064000 0.000000 0.000000
vt -0.016000 0.056877 0.000000
vt -0.048000 0.056877 0.000000
vt -0.000000 0.000000 0.000000
vt -0.064000 0.000000 0.000000
vt -0.064000 0.000000 0.000000
vt -0.000000 0.000000 0.000000
vt -0.048000 0.056877 0.000000
vt -0.016000 0.056877 0.000000
vt -0.016000 0.056877 0.000000
vt -0.048000 0.056877 0.000000
vt -0.000000 0.000000 0.000000
vt -0.064000 -0.000000 0.000000
vt -0.016000 0.056877 0.000000
vt -0.048000 0.056877 0.000000
vt -0.000000 0.000000 0.000000
vt -0.064000 0.000000 0.000000
vt 0.413000 0.056877 0.000000
vt 0.349000 0.056877 0.000000
vt 0.397000 -0.000000 0.000000
vt 0.365000 -0.000000 0.000000
vt -0.016000 0.000000 0.000000
vt 0.016000 0.000000 0.000000
vt -0.032000 0.056877 0.000000
vt 0.032000 0.056877 0.000000
vt 0.032000 0.056877 0.000000
vt -0.032000 0.056877 0.000000
vt 0.016000 0.000000 0.000000
vt -0.016000 0.000000 0.000000
vt -0.349000 0.056877 0.000000
vt -0.413000 0.056877 0.000000
vt -0.365000 0.000000 0.000000
vt -0.397000 0.000000 0.000000
vt 0.159000 0.056877 0.000000
vt 0.095000 0.056877 0.000000
vt 0.143000 0.000000 0.000000
vt 0.111000 0.000000 0.000000
vt -0.016000 0.000000 0.000000
vt 0.016000 -0.000000 0.000000
vt -0.032000 0.056877 0.000000
vt 0.032000 0.056877 0.000000
vt 0.032000 0.056877 0.000000
vt -0.032000 0.056877 0.000000
vt 0.016000 0.000000 0.000000
vt -0.016000 0.000000 0.000000
vt -0.095000 0.056877 0.000000
vt -0.159000 0.056877 0.000000
vt -0.111000 -0.000000 0.000000
vt -0.143000 -0.000000 0.000000
vt 0.016000 0.143000 0.000000
vt -0.016000 0.143000 0.000000
vt 0.016000 0.111000 0.000000
vt -0.016000 0.111000 0.000000
vt -0.064000 0.054580 0.000000
vt -0.000000 0.054580 0.000000
vt -0.064000 0.566000 0.000000
vt -0.000000 0.566000 0.000000
vt -0.064000 0.054580 0.000000
vt -0.000000 0.054580 0.000000
vt -0.064000 0.566000 0.000000
vt -0.000000 0.566000 0.000000
vt -0.064000 0.054580 0.000000
vt -0.000000 0.054580 0.000000
vt -0.064000 0.566000 0.000000
vt -0.000000 0.566000 0.000000
vt -0.064000 0.054580 0.000000
vt -0.000000 0.054580 0.000000
vt -0.064000 0.566000 0.000000
vt -0.000000 0.566000 0.000000
vt -0.000000 1.045420 0.000000
vt -0.064000 1.045420 0.000000
vt -0.000000 0.750000 0.000000
vt -0.064000 0.750000 0.000000
vt -0.000000 1.045420 0.000000
vt -0.064000 1.045420 0.000000
vt -0.000000 0.750000 0.000000
vt -0.064000 0.750000 0.000000
vt -0.000000 1.045420 0.000000
vt -0.064000 1.045420 0.000000
vt -0.000000 0.750000 0.000000
vt -0.064000 0.750000 0.000000
vt -0.000000 1.045420 0.000000
vt -0.064000 1.045420 0.000000
vt -0.000000 0.750000 0.000000
vt -0.064000 0.750000 0.000000
vt 0.016000 0.143000 0.000000
vt -0.016000 0.143000 0.000000
vt 0.016000 0.111000 0.000000
vt -0.016000 0.111000 0.000000
vt 0.016000 0.397000 0.000000
vt -0.016000 0.397000 0.000000
vt 0.016000 0.365000 0.000000
vt -0.016000 0.365000 0.000000
vt -0.064000 0.054580 0.000000
vt -0.000000 0.054580 0.000000
vt -0.064000 0.566000 0.000000
vt -0.000000 0.566000 0.000000
vt -0.064000 0.054580 0.000000
vt -0.000000 0.054580 0.000000
vt -0.064000 0.566000 0.000000
vt -0.000000 0.566000 0.000000
vt -0.064000 0.054580 0.000000
vt -0.000000 0.054580 0.000000
vt -0.064000 0.566000 0.000000
vt -0.000000 0.566000 0.000000
vt -0.064000 0.054580 0.000000
vt -0.000000 0.054580 0.000000
vt -0.064000 0.566000 0.000000
vt -0.000000 0.566000 0.000000
vt -0.000000 1.045420 0.000000
vt -0.064000 1.045420 0.000000
vt -0.000000 0.750000 0.000000
vt -0.064000 0.750000 0.000000
vt -0.000000 1.045420 0.000000
vt -0.064000 1.045420 0.000000
vt -0.000000 0.750000 0.000000
vt -0.064000 0.750000 0.000000
vt -0.000000 1.045420 0.000000
vt -0.064000 1.045420 0.000000
vt -0.000000 0.750000 0.000000
vt -0.064000 0.750000 0.000000
vt -0.000000 1.045420 0.000000
vt -0.064000 1.045420 0.000000
vt -0.000000 0.750000 0.000000
vt -0.064000 0.750000 0.000000
vt 0.016000 0.397000 0.000000
vt -0.016000 0.397000 0.000000
vt 0.016000 0.365000 0.000000
vt -0.016000 0.365000 0.000000
vt 0.769500 0.000000 0.000000
vt 1.006000 0.000000 0.000000
vt 0.769500 0.070000 0.000000
vt 1.006000 0.070000 0.000000
vt -0.749500 0.000000 0.000000
vt -0.513000 0.000000 0.000000
vt -0.749500 0.070000 0.000000
vt -0.513000 0.070000 0.000000
vt -0.769500 0.070000 0.000000
vt -1.006000 0.070000 0.000000
vt -0.769500 0.000000 0.000000
vt -1.006000 0.000000 0.000000
vt 0.513000 0.000000 0.000000
vt 0.749500 0.000000 0.000000
vt 0.513000 0.070000 0.000000
vt 0.749500 0.070000 0.000000
vt 0.075000 0.503000 0.000000
vt 0.075000 0.266500 0.000000
vt 0.125000 0.466002 0.000000
vt 0.125000 0.303498 0.000000
vt 0.000000 0.254000 0.000000
vt 0.000000 0.184000 0.000000
vt 0.062200 0.254000 0.000000
vt 0.062200 0.000000 0.000000
vt 0.000000 0.000000 0.000000
vt 0.162504 0.254000 0.000000
vt 0.000000 0.254000 0.000000
vt 0.162504 0.000000 0.000000
vt 0.000000 0.000000 0.000000
vt 0.062200 0.254000 0.000000
vt 0.000000 0.254000 0.000000
vt 0.062200 0.184000 0.000000
vt 0.000000 0.000000 0.000000
vt 0.062200 0.000000 0.000000
vt 0.000000 0.254000 0.000000
vt 0.000000 0.184000 0.000000
vt 0.062200 0.254000 0.000000
vt 0.062200 0.000000 0.000000
vt 0.000000 0.000000 0.000000
vt 0.162504 0.254000 0.000000
vt 0.000000 0.254000 0.000000
vt 0.162504 0.000000 0.000000
vt 0.000000 0.000000 0.000000
vt 0.062200 0.254000 0.000000
vt 0.000000 0.254000 0.000000
vt 0.062200 0.184000 0.000000
vt 0.000000 0.000000 0.000000
vt 0.062200 0.000000 0.000000
vt 0.000000 0.254000 0.000000
vt 0.000000 0.184000 0.000000
vt 0.062200 0.254000 0.000000
vt 0.062200 0.000000 0.000000
vt 0.000000 0.000000 0.000000
vt 0.162504 0.254000 0.000000
vt 0.000000 0.254000 0.000000
vt 0.162504 0.000000 0.000000
vt 0.000000 0.000000 0.000000
vt 0.062200 0.254000 0.000000
vt 0.000000 0.254000 0.000000
vt 0.062200 0.184000 0.000000
vt 0.000000 0.000000 0.000000
vt 0.062200 0.000000 0.000000
vt 0.000000 0.254000 0.000000
vt 0.000000 0.184000 0.000000
vt 0.062200 0.254000 0.000000
vt 0.062200 0.000000 0.000000
vt 0.000000 0.000000 0.000000
vt 0.162504 0.254000 0.000000
vt 0.000000 0.254000 0.000000
vt 0.162504 0.000000 0.000000
vt 0.000000 0.000000 0.000000
vt 0.062200 0.254000 0.000000
vt 0.000000 0.254000 0.000000
vt 0.062200 0.184000 0.000000
vt 0.000000 0.000000 0.000000
vt 0.062200 0.000000 0.000000
vt 0.075000 0.246500 0.000000
vt 0.075000 0.010000 0.000000
vt 0.125000 0.209502 0.000000
vt 0.125000 0.046998 0.000000
vt -0.075000 0.246500 0.000000
vt -0.125000 0.209502 0.000000
vt -0.075000 0.010000 0.000000
vt -0.125000 0.046998 0.000000
vt -0.075000 0.503000 0.000000
vt -0.125000 0.466002 0.000000
vt -0.075000 0.266500 0.000000
vt -0.125000 0.303498 0.000000
vt 0.020000 0.184000 0.000000
vt 0.000000 0.184000 0.000000
vt 0.020000 0.000000 0.000000
vt 0.000000 0.000000 0.000000
vt 0.020000 0.184000 0.000000
vt 0.000000 0.184000 0.000000
vt 0.020000 0.000000 0.000000
vt 0.000000 0.000000 0.000000
vt -0.032000 -0.095000 0.000000
vt -0.075000 -0.010000 0.000000
vt -0.032000 -0.159000 0.000000
vt -0.075000 -0.246500 0.000000
vt 0.075000 -0.246500 0.000000
vt -0.032000 0.095000 0.000000
vt 0.032000 -0.095000 0.000000
vt 0.032000 0.095000 0.000000
vt 0.075000 -0.010000 0.000000
vt 0.075000 0.010000 0.000000
vt 0.032000 -0.159000 0.000000
vt 0.032000 0.159000 0.000000
vt 0.075000 0.246500 0.000000
vt 0.032000 0.349000 0.000000
vt 0.075000 0.266500 0.000000
vt 0.032000 0.413000 0.000000
vt 0.075000 0.503000 0.000000
vt 0.032000 0.603000 0.000000
vt 0.075000 0.518000 0.000000
vt 0.032000 0.667000 0.000000
vt 0.075000 0.754500 0.000000
vt 0.032000 0.857000 0.000000
vt 0.075000 0.774500 0.000000
vt 0.032000 0.921000 0.000000
vt 0.075000 1.011000 0.000000
vt -0.075000 1.011000 0.000000
vt -0.032000 0.921000 0.000000
vt -0.075000 0.774500 0.000000
vt -0.032000 0.857000 0.000000
vt -0.075000 0.754500 0.000000
vt -0.032000 0.667000 0.000000
vt -0.075000 0.518000 0.000000
vt -0.032000 0.603000 0.000000
vt -0.075000 0.503000 0.000000
vt -0.032000 0.413000 0.000000
vt -0.075000 0.266500 0.000000
vt -0.032000 0.349000 0.000000
vt -0.075000 0.246500 0.000000
vt -0.032000 0.159000 0.000000
vt -0.075000 0.010000 0.000000
vt 0.075000 -0.246500 0.000000
vt -0.032000 -0.159000 0.000000
vt -0.075000 -0.246500 0.000000
vt -0.075000 -0.010000 0.000000
vt -0.125000 -0.209502 0.000000
vt -0.125000 -0.046998 0.000000
vt 0.125000 -0.209502 0.000000
vt 0.125000 -0.046998 0.000000
vt 0.075000 -0.010000 0.000000
vt 0.032000 -0.159000 0.000000
vt 0.032000 -0.095000 0.000000
vt 0.032000 0.095000 0.000000
vt -0.032000 0.095000 0.000000
vt 0.075000 0.010000 0.000000
vt 0.032000 0.159000 0.000000
vt 0.075000 0.246500 0.000000
vt 0.032000 0.349000 0.000000
vt 0.075000 0.266500 0.000000
vt 0.032000 0.413000 0.000000
vt 0.075000 0.503000 0.000000
vt 0.032000 0.603000 0.000000
vt 0.075000 0.518000 0.000000
vt 0.032000 0.667000 0.000000
vt 0.075000 0.754500 0.000000
vt 0.032000 0.857000 0.000000
vt 0.075000 0.774500 0.000000
vt 0.032000 0.921000 0.000000
vt 0.075000 1.011000 0.000000
vt -0.075000 1.011000 0.000000
vt 0.125000 0.046998 0.000000
vt 0.125000 0.209502 0.000000
vt 0.125000 0.303498 0.000000
vt 0.125000 0.466002 0.000000
vt 0.125000 0.554998 0.000000
vt 0.125000 0.717502 0.000000
vt 0.125000 0.811498 0.000000
vt 0.125000 0.974002 0.000000
vt -0.125000 0.974002 0.000000
vt -0.125000 0.811498 0.000000
vt -0.075000 0.774500 0.000000
vt -0.032000 0.921000 0.000000
vt -0.032000 0.857000 0.000000
vt -0.075000 0.754500 0.000000
vt -0.032000 0.667000 0.000000
vt -0.075000 0.518000 0.000000
vt -0.032000 0.603000 0.000000
vt -0.075000 0.503000 0.000000
vt -0.032000 0.413000 0.000000
vt -0.075000 0.266500 0.000000
vt -0.032000 0.349000 0.000000
vt -0.075000 0.246500 0.000000
vt -0.032000 0.159000 0.000000
vt -0.075000 0.010000 0.000000
vt -0.032000 -0.095000 0.000000
vt -0.125000 0.717502 0.000000
vt -0.125000 0.554998 0.000000
vt -0.125000 0.466002 0.000000
vt -0.125000 0.303498 0.000000
vt -0.125000 0.209502 0.000000
vt -0.125000 0.046998 0.000000
vt 0.075000 0.200000 0.000000
vt -0.075000 0.200000 0.000000
vt 0.075000 0.016000 0.000000
vt -0.075000 0.016000 0.000000
vn 0.000000 -1.000000 -0.000000
vn 0.000000 -1.000000 -0.000000
vn 0.000000 -1.000000 -0.000000
vn 0.000000 -1.000000 -0.000000
vn -0.000000 1.000000 0.000000
vn -0.000000 1.000000 0.000000
vn -0.000000 1.000000 0.000000
vn -0.000000 1.000000 0.000000
vn 0.000000 -0.000000 1.000000
vn 0.000000 -0.000000 1.000000
vn 0.000000 -0.000000 1.000000
vn 0.000000 -0.000000 1.000000
vn 0.000000 -0.000000 1.000000
vn 0.000000 -0.000000 1.000000
vn 0.000000 -0.000000 1.000000
vn 0.000000 -0.000000 1.000000
vn -0.803857 0.594823 0.000000
vn -0.803857 0.594823 0.000000
vn -0.803857 0.594823 0.000000
vn -0.803857 0.594823 0.000000
vn -0.803857 0.594823 0.000000
vn 0.000000 1.000000 0.000000
vn 0.000000 1.000000 0.000000
vn 0.000000 1.000000 0.000000
vn 0.000000 1.000000 0.000000
vn 0.803857 0.594823 0.000000
vn 0.803857 0.594823 0.000000
vn 0.803857 0.594823 0.000000
vn 0.803857 0.594823 0.000000
vn 0.803857 0.594823 0.000000
vn 0.803857 -0.594823 -0.000000
vn 0.803857 -0.594823 -0.000000
vn 0.803857 -0.594823 -0.000000
vn 0.803857 -0.594823 -0.000000
vn 0.803857 -0.594823 -0.000000
vn 0.000000 -1.000000 -0.000000
vn 0.000000 -1.000000 -0.000000
vn 0.000000 -1.000000 -0.000000
vn 0.000000 -1.000000 -0.000000
vn -0.803857 -0.594823 -0.000000
vn -0.803857 -0.594823 -0.000000
vn -0.803857 -0.594823 -0.000000
vn -0.803857 -0.594823 -0.000000
vn -0.803857 -0.594823 -0.000000
vn 0.000000 -1.000000 -0.000000
vn 0.000000 -1.000000 -0.000000
vn 0.000000 -1.000000 -0.000000
vn 0.000000 -1.000000 -0.000000
vn -0.000000 1.000000 0.000000
vn -0.000000 1.000000 0.000000
vn -0.000000 1.000000 0.000000
vn -0.000000 1.000000 0.000000
vn 0.000000 -0.000000 1.000000
vn 0.000000 -0.000000 1.000000
vn 0.000000 -0.000000 1.000000
vn 0.000000 -0.000000 1.000000
vn 0.000000 -1.000000 -0.000000
vn 0.000000 -1.000000 -0.000000
vn 0.000000 -1.000000 -0.000000
vn 0.000000 -1.000000 -0.000000
vn 1.000000 -0.000000 -0.000000
vn 1.000000 -0.000000 -0.000000
vn 1.000000 -0.000000 -0.000000
vn 1.000000 -0.000000 -0.000000
vn -0.000000 1.000000 0.000000
vn -0.000000 1.000000 0.000000
vn -0.000000 1.000000 0.000000
vn -0.000000 1.000000 0.000000
vn -1.000000 0.000000 0.000000
vn -1.000000 0.000000 0.000000
vn -1.000000 0.000000 0.000000
vn -1.000000 0.000000 0.000000
vn -1.000000 0.000000 0.000000
vn -1.000000 0.000000 0.000000
vn -1.000000 0.000000 0.000000
vn -1.000000 0.000000 0.000000
vn 1.000000 -0.000000 -0.000000
vn 1.000000 -0.000000 -0.000000
vn 1.000000 -0.000000 -0.000000
vn 1.000000 -0.000000 -0.000000
vn -0.000000 1.000000 0.000000
vn -0.000000 1.000000 0.000000
vn -0.000000 1.000000 0.000000
vn -0.000000 1.000000 0.000000
vn 0.000000 -1.000000 -0.000000
vn 0.000000 -1.000000 -0.000000
vn 0.000000 -1.000000 -0.000000
vn 0.000000 -1.000000 -0.000000
vn -0.000000 0.000000 -1.000000
vn -0.000000 0.000000 -1.000000
vn -0.000000 0.000000 -1.000000
vn -0.000000 0.000000 -1.000000
vn -0.000000 0.959617 -0.281310
vn -0.000000 0.959617 -0.281310
vn -0.000000 0.959617 -0.281310
vn -0.000000 0.959617 -0.281310
vn 0.959617 0.000000 -0.281310
vn 0.959617 0.000000 -0.281310
vn 0.959617 0.000000 -0.281310
vn 0.959617 0.000000 -0.281310
vn -0.959617 0.000000 -0.281310
vn -0.959617 0.000000 -0.281310
vn -0.959617 0.000000 -0.281310
vn -0.959617 0.000000 -0.281310
vn 0.000000 -0.959617 -0.281310
vn 0.000000 -0.959617 -0.281310
vn 0.000000 -0.959617 -0.281310
vn 0.000000 -0.959617 -0.281310
vn 0.000000 -0.959617 0.281310
vn 0.000000 -0.959617 0.281310
vn 0.000000 -0.959617 0.281310
vn 0.000000 -0.959617 0.281310
vn -0.959617 0.000000 0.281310
vn -0.959617 0.000000 0.281310
vn -0.959617 0.000000 0.281310
vn -0.959617 0.000000 0.281310
vn 0.959617 -0.000000 0.281310
vn 0.959617 -0.000000 0.281310
vn 0.959617 -0.000000 0.281310
vn 0.959617 -0.000000 0.281310
vn -0.000000 0.959617 0.281310
vn -0.000000 0.959617 0.281310
vn -0.000000 0.959617 0.281310
vn -0.000000 0.959617 0.281310
vn -0.000000 0.959617 0.281310
vn -0.000000 0.959617 0.281310
vn -0.000000 0.959617 0.281310
vn -0.000000 0.959617 0.281310
vn 0.959617 -0.000000 0.281310
vn 0.959617 -0.000000 0.281310
vn 0.959617 -0.000000 0.281310
vn 0.959617 -0.000000 0.281310
vn -0.959617 -0.000000 0.281310
vn -0.959617 -0.000000 0.281310
vn -0.959617 -0.000000 0.281310
vn -0.959617 -0.000000 0.281310
vn 0.000000 -0.959617 0.281310
vn 0.000000 -0.959617 0.281310
vn 0.000000 -0.959617 0.281310
vn 0.000000 -0.959617 0.281310
vn -0.000000 0.959617 0.281310
vn -0.000000 0.959617 0.281310
vn -0.000000 0.959617 0.281310
vn -0.000000 0.959617 0.281310
vn 0.959617 -0.000000 0.281310
vn 0.959617 -0.000000 0.281310
vn 0.959617 -0.000000 0.281310
vn 0.959617 -0.000000 0.281310
vn -0.959617 0.000000 0.281310
vn -0.959617 0.000000 0.281310
vn -0.959617 0.000000 0.281310
vn -0.959617 0.000000 0.281310
vn 0.000000 -0.959617 0.281310
vn 0.000000 -0.959617 0.281310
vn 0.000000 -0.959617 0.281310
vn 0.000000 -0.959617 0.281310
vn 0.000000 -0.959617 -0.281310
vn 0.000000 -0.959617 -0.281310
vn 0.000000 -0.959617 -0.281310
vn 0.000000 -0.959617 -0.281310
vn -0.959617 0.000000 -0.281310
vn -0.959617 0.000000 -0.281310
vn -0.959617 0.000000 -0.281310
vn -0.959617 0.000000 -0.281310
vn 0.959617 0.000000 -0.281310
vn 0.959617 0.000000 -0.281310
vn 0.959617 0.000000 -0.281310
vn 0.959617 0.000000 -0.281310
vn -0.000000 0.959617 -0.281310
vn -0.000000 0.959617 -0.281310
vn -0.000000 0.959617 -0.281310
vn -0.000000 0.959617 -0.281310
vn 0.000000 -0.959617 -0.281310
vn 0.000000 -0.959617 -0.281310
vn 0.000000 -0.959617 -0.281310
vn 0.000000 -0.959617 -0.281310
vn -0.959617 0.000000 -0.281310
vn -0.959617 0.000000 -0.281310
vn -0.959617 0.000000 -0.281310
vn -0.959617 0.000000 -0.281310
vn 0.959617 0.000000 -0.281310
vn 0.959617 0.000000 -0.281310
vn 0.959617 0.000000 -0.281310
vn 0.959617 0.000000 -0.281310
vn -0.000000 0.959617 -0.281310
vn -0.000000 0.959617 -0.281310
vn -0.000000 0.959617 -0.281310
vn -0.000000 0.959617 -0.281310
vn -0.000000 0.000000 -1.000000
vn -0.000000 0.000000 -1.000000
vn -0.000000 0.000000 -1.000000
vn -0.000000 0.000000 -1.000000
vn 0.000000 -1.000000 -0.000000
vn 0.000000 -1.000000 -0.000000
vn 0.000000 -1.000000 -0.000000
vn 0.000000 -1.000000 -0.000000
vn -0.000000 1.000000 0.000000
vn -0.000000 1.000000 0.000000
vn -0.000000 1.000000 0.000000
vn -0.000000 1.000000 0.000000
vn 1.000000 -0.000000 -0.000000
vn 1.000000 -0.000000 -0.000000
vn 1.000000 -0.000000 -0.000000
vn 1.000000 -0.000000 -0.000000
vn -1.000000 0.000000 0.000000
vn -1.000000 0.000000 0.000000
vn -1.000000 0.000000 0.000000
vn -1.000000 0.000000 0.000000
vn -1.000000 0.000000 0.000000
vn -1.000000 0.000000 0.000000
vn -1.000000 0.000000 0.000000
vn -1.000000 0.000000 0.000000
vn -0.000000 1.000000 0.000000
vn -0.000000 1.000000 0.000000
vn -0.000000 1.000000 0.000000
vn -0.000000 1.000000 0.000000
vn 1.000000 -0.000000 -0.000000
vn 1.000000 -0.000000 -0.000000
vn 1.000000 -0.000000 -0.000000
vn 1.000000 -0.000000 -0.000000
vn 0.000000 -1.000000 -0.000000
vn 0.000000 -1.000000 -0.000000
vn 0.000000 -1.000000 -0.000000
vn 0.000000 -1.000000 -0.000000
vn 0.000000 -0.000000 1.000000
vn 0.000000 -0.000000 1.000000
vn 0.000000 -0.000000 1.000000
vn 0.000000 -0.000000 1.000000
vn -0.000000 0.000000 -1.000000
vn -0.000000 0.000000 -1.000000
vn -0.000000 0.000000 -1.000000
vn -0.000000 0.000000 -1.000000
vn 0.000000 -1.000000 -0.000000
vn 0.000000 -1.000000 -0.000000
vn 0.000000 -1.000000 -0.000000
vn 0.000000 -1.000000 -0.000000
vn -0.000000 1.000000 0.000000
vn -0.000000 1.000000 0.000000
vn -0.000000 1.000000 0.000000
vn -0.000000 1.000000 0.000000
vn 1.000000 -0.000000 -0.000000
vn 1.000000 -0.000000 -0.000000
vn 1.000000 -0.000000 -0.000000
vn 1.000000 -0.000000 -0.000000
vn -1.000000 0.000000 0.000000
vn -1.000000 0.000000 0.000000
vn -1.000000 0.000000 0.000000
vn -1.000000 0.000000 0.000000
vn -1.000000 0.000000 0.000000
vn -1.000000 0.000000 0.000000
vn -1.000000 0.000000 0.000000
vn -1.000000 0.000000 0.000000
vn -0.000000 1.000000 0.000000
vn -0.000000 1.000000 0.000000
vn -0.000000 1.000000 0.000000
vn -0.000000 1.000000 0.000000
vn 1.000000 -0.000000 -0.000000
vn 1.000000 -0.000000 -0.000000
vn 1.000000 -0.000000 -0.000000
vn 1.000000 -0.000000 -0.000000
vn 0.000000 -1.000000 -0.000000
vn 0.000000 -1.000000 -0.000000
vn 0.000000 -1.000000 -0.000000
vn 0.000000 -1.000000 -0.000000
vn 0.000000 -0.000000 1.000000
vn 0.000000 -0.000000 1.000000
vn 0.000000 -0.000000 1.000000
vn 0.000000 -0.000000 1.000000
vn 0.000000 -1.000000 -0.000000
vn 0.000000 -1.000000 -0.000000
vn 0.000000 -1.000000 -0.000000
vn 0.000000 -1.000000 -0.000000
vn -0.000000 1.000000 0.000000
vn -0.000000 1.000000 0.000000
vn -0.000000 1.000000 0.000000
vn -0.000000 1.000000 0.000000
vn -0.000000 1.000000 0.000000
vn -0.000000 1.000000 0.000000
vn -0.000000 1.000000 0.000000
vn -0.000000 1.000000 0.000000
vn 0.000000 -1.000000 -0.000000
vn 0.000000 -1.000000 -0.000000
vn 0.000000 -1.000000 -0.000000
vn 0.000000 -1.000000 -0.000000
vn 0.000000 -0.000000 1.000000
vn 0.000000 -0.000000 1.000000
vn 0.000000 -0.000000 1.000000
vn 0.000000 -0.000000 1.000000
vn -0.803857 -0.594823 -0.000000
vn -0.803857 -0.594823 -0.000000
vn -0.803857 -0.594823 -0.000000
vn -0.803857 -0.594823 -0.000000
vn -0.803857 -0.594823 -0.000000
vn -0.000000 -1.000000 -0.000000
vn -0.000000 -1.000000 -0.000000
vn -0.000000 -1.000000 -0.000000
vn -0.000000 -1.000000 -0.000000
vn 0.803857 -0.594823 -0.000000
vn 0.803857 -0.594823 -0.000000
vn 0.803857 -0.594823 -0.000000
vn 0.803857 -0.594823 -0.000000
vn 0.803857 -0.594823 -0.000000
vn -0.803857 -0.594823 -0.000000
vn -0.803857 -0.594823 -0.000000
vn -0.803857 -0.594823 -0.000000
vn -0.803857 -0.594823 -0.000000
vn -0.803857 -0.594823 -0.000000
vn 0.000000 -1.000000 -0.000000
vn 0.000000 -1.000000 -0.000000
vn 0.000000 -1.000000 -0.000000
vn 0.000000 -1.000000 -0.000000
vn 0.803857 -0.594823 -0.000000
vn 0.803857 -0.594823 -0.000000
vn 0.803857 -0.594823 -0.000000
vn 0.803857 -0.594823 -0.000000
vn 0.803857 -0.594823 -0.000000
vn 0.803857 0.594823 0.000000
vn 0.803857 0.594823 0.000000
vn 0.803857 0.594823 0.000000
vn 0.803857 0.594823 0.000000
vn 0.803857 0.594823 0.000000
vn 0.000000 1.000000 0.000000
vn 0.000000 1.000000 0.000000
vn 0.000000 1.000000 0.000000
vn 0.000000 1.000000 0.000000
vn -0.803857 0.594823 0.000000
vn -0.803857 0.594823 0.000000
vn -0.803857 0.594823 0.000000
vn -0.803857 0.594823 0.000000
vn -0.803857 0.594823 0.000000
vn 0.803857 0.594823 0.000000
vn 0.803857 0.594823 0.000000
vn 0.803857 0.594823 0.000000
vn 0.803857 0.594823 0.000000
vn 0.803857 0.594823 0.000000
vn -0.000000 1.000000 0.000000
vn -0.000000 1.000000 0.000000
vn -0.000000 1.000000 0.000000
vn -0.000000 1.000000 0.000000
vn -0.803857 0.594823 0.000000
vn -0.803857 0.594823 0.000000
vn -0.803857 0.594823 0.000000
vn -0.803857 0.594823 0.000000
vn -0.803857 0.594823 0.000000
vn 0.000000 -0.000000 1.000000
vn 0.000000 -0.000000 1.000000
vn 0.000000 -0.000000 1.000000
vn 0.000000 -0.000000 1.000000
vn 0.000000 -0.000000 1.000000
vn 0.000000 -0.000000 1.000000
vn 0.000000 -0.000000 1.000000
vn 0.000000 -0.000000 1.000000
vn 0.000000 -0.000000 1.000000
vn 0.000000 -0.000000 1.000000
vn 0.000000 -0.000000 1.000000
vn 0.000000 -0.000000 1.000000
vn 0.000000 -1.000000 -0.000000
vn 0.000000 -1.000000 -0.000000
vn 0.000000 -1.000000 -0.000000
vn 0.000000 -1.000000 -0.000000
vn 0.000000 -1.000000 -0.000000
vn 0.000000 -1.000000 -0.000000
vn 0.000000 -1.000000 -0.000000
vn 0.000000 -1.000000 -0.000000
vn 1.000000 -0.000000 -0.000000
vn 1.000000 -0.000000 -0.000000
vn 1.000000 -0.000000 -0.000000
vn 1.000000 -0.000000 -0.000000
vn -0.000000 1.000000 0.000000
vn -0.000000 1.000000 0.000000
vn -0.000000 1.000000 0.000000
vn -0.000000 1.000000 0.000000
vn -0.000000 1.000000 0.000000
vn -0.000000 1.000000 0.000000
vn -0.000000 1.000000 0.000000
vn -0.000000 1.000000 0.000000
vn -0.000000 0.959617 0.281310
vn -0.000000 0.959617 0.281310
vn -0.000000 0.959617 0.281310
vn -0.000000 0.959617 0.281310
vn 0.959617 -0.000000 0.281310
vn 0.959617 -0.000000 0.281310
vn 0.959617 -0.000000 0.281310
vn 0.959617 -0.000000 0.281310
vn -0.959617 -0.000000 0.281310
vn -0.959617 -0.000000 0.281310
vn -0.959617 -0.000000 0.281310
vn -0.959617 -0.000000 0.281310
vn 0.000000 -0.959617 0.281310
vn 0.000000 -0.959617 0.281310
vn 0.000000 -0.959617 0.281310
vn 0.000000 -0.959617 0.281310
vn -0.000000 0.959617 0.281310
vn -0.000000 0.959617 0.281310
vn -0.000000 0.959617 0.281310
vn -0.000000 0.959617 0.281310
vn 0.959617 -0.000000 0.281310
vn 0.959617 -0.000000 0.281310
vn 0.959617 -0.000000 0.281310
vn 0.959617 -0.000000 0.281310
vn -0.959617 0.000000 0.281310
vn -0.959617 0.000000 0.281310
vn -0.959617 0.000000 0.281310
vn -0.959617 0.000000 0.281310
vn 0.000000 -0.959617 0.281310
vn 0.000000 -0.959617 0.281310
vn 0.000000 -0.959617 0.281310
vn 0.000000 -0.959617 0.281310
vn 0.000000 -0.959617 -0.281310
vn 0.000000 -0.959617 -0.281310
vn 0.000000 -0.959617 -0.281310
vn 0.000000 -0.959617 -0.281310
vn -0.959617 0.000000 -0.281310
vn -0.959617 0.000000 -0.281310
vn -0.959617 0.000000 -0.281310
vn -0.959617 0.000000 -0.281310
vn 0.959617 0.000000 -0.281310
vn 0.959617 0.000000 -0.281310
vn 0.959617 0.000000 -0.281310
vn 0.959617 0.000000 -0.281310
vn -0.000000 0.959617 -0.281310
vn -0.000000 0.959617 -0.281310
vn -0.000000 0.959617 -0.281310
vn -0.000000 0.959617 -0.281310
vn 0.000000 -0.959617 -0.281310
vn 0.000000 -0.959617 -0.281310
vn 0.000000 -0.959617 -0.281310
vn 0.000000 -0.959617 -0.281310
vn -0.959617 0.000000 -0.281310
vn -0.959617 0.000000 -0.281310
vn -0.959617 0.000000 -0.281310
vn -0.959617 0.000000 -0.281310
vn 0.959617 0.000000 -0.281310
vn 0.959617 0.000000 -0.281310
vn 0.959617 0.000000 -0.281310
vn 0.959617 0.000000 -0.281310
vn -0.000000 0.959617 -0.281310
vn -0.000000 0.959617 -0.281310
vn -0.000000 0.959617 -0.281310
vn -0.000000 0.959617 -0.281310
vn -0.000000 0.000000 -1.000000
vn -0.000000 0.000000 -1.000000
vn -0.000000 0.000000 -1.000000
vn -0.000000 0.000000 -1.000000
vn 0.000000 -1.000000 -0.000000
vn 0.000000 -1.000000 -0.000000
vn 0.000000 -1.000000 -0.000000
vn 0.000000 -1.000000 -0.000000
vn -0.000000 1.000000 0.000000
vn -0.000000 1.000000 0.000000
vn -0.000000 1.000000 0.000000
vn -0.000000 1.000000 0.000000
vn 1.000000 -0.000000 -0.000000
vn 1.000000 -0.000000 -0.000000
vn 1.000000 -0.000000 -0.000000
vn 1.000000 -0.000000 -0.000000
vn -1.000000 0.000000 0.000000
vn -1.000000 0.000000 0.000000
vn -1.000000 0.000000 0.000000
vn -1.000000 0.000000 0.000000
vn -1.000000 0.000000 0.000000
vn -1.000000 0.000000 0.000000
vn -1.000000 0.000000 0.000000
vn -1.000000 0.000000 0.000000
vn -0.000000 1.000000 0.000000
vn -0.000000 1.000000 0.000000
vn -0.000000 1.000000 0.000000
vn -0.000000 1.000000 0.000000
vn 1.000000 -0.000000 -0.000000
vn 1.000000 -0.000000 -0.000000
vn 1.000000 -0.000000 -0.000000
vn 1.000000 -0.000000 -0.000000
vn 0.000000 -1.000000 -0.000000
vn 0.000000 -1.000000 -0.000000
vn 0.000000 -1.000000 -0.000000
vn 0.000000 -1.000000 -0.000000
vn 0.000000 -0.000000 1.000000
vn 0.000000 -0.000000 1.000000
vn 0.000000 -0.000000 1.000000
vn 0.000000 -0.000000 1.000000
vn -0.000000 0.000000 -1.000000
vn -0.000000 0.000000 -1.000000
vn -0.000000 0.000000 -1.000000
vn -0.000000 0.000000 -1.000000
vn 0.000000 -1.000000 -0.000000
vn 0.000000 -1.000000 -0.000000
vn 0.000000 -1.000000 -0.000000
vn 0.000000 -1.000000 -0.000000
vn -0.000000 1.000000 0.000000
vn -0.000000 1.000000 0.000000
vn -0.000000 1.000000 0.000000
vn -0.000000 1.000000 0.000000
vn 1.000000 -0.000000 -0.000000
vn 1.000000 -0.000000 -0.000000
vn 1.000000 -0.000000 -0.000000
vn 1.000000 -0.000000 -0.000000
vn -1.000000 0.000000 0.000000
vn -1.000000 0.000000 0.000000
vn -1.000000 0.000000 0.000000
vn -1.000000 0.000000 0.000000
vn -1.000000 0.000000 0.000000
vn -1.000000 0.000000 0.000000
vn -1.000000 0.000000 0.000000
vn -1.000000 0.000000 0.000000
vn -0.000000 1.000000 0.000000
vn -0.000000 1.000000 0.000000
vn -0.000000 1.000000 0.000000
vn -0.000000 1.000000 0.000000
vn 1.000000 -0.000000 -0.000000
vn 1.000000 -0.000000 -0.000000
vn 1.000000 -0.000000 -0.000000
vn 1.000000 -0.000000 -0.000000
vn 0.000000 -1.000000 -0.000000
vn 0.000000 -1.000000 -0.000000
vn 0.000000 -1.000000 -0.000000
vn 0.000000 -1.000000 -0.000000
vn 0.000000 -0.000000 1.000000
vn 0.000000 -0.000000 1.000000
vn 0.000000 -0.000000 1.000000
vn 0.000000 -0.000000 1.000000
vn 0.000000 -1.000000 -0.000000
vn 0.000000 -1.000000 -0.000000
vn 0.000000 -1.000000 -0.000000
vn 0.000000 -1.000000 -0.000000
vn -0.000000 1.000000 0.000000
vn -0.000000 1.000000 0.000000
vn -0.000000 1.000000 0.000000
vn -0.000000 1.000000 0.000000
vn -0.000000 1.000000 0.000000
vn -0.000000 1.000000 0.000000
vn -0.000000 1.000000 0.000000
vn -0.000000 1.000000 0.000000
vn 0.000000 -1.000000 -0.000000
vn 0.000000 -1.000000 -0.000000
vn 0.000000 -1.000000 -0.000000
vn 0.000000 -1.000000 -0.000000
vn 0.000000 -0.000000 1.000000
vn 0.000000 -0.000000 1.000000
vn 0.000000 -0.000000 1.000000
vn 0.000000 -0.000000 1.000000
vn -0.803857 -0.594823 -0.000000
vn -0.803857 -0.594823 -0.000000
vn -0.803857 -0.594823 -0.000000
vn -0.803857 -0.594823 -0.000000
vn -0.803857 -0.594823 -0.000000
vn -0.000000 -1.000000 -0.000000
vn -0.000000 -1.000000 -0.000000
vn -0.000000 -1.000000 -0.000000
vn -0.000000 -1.000000 -0.000000
vn 0.803857 -0.594823 -0.000000
vn 0.803857 -0.594823 -0.000000
vn 0.803857 -0.594823 -0.000000
vn 0.803857 -0.594823 -0.000000
vn 0.803857 -0.594823 -0.000000
vn -0.803857 -0.594823 -0.000000
vn -0.803857 -0.594823 -0.000000
vn -0.803857 -0.594823 -0.000000
vn -0.803857 -0.594823 -0.000000
vn -0.803857 -0.594823 -0.000000
vn 0.000000 -1.000000 -0.000000
vn 0.000000 -1.000000 -0.000000
vn 0.000000 -1.000000 -0.000000
vn 0.000000 -1.000000 -0.000000
vn 0.803857 -0.594823 -0.000000
vn 0.803857 -0.594823 -0.000000
vn 0.803857 -0.594823 -0.000000
vn 0.803857 -0.594823 -0.000000
vn 0.803857 -0.594823 -0.000000
vn 0.803857 0.594823 0.000000
vn 0.803857 0.594823 0.000000
vn 0.803857 0.594823 0.000000
vn 0.803857 0.594823 0.000000
vn 0.803857 0.594823 0.000000
vn 0.000000 1.000000 0.000000
vn 0.000000 1.000000 0.000000
vn 0.000000 1.000000 0.000000
vn 0.000000 1.000000 0.000000
vn -0.803857 0.594823 0.000000
vn -0.803857 0.594823 0.000000
vn -0.803857 0.594823 0.000000
vn -0.803857 0.594823 0.000000
vn -0.803857 0.594823 0.000000
vn 0.803857 0.594823 0.000000
vn 0.803857 0.594823 0.000000
vn 0.803857 0.594823 0.000000
vn 0.803857 0.594823 0.000000
vn 0.803857 0.594823 0.000000
vn -0.000000 1.000000 0.000000
vn -0.000000 1.000000 0.000000
vn -0.000000 1.000000 0.000000
vn -0.000000 1.000000 0.000000
vn -0.803857 0.594823 0.000000
vn -0.803857 0.594823 0.000000
vn -0.803857 0.594823 0.000000
vn -0.803857 0.594823 0.000000
vn -0.803857 0.594823 0.000000
vn 0.000000 -0.000000 1.000000
vn 0.000000 -0.000000 1.000000
vn 0.000000 -0.000000 1.000000
vn 0.000000 -0.000000 1.000000
vn 0.000000 -0.000000 1.000000
vn 0.000000 -0.000000 1.000000
vn 0.000000 -0.000000 1.000000
vn 0.000000 -0.000000 1.000000
vn 0.000000 -0.000000 1.000000
vn 0.000000 -0.000000 1.000000
vn 0.000000 -0.000000 1.000000
vn 0.000000 -0.000000 1.000000
vn 0.000000 -1.000000 -0.000000
vn 0.000000 -1.000000 -0.000000
vn 0.000000 -1.000000 -0.000000
vn 0.000000 -1.000000 -0.000000
vn -0.000000 1.000000 0.000000
vn -0.000000 1.000000 0.000000
vn -0.000000 1.000000 0.000000
vn -0.000000 1.000000 0.000000
vn 0.000000 -0.000000 1.000000
vn 0.000000 -0.000000 1.000000
vn 0.000000 -0.000000 1.000000
vn 0.000000 -0.000000 1.000000
vn 0.000000 -0.000000 1.000000
vn 0.000000 -0.000000 1.000000
vn 0.000000 -0.000000 1.000000
vn 0.000000 -0.000000 1.000000
vn 0.000000 -0.000000 1.000000
vn 0.000000 -0.000000 1.000000
vn 0.000000 -0.000000 1.000000
vn 0.000000 -0.000000 1.000000
vn 0.000000 -0.000000 1.000000
vn 0.000000 -0.000000 1.000000
vn 0.000000 -0.000000 1.000000
vn 0.000000 -0.000000 1.000000
vn 0.000000 -0.000000 1.000000
vn 0.000000 -0.000000 1.000000
vn 0.000000 -0.000000 1.000000
vn 0.000000 -0.000000 1.000000
vn 0.000000 -0.000000 1.000000
vn 0.000000 -0.000000 1.000000
vn 0.000000 -0.000000 1.000000
vn 0.000000 -0.000000 1.000000
vn 0.000000 -0.000000 1.000000
vn 0.000000 -0.000000 1.000000
vn 0.000000 -0.000000 1.000000
vn 0.000000 -0.000000 1.000000
vn 0.000000 -0.000000 1.000000
vn 0.000000 -0.000000 1.000000
vn 0.000000 -0.000000 1.000000
vn 0.000000 -0.000000 1.000000
vn 0.000000 -0.000000 1.000000
vn 0.000000 -0.000000 1.000000
vn 0.000000 -0.000000 1.000000
vn 0.000000 -0.000000 1.000000
vn 0.000000 -0.000000 1.000000
vn 0.000000 -0.000000 1.000000
vn 0.000000 -0.000000 1.000000
vn 0.000000 -0.000000 1.000000
vn -0.000000 0.000000 -1.000000
vn -0.000000 0.000000 -1.000000
vn -0.000000 0.000000 -1.000000
vn -0.000000 0.000000 -1.000000
vn -0.000000 0.000000 -1.000000
vn -0.000000 0.000000 -1.000000
vn -0.000000 0.000000 -1.000000
vn -0.000000 0.000000 -1.000000
vn -0.000000 0.000000 -1.000000
vn -0.000000 0.000000 -1.000000
vn -0.000000 0.000000 -1.000000
vn -0.000000 0.000000 -1.000000
vn -0.000000 0.000000 -1.000000
vn -0.000000 0.000000 -1.000000
vn -0.000000 0.000000 -1.000000
vn -0.000000 0.000000 -1.000000
vn -0.000000 0.000000 -1.000000
vn -0.000000 0.000000 -1.000000
vn -0.000000 0.000000 -1.000000
vn -0.000000 0.000000 -1.000000
vn -0.000000 0.000000 -1.000000
vn -0.000000 0.000000 -1.000000
vn -0.000000 0.000000 -1.000000
vn -0.000000 0.000000 -1.000000
vn -0.000000 0.000000 -1.000000
vn -0.000000 0.000000 -1.000000
vn -0.000000 0.000000 -1.000000
vn -0.000000 0.000000 -1.000000
vn -0.000000 0.000000 -1.000000
vn -0.000000 0.000000 -1.000000
vn -0.000000 0.000000 -1.000000
vn -0.000000 0.000000 -1.000000
vn -0.000000 0.000000 -1.000000
vn -0.000000 0.000000 -1.000000
vn -0.000000 0.000000 -1.000000
vn -0.000000 0.000000 -1.000000
vn -0.000000 0.000000 -1.000000
vn -0.000000 0.000000 -1.000000
vn -0.000000 0.000000 -1.000000
vn -0.000000 0.000000 -1.000000
vn -0.000000 0.000000 -1.000000
vn -0.000000 0.000000 -1.000000
vn -0.000000 0.000000 -1.000000
vn -0.000000 0.000000 -1.000000
vn -0.000000 0.000000 -1.000000
vn -0.000000 0.000000 -1.000000
vn -0.000000 0.000000 -1.000000
vn -0.000000 0.000000 -1.000000
vn -0.000000 0.000000 -1.000000
vn -0.000000 0.000000 -1.000000
vn -0.000000 0.000000 -1.000000
vn -0.000000 0.000000 -1.000000
vn -0.000000 0.000000 -1.000000
vn -0.000000 0.000000 -1.000000
vn -0.000000 0.000000 -1.000000
vn -0.000000 0.000000 -1.000000
vn -0.000000 0.000000 -1.000000
vn -0.000000 0.000000 -1.000000
vn -0.000000 0.000000 -1.000000
vn -0.000000 0.000000 -1.000000
vn -1.000000 0.000000 0.000000
vn -1.000000 0.000000 0.000000
vn -1.000000 0.000000 0.000000
vn -1.000000 0.000000 0.000000
usemtl Opaque(26,26,26)
f 1/1/1 2/2/2 4/3/3
f 4/3/3 2/2/2 3/4/4
f 5/5/5 6/6/6 8/7/7
f 8/7/7 6/6/6 7/8/8
f 10/9/9 11/10/10 9/11/11
f 9/11/11 11/10/10 12/12/12
f 13/13/13 14/14/14 16/15/15
f 16/15/15 14/14/14 15/16/16
f 9/17/17 12/18/18 19/19/19
f 19/19/19 12/18/18 17/20/20
f 19/19/19 17/20/20 18/21/21
f 12/22/22 11/23/23 17/24/24
f 17/24/24 11/23/23 20/25/25
f 10/26/26 7/27/27 11/28/28
f 11/28/28 7/27/27 20/29/29
f 20/29/29 7/27/27 6/30/30
f 13/31/31 16/32/32 2/33/33
f 2/33/33 16/32/32 21/34/34
f 2/33/33 21/34/34 3/35/35
f 16/36/36 15/37/37 21/38/38
f 21/38/38 15/37/37 22/39/39
f 14/40/40 23/41/41 15/42/42
f 15/42/42 23/41/41 22/43/43
f 22/43/43 23/41/41 24/44/44
f 19/45/45 7/46/46 9/47/47
f 9/47/47 7/46/46 10/48/48
f 2/49/49 23/50/50 13/51/51
f 13/51/51 23/50/50 14/52/52
usemtl Generic
f 25/53/53 26/54/54 28/55/55
f 28/55/55 26/54/54 27/56/56
f 30/57/57 31/58/58 29/59/59
f 29/59/59 31/58/58 32/60/60
f 34/61/61 30/62/62 33/63/63
f 33/63/63 30/62/62 29/64/64
f 36/65/65 34/66/66 35/67/67
f 35/67/67 34/66/66 33/68/68
f 31/69/69 36/70/70 32/71/71
f 32/71/71 36/70/70 35/72/72
f 38/73/73 39/74/74 37/75/75
f 37/75/75 39/74/74 40/76/76
f 42/77/77 43/78/78 41/79/79
f 41/79/79 43/78/78 44/80/80
f 43/81/81 38/82/82 44/83/83
f 44/83/83 38/82/82 37/84/84
f 39/85/85 42/86/86 40/87/87
f 40/87/87 42/86/86 41/88/88
f 45/89/89 46/90/90 48/91/91
f 48/91/91 46/90/90 47/92/92
f 38/93/93 43/94/94 48/95/95
f 48/95/95 43/94/94 45/96/96
f 43/97/97 42/98/98 45/99/99
f 45/99/99 42/98/98 46/100/100
f 48/101/101 47/102/102 38/103/103
f 38/103/103 47/102/102 39/104/104
f 42/105/105 39/106/106 46/107/107
f 46/107/107 39/106/106 47/108/108
f 25/109/109 28/110/110 30/111/111
f 30/111/111 28/110/110 31/112/112
f 28/113/113 27/114/114 31/115/115
f 31/115/115 27/114/114 36/116/116
f 30/117/117 34/118/118 25/119/119
f 25/119/119 34/118/118 26/120/120
f 27/121/121 26/122/122 36/123/123
f 36/123/123 26/122/122 34/124/124
f 50/125/125 51/126/126 49/127/127
f 49/127/127 51/126/126 52/128/128
f 54/129/129 52/130/130 53/131/131
f 53/131/131 52/130/130 51/132/132
f 56/133/133 50/134/134 55/135/135
f 55/135/135 50/134/134 49/136/136
f 53/137/137 56/138/138 54/139/139
f 54/139/139 56/138/138 55/140/140
f 58/141/141 59/142/142 57/143/143
f 57/143/143 59/142/142 60/144/144
f 62/145/145 60/146/146 61/147/147
f 61/147/147 60/146/146 59/148/148
f 64/149/149 58/150/150 63/151/151
f 63/151/151 58/150/150 57/152/152
f 61/153/153 64/154/154 62/155/155
f 62/155/155 64/154/154 63/156/156
f 66/157/157 67/158/158 65/159/159
f 65/159/159 67/158/158 68/160/160
f 70/161/161 68/162/162 69/163/163
f 69/163/163 68/162/162 67/164/164
f 72/165/165 66/166/166 71/167/167
f 71/167/167 66/166/166 65/168/168
f 69/169/169 72/170/170 70/171/171
f 70/171/171 72/170/170 71/172/172
f 74/173/173 75/174/174 73/175/175
f 73/175/175 75/174/174 76/176/176
f 78/177/177 76/178/178 77/179/179
f 77/179/179 76/178/178 75/180/180
f 80/181/181 74/182/182 79/183/183
f 79/183/183 74/182/182 73/184/184
f 77/185/185 80/186/186 78/187/187
f 78/187/187 80/186/186 79/188/188
f 79/189/189 73/190/190 78/191/191
f 78/191/191 73/190/190 76/192/192
f 75/193/193 74/194/194 81/195/195
f 81/195/195 74/194/194 82/196/196
f 80/197/197 77/198/198 83/199/199
f 83/199/199 77/198/198 84/200/200
f 74/201/201 80/202/202 82/203/203
f 82/203/203 80/202/202 83/204/204
f 77/205/205 75/206/206 84/207/207
f 84/207/207 75/206/206 81/208/208
f 63/209/209 57/210/210 85/211/211
f 85/211/211 57/210/210 86/212/212
f 57/213/213 60/214/214 86/215/215
f 86/215/215 60/214/214 87/216/216
f 60/217/217 62/218/218 87/219/219
f 87/219/219 62/218/218 88/220/220
f 62/221/221 63/222/222 88/223/223
f 88/223/223 63/222/222 85/224/224
f 61/225/225 59/226/226 64/227/227
f 64/227/227 59/226/226 58/228/228
f 71/229/229 65/230/230 70/231/231
f 70/231/231 65/230/230 68/232/232
f 67/233/233 66/234/234 89/235/235
f 89/235/235 66/234/234 90/236/236
f 72/237/237 69/238/238 91/239/239
f 91/239/239 69/238/238 92/240/240
f 66/241/241 72/242/242 90/243/243
f 90/243/243 72/242/242 91/244/244
f 69/245/245 67/246/246 92/247/247
f 92/247/247 67/246/246 89/248/248
f 55/249/249 49/250/250 93/251/251
f 93/251/251 49/250/250 94/252/252
f 49/253/253 52/254/254 94/255/255
f 94/255/255 52/254/254 95/256/256
f 52/257/257 54/258/258 95/259/259
f 95/259/259 54/258/258 96/260/260
f 54/261/261 55/262/262 96/263/263
f 96/263/263 55/262/262 93/264/264
f 53/265/265 51/266/266 56/267/267
f 56/267/267 51/266/266 50/268/268
usemtl Opaque(26,26,26)
f 98/269/269 99/270/270 97/271/271
f 97/271/271 99/270/270 100/272/272
f 102/273/273 103/274/274 101/275/275
f 101/275/275 103/274/274 104/276/276
f 106/277/277 107/278/278 105/279/279
f 105/279/279 107/278/278 108/280/280
f 110/281/281 111/282/282 109/283/283
f 109/283/283 111/282/282 112/284/284
f 107/285/285 106/286/286 114/287/287
f 114/287/287 106/286/286 113/288/288
f 104/289/289 103/290/290 115/291/291
f 115/291/291 103/290/290 117/292/292
f 117/292/292 103/290/290 116/293/293
f 118/294/294 115/295/295 119/296/296
f 119/296/296 115/295/295 117/297/297
f 101/298/298 118/299/299 102/300/300
f 102/300/300 118/299/299 119/301/301
f 102/300/300 119/301/301 120/302/302
f 106/303/303 105/304/304 113/305/305
f 113/305/305 105/304/304 122/306/306
f 122/306/306 105/304/304 121/307/307
f 114/308/308 113/309/309 123/310/310
f 123/310/310 113/309/309 122/311/311
f 107/312/312 114/313/313 108/314/314
f 108/314/314 114/313/313 123/315/315
f 108/314/314 123/315/315 124/316/316
f 100/317/317 99/318/318 125/319/319
f 125/319/319 99/318/318 127/320/320
f 127/320/320 99/318/318 126/321/321
f 128/322/322 125/323/323 129/324/324
f 129/324/324 125/323/323 127/325/325
f 97/326/326 128/327/327 98/328/328
f 98/328/328 128/327/327 129/329/329
f 98/328/328 129/329/329 130/330/330
f 112/331/331 111/332/332 131/333/333
f 131/333/333 111/332/332 133/334/334
f 133/334/334 111/332/332 132/335/335
f 134/336/336 131/337/337 135/338/338
f 135/338/338 131/337/337 133/339/339
f 109/340/340 134/341/341 110/342/342
f 110/342/342 134/341/341 135/343/343
f 110/342/342 135/343/343 136/344/344
f 101/345/345 104/346/346 118/347/347
f 118/347/347 104/346/346 115/348/348
f 112/349/349 131/350/350 109/351/351
f 109/351/351 131/350/350 134/352/352
f 100/353/353 125/354/354 97/355/355
f 97/355/355 125/354/354 128/356/356
f 137/357/357 116/358/358 138/359/359
f 138/359/359 116/358/358 103/360/360
f 105/361/361 102/362/362 121/363/363
f 121/363/363 102/362/362 120/364/364
f 99/365/365 108/366/366 126/367/367
f 126/367/367 108/366/366 124/368/368
f 111/369/369 98/370/370 132/371/371
f 132/371/371 98/370/370 130/372/372
f 139/373/373 110/374/374 140/375/375
f 140/375/375 110/374/374 136/376/376
usemtl Generic
f 142/377/377 143/378/378 141/379/379
f 141/379/379 143/378/378 144/380/380
f 146/381/381 144/382/382 145/383/383
f 145/383/383 144/382/382 143/384/384
f 148/385/385 142/386/386 147/387/387
f 147/387/387 142/386/386 141/388/388
f 145/389/389 148/390/390 146/391/391
f 146/391/391 148/390/390 147/392/392
f 150/393/393 151/394/394 149/395/395
f 149/395/395 151/394/394 152/396/396
f 154/397/397 152/398/398 153/399/399
f 153/399/399 152/398/398 151/400/400
f 156/401/401 150/402/402 155/403/403
f 155/403/403 150/402/402 149/404/404
f 153/405/405 156/406/406 154/407/407
f 154/407/407 156/406/406 155/408/408
f 158/409/409 159/410/410 157/411/411
f 157/411/411 159/410/410 160/412/412
f 162/413/413 160/414/414 161/415/415
f 161/415/415 160/414/414 159/416/416
f 164/417/417 158/418/418 163/419/419
f 163/419/419 158/418/418 157/420/420
f 161/421/421 164/422/422 162/423/423
f 162/423/423 164/422/422 163/424/424
f 166/425/425 167/426/426 165/427/427
f 165/427/427 167/426/426 168/428/428
f 170/429/429 168/430/430 169/431/431
f 169/431/431 168/430/430 167/432/432
f 172/433/433 166/434/434 171/435/435
f 171/435/435 166/434/434 165/436/436
f 169/437/437 172/438/438 170/439/439
f 170/439/439 172/438/438 171/440/440
f 171/441/441 165/442/442 170/443/443
f 170/443/443 165/442/442 168/444/444
f 167/445/445 166/446/446 173/447/447
f 173/447/447 166/446/446 174/448/448
f 172/449/449 169/450/450 175/451/451
f 175/451/451 169/450/450 176/452/452
f 166/453/453 172/454/454 174/455/455
f 174/455/455 172/454/454 175/456/456
f 169/457/457 167/458/458 176/459/459
f 176/459/459 167/458/458 173/460/460
f 155/461/461 149/462/462 177/463/463
f 177/463/463 149/462/462 178/464/464
f 149/465/465 152/466/466 178/467/467
f 178/467/467 152/466/466 179/468/468
f 152/469/469 154/470/470 179/471/471
f 179/471/471 154/470/470 180/472/472
f 154/473/473 155/474/474 180/475/475
f 180/475/475 155/474/474 177/476/476
f 153/477/477 151/478/478 156/479/479
f 156/479/479 151/478/478 150/480/480
f 163/481/481 157/482/482 162/483/483
f 162/483/483 157/482/482 160/484/484
f 159/485/485 158/486/486 181/487/487
f 181/487/487 158/486/486 182/488/488
f 164/489/489 161/490/490 183/491/491
f 183/491/491 161/490/490 184/492/492
f 158/493/493 164/494/494 182/495/495
f 182/495/495 164/494/494 183/496/496
f 161/497/497 159/498/498 184/499/499
f 184/499/499 159/498/498 181/500/500
f 147/501/501 141/502/502 185/503/503
f 185/503/503 141/502/502 186/504/504
f 141/505/505 144/506/506 186/507/507
f 186/507/507 144/506/506 187/508/508
f 144/509/509 146/510/510 187/511/511
f 187/511/511 146/510/510 188/512/512
f 146/513/513 147/514/514 188/515/515
f 188/515/515 147/514/514 185/516/516
f 145/517/517 143/518/518 148/519/519
f 148/519/519 143/518/518 142/520/520
usemtl Opaque(26,26,26)
f 190/521/521 139/522/522 189/523/523
f 189/523/523 139/522/522 191/524/524
f 193/525/525 1/526/526 192/527/527
f 192/527/527 1/526/526 194/528/528
f 196/529/529 197/530/530 195/531/531
f 195/531/531 197/530/530 138/532/532
f 8/533/533 199/534/534 198/535/535
f 198/535/535 199/534/534 200/536/536
f 197/537/537 196/538/538 202/539/539
f 202/539/539 196/538/538 201/540/540
f 194/541/541 1/542/542 203/543/543
f 203/543/543 1/542/542 204/544/544
f 204/544/544 1/542/542 4/545/545
f 205/546/546 203/547/547 206/548/548
f 206/548/548 203/547/547 204/549/549
f 192/550/550 205/551/551 193/552/552
f 193/552/552 205/551/551 206/553/553
f 193/552/552 206/553/553 207/554/554
f 196/555/555 195/556/556 201/557/557
f 201/557/557 195/556/556 209/558/558
f 209/558/558 195/556/556 208/559/559
f 202/560/560 201/561/561 210/562/562
f 210/562/562 201/561/561 209/563/563
f 197/564/564 202/565/565 138/566/566
f 138/566/566 202/565/565 210/567/567
f 138/566/566 210/567/567 137/568/568
f 191/569/569 139/570/570 211/571/571
f 211/571/571 139/570/570 212/572/572
f 212/572/572 139/570/570 140/573/573
f 213/574/574 211/575/575 214/576/576
f 214/576/576 211/575/575 212/577/577
f 189/578/578 213/579/579 190/580/580
f 190/580/580 213/579/579 214/581/581
f 190/580/580 214/581/581 215/582/582
f 200/583/583 199/584/584 216/585/585
f 216/585/585 199/584/584 218/586/586
f 218/586/586 199/584/584 217/587/587
f 219/588/588 216/589/589 220/590/590
f 220/590/590 216/589/589 218/591/591
f 198/592/592 219/593/593 8/594/594
f 8/594/594 219/593/593 220/595/595
f 8/594/594 220/595/595 5/596/596
f 192/597/597 194/598/598 205/599/599
f 205/599/599 194/598/598 203/600/600
f 200/601/601 216/602/602 198/603/603
f 198/603/603 216/602/602 219/604/604
f 191/605/605 211/606/606 189/607/607
f 189/607/607 211/606/606 213/608/608
f 195/609/609 193/610/610 208/611/611
f 208/611/611 193/610/610 207/612/612
f 199/613/613 190/614/614 217/615/615
f 217/615/615 190/614/614 215/616/616
f 33/617/617 7/618/618 35/619/619
f 35/619/619 7/618/618 19/620/620
f 35/619/619 19/620/620 23/621/621
f 7/618/618 33/617/617 178/622/622
f 178/622/622 33/617/617 29/623/623
f 178/622/622 29/623/623 177/624/624
f 177/624/624 29/623/623 2/625/625
f 177/624/624 2/625/625 1/626/626
f 29/623/623 32/627/627 2/625/625
f 2/625/625 32/627/627 23/621/621
f 23/621/621 32/627/627 35/619/619
f 177/624/624 1/626/626 180/628/628
f 180/628/628 1/626/626 193/629/629
f 180/628/628 193/629/629 185/630/630
f 185/630/630 193/629/629 195/631/631
f 185/630/630 195/631/631 188/632/632
f 188/632/632 195/631/631 138/633/633
f 188/632/632 138/633/633 85/634/634
f 85/634/634 138/633/633 103/635/635
f 85/634/634 103/635/635 88/636/636
f 88/636/636 103/635/635 102/637/637
f 88/636/636 102/637/637 93/638/638
f 93/638/638 102/637/637 105/639/639
f 93/638/638 105/639/639 96/640/640
f 96/640/640 105/639/639 108/641/641
f 96/640/640 108/641/641 99/642/642
f 96/640/640 99/642/642 95/643/643
f 95/643/643 99/642/642 98/644/644
f 95/643/643 98/644/644 94/645/645
f 94/645/645 98/644/644 111/646/646
f 94/645/645 111/646/646 87/647/647
f 87/647/647 111/646/646 110/648/648
f 87/647/647 110/648/648 86/649/649
f 86/649/649 110/648/648 139/650/650
f 86/649/649 139/650/650 187/651/651
f 187/651/651 139/650/650 190/652/652
f 187/651/651 190/652/652 186/653/653
f 186/653/653 190/652/652 199/654/654
f 186/653/653 199/654/654 179/655/655
f 179/655/655 199/654/654 8/656/656
f 179/655/655 8/656/656 178/622/622
f 178/622/622 8/656/656 7/618/618
f 187/651/651 188/632/632 86/649/649
f 86/649/649 188/632/632 85/634/634
f 185/630/630 186/653/653 180/628/628
f 180/628/628 186/653/653 179/655/655
f 93/638/638 94/645/645 88/636/636
f 88/636/636 94/645/645 87/647/647
f 18/657/657 40/658/658 24/659/659
f 24/659/659 40/658/658 3/660/660
f 24/659/659 3/660/660 22/661/661
f 22/661/661 3/660/660 21/662/662
f 17/663/663 20/664/664 18/657/657
f 18/657/657 20/664/664 6/665/665
f 18/657/657 6/665/665 37/666/666
f 37/666/666 6/665/665 44/667/667
f 44/667/667 6/665/665 176/668/668
f 44/667/667 176/668/668 173/669/669
f 6/665/665 5/670/670 176/668/668
f 176/668/668 5/670/670 175/671/671
f 175/671/671 5/670/670 217/672/672
f 175/671/671 217/672/672 184/673/673
f 184/673/673 217/672/672 215/674/674
f 184/673/673 215/674/674 183/675/675
f 183/675/675 215/674/674 140/676/676
f 183/675/675 140/676/676 84/677/677
f 84/677/677 140/676/676 136/678/678
f 84/677/677 136/678/678 83/679/679
f 83/679/679 136/678/678 132/680/680
f 83/679/679 132/680/680 92/681/681
f 92/681/681 132/680/680 130/682/682
f 92/681/681 130/682/682 91/683/683
f 91/683/683 130/682/682 126/684/684
f 91/683/683 126/684/684 124/685/685
f 220/686/686 218/687/687 5/670/670
f 5/670/670 218/687/687 217/672/672
f 214/688/688 212/689/689 215/674/674
f 215/674/674 212/689/689 140/676/676
f 135/690/690 133/691/691 136/678/678
f 136/678/678 133/691/691 132/680/680
f 129/692/692 127/693/693 130/682/682
f 130/682/682 127/693/693 126/684/684
f 123/694/694 122/695/695 124/685/685
f 124/685/685 122/695/695 121/696/696
f 124/685/685 121/696/696 90/697/697
f 90/697/697 121/696/696 89/698/698
f 89/698/698 121/696/696 120/699/699
f 89/698/698 120/699/699 82/700/700
f 82/700/700 120/699/699 116/701/701
f 82/700/700 116/701/701 81/702/702
f 81/702/702 116/701/701 137/703/703
f 81/702/702 137/703/703 182/704/704
f 182/704/704 137/703/703 208/705/705
f 182/704/704 208/705/705 181/706/706
f 181/706/706 208/705/705 207/707/707
f 181/706/706 207/707/707 174/708/708
f 174/708/708 207/707/707 4/709/709
f 174/708/708 4/709/709 173/669/669
f 173/669/669 4/709/709 3/660/660
f 173/669/669 3/660/660 41/710/710
f 41/710/710 3/660/660 40/658/658
f 119/711/711 117/712/712 120/699/699
f 120/699/699 117/712/712 116/701/701
f 210/713/713 209/714/714 137/703/703
f 137/703/703 209/714/714 208/705/705
f 206/715/715 204/716/716 207/707/707
f 207/707/707 204/716/716 4/709/709
f 41/710/710 44/667/667 173/669/669
f 37/666/666 40/658/658 18/657/657
f 182/704/704 183/675/675 81/702/702
f 81/702/702 183/675/675 84/677/677
f 184/673/673 181/706/706 175/671/671
f 175/671/671 181/706/706 174/708/708
f 82/700/700 83/679/679 89/698/698
f 89/698/698 83/679/679 92/681/681
f 90/697/697 91/683/683 124/685/685
f 23/717/717 19/718/718 24/719/719
f 24/719/719 19/718/718 18/720/720
g Pin (For adding more Pins)

v -0.240540 0.721500 -0.070000
v -0.240540 0.571500 -0.070000
v -0.240540 0.571500 -0.254000
v -0.240540 0.721500 -0.254000
v -0.407040 0.678500 0.225420
v -0.391040 0.662500 0.280000
v -0.359040 0.662500 0.280000
v -0.343040 0.678500 0.225420
v -0.359040 0.630500 0.280000
v -0.343040 0.614500 0.225420
v -0.407040 0.614500 0.225420
v -0.391040 0.630500 0.280000
v -0.359040 0.630500 -0.820000
v -0.343040 0.614500 -0.765420
v -0.407040 0.614500 -0.765420
v -0.391040 0.630500 -0.820000
v -0.407040 0.678500 -0.765420
v -0.391040 0.662500 -0.820000
v -0.359040 0.662500 -0.820000
v -0.343040 0.678500 -0.765420
v -0.407040 0.614500 -0.254000
v -0.343040 0.614500 -0.254000
v -0.343040 0.678500 -0.254000
v -0.407040 0.678500 -0.254000
v -0.407040 0.614500 -0.070000
v -0.407040 0.678500 -0.070000
v -0.343040 0.678500 -0.070000
v -0.343040 0.614500 -0.070000
v -0.260540 0.721500 -0.070000
v -0.497040 0.721500 -0.070000
v -0.497040 0.571500 -0.070000
v -0.260540 0.571500 -0.070000
v -0.260540 0.571500 -0.000000
v -0.497040 0.571500 -0.000000
v -0.260540 0.721500 -0.000000
v -0.497040 0.721500 -0.000000
v -0.297538 0.521500 -0.000000
v -0.460042 0.521500 -0.000000
v -0.460042 0.521500 -0.254000
v -0.297538 0.521500 -0.254000
v -0.260540 0.571500 -0.254000
v -0.297538 0.771500 0.000000
v -0.260540 0.721500 -0.254000
v -0.297538 0.771500 -0.254000
v -0.460042 0.771500 0.000000
v -0.460042 0.771500 -0.254000
v -0.497040 0.721500 -0.254000
v -0.497040 0.571500 -0.254000
vt 0.075000 0.200000 0.000000
vt -0.075000 0.200000 0.000000
vt 0.075000 0.016000 0.000000
vt -0.075000 0.016000 0.000000
vt -0.016000 0.056877 0.000000
vt -0.048000 0.056877 0.000000
vt -0.000000 0.000000 0.000000
vt -0.064000 -0.000000 0.000000
vt -0.064000 -0.000000 0.000000
vt -0.000000 0.000000 0.000000
vt -0.048000 0.056877 0.000000
vt -0.016000 0.056877 0.000000
vt -0.016000 0.056877 0.000000
vt -0.048000 0.056877 0.000000
vt -0.000000 0.000000 0.000000
vt -0.064000 -0.000000 0.000000
vt -0.016000 0.056877 0.000000
vt -0.048000 0.056877 0.000000
vt -0.000000 0.000000 0.000000
vt -0.064000 0.000000 0.000000
vt -0.349000 0.056877 0.000000
vt -0.413000 0.056877 0.000000
vt -0.365000 0.000000 0.000000
vt -0.397000 0.000000 0.000000
vt -0.016000 0.000000 0.000000
vt 0.016000 -0.000000 0.000000
vt -0.032000 0.056877 0.000000
vt 0.032000 0.056877 0.000000
vt 0.032000 0.056877 0.000000
vt -0.032000 0.056877 0.000000
vt 0.016000 -0.000000 0.000000
vt -0.016000 0.000000 0.000000
vt 0.413000 0.056877 0.000000
vt 0.349000 0.056877 0.000000
vt 0.397000 -0.000000 0.000000
vt 0.365000 -0.000000 0.000000
vt 0.016000 -0.365000 0.000000
vt -0.016000 -0.365000 0.000000
vt 0.016000 -0.397000 0.000000
vt -0.016000 -0.397000 0.000000
vt -0.064000 0.054580 0.000000
vt -0.000000 0.054580 0.000000
vt -0.064000 0.566000 0.000000
vt -0.000000 0.566000 0.000000
vt -0.064000 0.054580 0.000000
vt -0.000000 0.054580 0.000000
vt -0.064000 0.566000 0.000000
vt -0.000000 0.566000 0.000000
vt -0.064000 0.054580 0.000000
vt -0.000000 0.054580 0.000000
vt -0.064000 0.566000 0.000000
vt -0.000000 0.566000 0.000000
vt -0.064000 0.054580 0.000000
vt -0.000000 0.054580 0.000000
vt -0.064000 0.566000 0.000000
vt -0.000000 0.566000 0.000000
vt -0.000000 1.045420 0.000000
vt -0.064000 1.045420 0.000000
vt -0.000000 0.750000 0.000000
vt -0.064000 0.750000 0.000000
vt -0.000000 1.045420 0.000000
vt -0.064000 1.045420 0.000000
vt -0.000000 0.750000 0.000000
vt -0.064000 0.750000 0.000000
vt -0.000000 1.045420 0.000000
vt -0.064000 1.045420 0.000000
vt -0.000000 0.750000 0.000000
vt -0.064000 0.750000 0.000000
vt -0.000000 1.045420 0.000000
vt -0.064000 1.045420 0.000000
vt -0.000000 0.750000 0.000000
vt -0.064000 0.750000 0.000000
vt 0.016000 -0.365000 0.000000
vt -0.016000 -0.365000 0.000000
vt 0.016000 -0.397000 0.000000
vt -0.016000 -0.397000 0.000000
vt 0.075000 -0.266500 0.000000
vt 0.075000 -0.246500 0.000000
vt 0.032000 -0.349000 0.000000
vt -0.075000 -0.246500 0.000000
vt -0.032000 -0.349000 0.000000
vt -0.075000 -0.266500 0.000000
vt -0.032000 -0.413000 0.000000
vt -0.075000 -0.503000 0.000000
vt 0.075000 -0.503000 0.000000
vt 0.032000 -0.413000 0.000000
vt -0.236500 0.000000 0.000000
vt -0.000000 0.000000 0.000000
vt -0.236500 0.070000 0.000000
vt -0.000000 0.070000 0.000000
vt 0.236500 0.070000 0.000000
vt -0.000000 0.070000 0.000000
vt 0.236500 0.000000 0.000000
vt -0.000000 0.000000 0.000000
vt 0.162504 0.254000 0.000000
vt 0.000000 0.254000 0.000000
vt 0.162504 0.000000 0.000000
vt 0.000000 0.000000 0.000000
vt 0.062200 0.254000 0.000000
vt 0.000000 0.254000 0.000000
vt 0.062200 0.184000 0.000000
vt 0.000000 0.000000 0.000000
vt 0.062200 0.000000 0.000000
vt 0.000000 0.254000 0.000000
vt 0.000000 0.184000 0.000000
vt 0.062200 0.254000 0.000000
vt 0.062200 0.000000 0.000000
vt 0.000000 0.000000 0.000000
vt 0.162504 0.254000 0.000000
vt 0.000000 0.254000 0.000000
vt 0.162504 0.000000 0.000000
vt 0.000000 0.000000 0.000000
vt 0.062200 0.254000 0.000000
vt 0.000000 0.254000 0.000000
vt 0.062200 0.184000 0.000000
vt 0.000000 0.000000 0.000000
vt 0.062200 0.000000 0.000000
vt 0.000000 0.254000 0.000000
vt 0.000000 0.184000 0.000000
vt 0.062200 0.254000 0.000000
vt 0.062200 0.000000 0.000000
vt 0.000000 0.000000 0.000000
vt 0.075000 -0.266500 0.000000
vt 0.075000 -0.503000 0.000000
vt 0.125000 -0.303498 0.000000
vt 0.125000 -0.466002 0.000000
vt -0.075000 -0.266500 0.000000
vt -0.125000 -0.303498 0.000000
vt -0.075000 -0.503000 0.000000
vt -0.125000 -0.466002 0.000000
vt 0.020000 0.184000 0.000000
vt 0.000000 0.184000 0.000000
vt 0.020000 0.000000 0.000000
vt 0.000000 0.000000 0.000000
vt 0.020000 0.184000 0.000000
vt 0.000000 0.184000 0.000000
vt 0.020000 0.000000 0.000000
vt 0.000000 0.000000 0.000000
vt 0.150000 0.184000 0.000000
vt -0.000000 0.184000 0.000000
vt 0.150000 0.000000 0.000000
vt 0.000000 0.000000 0.000000
vt 0.075000 -0.246500 0.000000
vt -0.075000 -0.246500 0.000000
vt 0.075000 -0.266500 0.000000
vt -0.075000 -0.266500 0.000000
vt 0.032000 -0.349000 0.000000
vt -0.032000 -0.349000 0.000000
vt -0.125000 -0.303498 0.000000
vt -0.032000 -0.413000 0.000000
vt -0.125000 -0.466002 0.000000
vt -0.075000 -0.503000 0.000000
vt 0.075000 -0.503000 0.000000
vt 0.032000 -0.413000 0.000000
vt 0.125000 -0.466002 0.000000
vt 0.125000 -0.303498 0.000000
vn 1.000000 -0.000000 -0.000000
vn 1.000000 -0.000000 -0.000000
vn 1.000000 -0.000000 -0.000000
vn 1.000000 -0.000000 -0.000000
vn -0.000000 0.959617 0.281310
vn -0.000000 0.959617 0.281310
vn -0.000000 0.959617 0.281310
vn -0.000000 0.959617 0.281310
vn 0.959617 -0.000000 0.281310
vn 0.959617 -0.000000 0.281310
vn 0.959617 -0.000000 0.281310
vn 0.959617 -0.000000 0.281310
vn -0.959617 0.000000 0.281310
vn -0.959617 0.000000 0.281310
vn -0.959617 0.000000 0.281310
vn -0.959617 0.000000 0.281310
vn 0.000000 -0.959617 0.281310
vn 0.000000 -0.959617 0.281310
vn 0.000000 -0.959617 0.281310
vn 0.000000 -0.959617 0.281310
vn 0.000000 -0.959617 -0.281310
vn 0.000000 -0.959617 -0.281310
vn 0.000000 -0.959617 -0.281310
vn 0.000000 -0.959617 -0.281310
vn -0.959617 0.000000 -0.281310
vn -0.959617 0.000000 -0.281310
vn -0.959617 0.000000 -0.281310
vn -0.959617 0.000000 -0.281310
vn 0.959617 -0.000000 -0.281310
vn 0.959617 -0.000000 -0.281310
vn 0.959617 -0.000000 -0.281310
vn 0.959617 -0.000000 -0.281310
vn -0.000000 0.959617 -0.281310
vn -0.000000 0.959617 -0.281310
vn -0.000000 0.959617 -0.281310
vn -0.000000 0.959617 -0.281310
vn -0.000000 0.000000 -1.000000
vn -0.000000 0.000000 -1.000000
vn -0.000000 0.000000 -1.000000
vn -0.000000 0.000000 -1.000000
vn 0.000000 -1.000000 -0.000000
vn 0.000000 -1.000000 -0.000000
vn 0.000000 -1.000000 -0.000000
vn 0.000000 -1.000000 -0.000000
vn -0.000000 1.000000 0.000000
vn -0.000000 1.000000 0.000000
vn -0.000000 1.000000 0.000000
vn -0.000000 1.000000 0.000000
vn 1.000000 -0.000000 -0.000000
vn 1.000000 -0.000000 -0.000000
vn 1.000000 -0.000000 -0.000000
vn 1.000000 -0.000000 -0.000000
vn -1.000000 0.000000 0.000000
vn -1.000000 0.000000 0.000000
vn -1.000000 0.000000 0.000000
vn -1.000000 0.000000 0.000000
vn -1.000000 0.000000 0.000000
vn -1.000000 0.000000 0.000000
vn -1.000000 0.000000 0.000000
vn -1.000000 0.000000 0.000000
vn -0.000000 1.000000 0.000000
vn -0.000000 1.000000 0.000000
vn -0.000000 1.000000 0.000000
vn -0.000000 1.000000 0.000000
vn 1.000000 -0.000000 -0.000000
vn 1.000000 -0.000000 -0.000000
vn 1.000000 -0.000000 -0.000000
vn 1.000000 -0.000000 -0.000000
vn 0.000000 -1.000000 -0.000000
vn 0.000000 -1.000000 -0.000000
vn 0.000000 -1.000000 -0.000000
vn 0.000000 -1.000000 -0.000000
vn 0.000000 -0.000000 1.000000
vn 0.000000 -0.000000 1.000000
vn 0.000000 -0.000000 1.000000
vn 0.000000 -0.000000 1.000000
vn 0.000000 -0.000000 1.000000
vn 0.000000 -0.000000 1.000000
vn 0.000000 -0.000000 1.000000
vn 0.000000 -0.000000 1.000000
vn 0.000000 -0.000000 1.000000
vn 0.000000 -0.000000 1.000000
vn 0.000000 -0.000000 1.000000
vn 0.000000 -0.000000 1.000000
vn 0.000000 -0.000000 1.000000
vn 0.000000 -0.000000 1.000000
vn -0.000000 1.000000 0.000000
vn -0.000000 1.000000 0.000000
vn -0.000000 1.000000 0.000000
vn -0.000000 1.000000 0.000000
vn 0.000000 -1.000000 -0.000000
vn 0.000000 -1.000000 -0.000000
vn 0.000000 -1.000000 -0.000000
vn 0.000000 -1.000000 -0.000000
vn 0.000000 -1.000000 -0.000000
vn 0.000000 -1.000000 -0.000000
vn 0.000000 -1.000000 -0.000000
vn 0.000000 -1.000000 -0.000000
vn 0.803857 -0.594823 -0.000000
vn 0.803857 -0.594823 -0.000000
vn 0.803857 -0.594823 -0.000000
vn 0.803857 -0.594823 -0.000000
vn 0.803857 -0.594823 -0.000000
vn 0.803857 0.594823 0.000000
vn 0.803857 0.594823 0.000000
vn 0.803857 0.594823 0.000000
vn 0.803857 0.594823 0.000000
vn 0.803857 0.594823 0.000000
vn -0.000000 1.000000 0.000000
vn -0.000000 1.000000 0.000000
vn -0.000000 1.000000 0.000000
vn -0.000000 1.000000 0.000000
vn -0.803857 0.594823 0.000000
vn -0.803857 0.594823 0.000000
vn -0.803857 0.594823 0.000000
vn -0.803857 0.594823 0.000000
vn -0.803857 0.594823 0.000000
vn -0.803857 -0.594823 -0.000000
vn -0.803857 -0.594823 -0.000000
vn -0.803857 -0.594823 -0.000000
vn -0.803857 -0.594823 -0.000000
vn -0.803857 -0.594823 -0.000000
vn 0.000000 -0.000000 1.000000
vn 0.000000 -0.000000 1.000000
vn 0.000000 -0.000000 1.000000
vn 0.000000 -0.000000 1.000000
vn 0.000000 -0.000000 1.000000
vn 0.000000 -0.000000 1.000000
vn 0.000000 -0.000000 1.000000
vn 0.000000 -0.000000 1.000000
vn 0.000000 -1.000000 -0.000000
vn 0.000000 -1.000000 -0.000000
vn 0.000000 -1.000000 -0.000000
vn 0.000000 -1.000000 -0.000000
vn -0.000000 1.000000 0.000000
vn -0.000000 1.000000 0.000000
vn -0.000000 1.000000 0.000000
vn -0.000000 1.000000 0.000000
vn -1.000000 0.000000 0.000000
vn -1.000000 0.000000 0.000000
vn -1.000000 0.000000 0.000000
vn -1.000000 0.000000 0.000000
vn -0.000000 0.000000 -1.000000
vn -0.000000 0.000000 -1.000000
vn -0.000000 0.000000 -1.000000
vn -0.000000 0.000000 -1.000000
vn -0.000000 0.000000 -1.000000
vn -0.000000 0.000000 -1.000000
vn -0.000000 0.000000 -1.000000
vn -0.000000 0.000000 -1.000000
vn -0.000000 0.000000 -1.000000
vn -0.000000 0.000000 -1.000000
vn -0.000000 0.000000 -1.000000
vn -0.000000 0.000000 -1.000000
vn -0.000000 0.000000 -1.000000
vn -0.000000 0.000000 -1.000000
f 221/721/721 222/722/722 224/723/723
f 224/723/723 222/722/722 223/724/724
usemtl Generic
f 226/725/725 227/726/726 225/727/727
f 225/727/727 227/726/726 228/728/728
f 230/729/729 228/730/730 229/731/731
f 229/731/731 228/730/730 227/732/732
f 232/733/733 226/734/734 231/735/735
f 231/735/735 226/734/734 225/736/736
f 229/737/737 232/738/738 230/739/739
f 230/739/739 232/738/738 231/740/740
f 234/741/741 235/742/742 233/743/743
f 233/743/743 235/742/742 236/744/744
f 238/745/745 236/746/746 237/747/747
f 237/747/747 236/746/746 235/748/748
f 240/749/749 234/750/750 239/751/751
f 239/751/751 234/750/750 233/752/752
f 237/753/753 240/754/754 238/755/755
f 238/755/755 240/754/754 239/756/756
f 239/757/757 233/758/758 238/759/759
f 238/759/759 233/758/758 236/760/760
f 235/761/761 234/762/762 241/763/763
f 241/763/763 234/762/762 242/764/764
f 240/765/765 237/766/766 243/767/767
f 243/767/767 237/766/766 244/768/768
f 234/769/769 240/770/770 242/771/771
f 242/771/771 240/770/770 243/772/772
f 237/773/773 235/774/774 244/775/775
f 244/775/775 235/774/774 241/776/776
f 231/777/777 225/778/778 245/779/779
f 245/779/779 225/778/778 246/780/780
f 225/781/781 228/782/782 246/783/783
f 246/783/783 228/782/782 247/784/784
f 228/785/785 230/786/786 247/787/787
f 247/787/787 230/786/786 248/788/788
f 230/789/789 231/790/790 248/791/791
f 248/791/791 231/790/790 245/792/792
f 229/793/793 227/794/794 232/795/795
f 232/795/795 227/794/794 226/796/796
usemtl Opaque(26,26,26)
f 252/797/797 222/798/798 248/799/799
f 248/799/799 222/798/798 221/800/800
f 248/799/799 221/800/800 247/801/801
f 247/801/801 221/800/800 249/802/802
f 247/801/801 249/802/802 246/803/803
f 246/803/803 249/802/802 250/804/804
f 246/803/803 250/804/804 251/805/805
f 246/803/803 251/805/805 245/806/806
f 245/806/806 251/805/805 252/797/797
f 245/806/806 252/797/797 248/799/799
f 252/807/807 251/808/808 253/809/809
f 253/809/809 251/808/808 254/810/810
f 255/811/811 256/812/812 249/813/813
f 249/813/813 256/812/812 250/814/814
f 257/815/815 258/816/816 260/817/817
f 260/817/817 258/816/816 259/818/818
f 253/819/819 257/820/820 252/821/821
f 252/821/821 257/820/820 260/822/822
f 252/821/821 260/822/822 261/823/823
f 255/824/824 249/825/825 262/826/826
f 262/826/826 249/825/825 264/827/827
f 264/827/827 249/825/825 263/828/828
f 265/829/829 262/830/830 266/831/831
f 266/831/831 262/830/830 264/832/832
f 256/833/833 265/834/834 250/835/835
f 250/835/835 265/834/834 266/836/836
f 250/835/835 266/836/836 267/837/837
f 254/838/838 251/839/839 258/840/840
f 258/840/840 251/839/839 259/841/841
f 259/841/841 251/839/839 268/842/842
f 253/843/843 254/844/844 257/845/845
f 257/845/845 254/844/844 258/846/846
f 255/847/847 262/848/848 256/849/849
f 256/849/849 262/848/848 265/850/850
f 222/851/851 252/852/852 223/853/853
f 223/853/853 252/852/852 261/854/854
f 249/855/855 221/856/856 263/857/857
f 263/857/857 221/856/856 224/858/858
f 251/859/859 250/860/860 268/861/861
f 268/861/861 250/860/860 267/862/862
f 224/863/863 223/864/864 263/865/865
f 263/865/865 223/864/864 261/866/866
f 263/865/865 261/866/866 243/867/867
f 243/867/867 261/866/866 242/868/868
f 242/868/868 261/866/866 260/869/869
f 242/868/868 260/869/869 241/870/870
f 241/870/870 260/869/869 259/871/871
f 241/870/870 259/871/871 268/872/872
f 268/872/872 267/873/873 241/870/870
f 241/870/870 267/873/873 244/874/874
f 244/874/874 267/873/873 266/875/875
f 244/874/874 266/875/875 264/876/876
f 244/874/874 264/876/876 243/867/867
f 243/867/867 264/876/876 263/865/865
g Pin (For adding more Pins) (1)

v -0.497040 0.721500 -0.070000
v -0.497040 0.571500 -0.070000
v -0.497040 0.571500 -0.254000
v -0.497040 0.721500 -0.254000
v -0.663540 0.678500 0.225420
v -0.647540 0.662500 0.280000
v -0.615540 0.662500 0.280000
v -0.599540 0.678500 0.225420
v -0.615540 0.630500 0.280000
v -0.599540 0.614500 0.225420
v -0.663540 0.614500 0.225420
v -0.647540 0.630500 0.280000
v -0.615540 0.630500 -0.820000
v -0.599540 0.614500 -0.765420
v -0.663540 0.614500 -0.765420
v -0.647540 0.630500 -0.820000
v -0.663540 0.678500 -0.765420
v -0.647540 0.662500 -0.820000
v -0.615540 0.662500 -0.820000
v -0.599540 0.678500 -0.765420
v -0.663540 0.614500 -0.254000
v -0.599540 0.614500 -0.254000
v -0.599540 0.678500 -0.254000
v -0.663540 0.678500 -0.254000
v -0.663540 0.614500 -0.070000
v -0.663540 0.678500 -0.070000
v -0.599540 0.678500 -0.070000
v -0.599540 0.614500 -0.070000
v -0.517040 0.721500 -0.070000
v -0.753540 0.721500 -0.070000
v -0.753540 0.571500 -0.070000
v -0.517040 0.571500 -0.070000
v -0.517040 0.571500 -0.000000
v -0.753540 0.571500 -0.000000
v -0.517040 0.721500 -0.000000
v -0.753540 0.721500 -0.000000
v -0.554038 0.521500 -0.000000
v -0.716542 0.521500 -0.000000
v -0.716542 0.521500 -0.254000
v -0.554038 0.521500 -0.254000
v -0.517040 0.571500 -0.254000
v -0.554038 0.771500 0.000000
v -0.517040 0.721500 -0.254000
v -0.554038 0.771500 -0.254000
v -0.716542 0.771500 0.000000
v -0.716542 0.771500 -0.254000
v -0.753540 0.721500 -0.254000
v -0.753540 0.571500 -0.254000
vt 0.075000 0.200000 0.000000
vt -0.075000 0.200000 0.000000
vt 0.075000 0.016000 0.000000
vt -0.075000 0.016000 0.000000
vt -0.016000 0.056877 0.000000
vt -0.048000 0.056877 0.000000
vt -0.000000 0.000000 0.000000
vt -0.064000 -0.000000 0.000000
vt -0.064000 -0.000000 0.000000
vt -0.000000 0.000000 0.000000
vt -0.048000 0.056877 0.000000
vt -0.016000 0.056877 0.000000
vt -0.016000 0.056877 0.000000
vt -0.048000 0.056877 0.000000
vt -0.000000 0.000000 0.000000
vt -0.064000 -0.000000 0.000000
vt -0.016000 0.056877 0.000000
vt -0.048000 0.056877 0.000000
vt -0.000000 0.000000 0.000000
vt -0.064000 0.000000 0.000000
vt -0.349000 0.056877 0.000000
vt -0.413000 0.056877 0.000000
vt -0.365000 0.000000 0.000000
vt -0.397000 0.000000 0.000000
vt -0.016000 0.000000 0.000000
vt 0.016000 -0.000000 0.000000
vt -0.032000 0.056877 0.000000
vt 0.032000 0.056877 0.000000
vt 0.032000 0.056877 0.000000
vt -0.032000 0.056877 0.000000
vt 0.016000 -0.000000 0.000000
vt -0.016000 0.000000 0.000000
vt 0.413000 0.056877 0.000000
vt 0.349000 0.056877 0.000000
vt 0.397000 -0.000000 0.000000
vt 0.365000 -0.000000 0.000000
vt 0.016000 -0.365000 0.000000
vt -0.016000 -0.365000 0.000000
vt 0.016000 -0.397000 0.000000
vt -0.016000 -0.397000 0.000000
vt -0.064000 0.054580 0.000000
vt -0.000000 0.054580 0.000000
vt -0.064000 0.566000 0.000000
vt -0.000000 0.566000 0.000000
vt -0.064000 0.054580 0.000000
vt -0.000000 0.054580 0.000000
vt -0.064000 0.566000 0.000000
vt -0.000000 0.566000 0.000000
vt -0.064000 0.054580 0.000000
vt -0.000000 0.054580 0.000000
vt -0.064000 0.566000 0.000000
vt -0.000000 0.566000 0.000000
vt -0.064000 0.054580 0.000000
vt -0.000000 0.054580 0.000000
vt -0.064000 0.566000 0.000000
vt -0.000000 0.566000 0.000000
vt -0.000000 1.045420 0.000000
vt -0.064000 1.045420 0.000000
vt -0.000000 0.750000 0.000000
vt -0.064000 0.750000 0.000000
vt -0.000000 1.045420 0.000000
vt -0.064000 1.045420 0.000000
vt -0.000000 0.750000 0.000000
vt -0.064000 0.750000 0.000000
vt -0.000000 1.045420 0.000000
vt -0.064000 1.045420 0.000000
vt -0.000000 0.750000 0.000000
vt -0.064000 0.750000 0.000000
vt -0.000000 1.045420 0.000000
vt -0.064000 1.045420 0.000000
vt -0.000000 0.750000 0.000000
vt -0.064000 0.750000 0.000000
vt 0.016000 -0.365000 0.000000
vt -0.016000 -0.365000 0.000000
vt 0.016000 -0.397000 0.000000
vt -0.016000 -0.397000 0.000000
vt 0.075000 -0.266500 0.000000
vt 0.075000 -0.246500 0.000000
vt 0.032000 -0.349000 0.000000
vt -0.075000 -0.246500 0.000000
vt -0.032000 -0.349000 0.000000
vt -0.075000 -0.266500 0.000000
vt -0.032000 -0.413000 0.000000
vt -0.075000 -0.503000 0.000000
vt 0.075000 -0.503000 0.000000
vt 0.032000 -0.413000 0.000000
vt -0.236500 0.000000 0.000000
vt -0.000000 0.000000 0.000000
vt -0.236500 0.070000 0.000000
vt -0.000000 0.070000 0.000000
vt 0.236500 0.070000 0.000000
vt -0.000000 0.070000 0.000000
vt 0.236500 0.000000 0.000000
vt -0.000000 0.000000 0.000000
vt 0.162504 0.254000 0.000000
vt 0.000000 0.254000 0.000000
vt 0.162504 0.000000 0.000000
vt 0.000000 0.000000 0.000000
vt 0.062200 0.254000 0.000000
vt 0.000000 0.254000 0.000000
vt 0.062200 0.184000 0.000000
vt 0.000000 0.000000 0.000000
vt 0.062200 0.000000 0.000000
vt 0.000000 0.254000 0.000000
vt 0.000000 0.184000 0.000000
vt 0.062200 0.254000 0.000000
vt 0.062200 0.000000 0.000000
vt 0.000000 0.000000 0.000000
vt 0.162504 0.254000 0.000000
vt 0.000000 0.254000 0.000000
vt 0.162504 0.000000 0.000000
vt 0.000000 0.000000 0.000000
vt 0.062200 0.254000 0.000000
vt 0.000000 0.254000 0.000000
vt 0.062200 0.184000 0.000000
vt 0.000000 0.000000 0.000000
vt 0.062200 0.000000 0.000000
vt 0.000000 0.254000 0.000000
vt 0.000000 0.184000 0.000000
vt 0.062200 0.254000 0.000000
vt 0.062200 0.000000 0.000000
vt 0.000000 0.000000 0.000000
vt 0.075000 -0.266500 0.000000
vt 0.075000 -0.503000 0.000000
vt 0.125000 -0.303498 0.000000
vt 0.125000 -0.466002 0.000000
vt -0.075000 -0.266500 0.000000
vt -0.125000 -0.303498 0.000000
vt -0.075000 -0.503000 0.000000
vt -0.125000 -0.466002 0.000000
vt 0.020000 0.184000 0.000000
vt 0.000000 0.184000 0.000000
vt 0.020000 0.000000 0.000000
vt 0.000000 0.000000 0.000000
vt 0.020000 0.184000 0.000000
vt 0.000000 0.184000 0.000000
vt 0.020000 0.000000 0.000000
vt 0.000000 0.000000 0.000000
vt 0.150000 0.184000 0.000000
vt -0.000000 0.184000 0.000000
vt 0.150000 0.000000 0.000000
vt 0.000000 0.000000 0.000000
vt 0.075000 -0.246500 0.000000
vt -0.075000 -0.246500 0.000000
vt 0.075000 -0.266500 0.000000
vt -0.075000 -0.266500 0.000000
vt 0.032000 -0.349000 0.000000
vt -0.032000 -0.349000 0.000000
vt -0.125000 -0.303498 0.000000
vt -0.032000 -0.413000 0.000000
vt -0.125000 -0.466002 0.000000
vt -0.075000 -0.503000 0.000000
vt 0.075000 -0.503000 0.000000
vt 0.032000 -0.413000 0.000000
vt 0.125000 -0.466002 0.000000
vt 0.125000 -0.303498 0.000000
vn 1.000000 -0.000000 -0.000000
vn 1.000000 -0.000000 -0.000000
vn 1.000000 -0.000000 -0.000000
vn 1.000000 -0.000000 -0.000000
vn -0.000000 0.959617 0.281310
vn -0.000000 0.959617 0.281310
vn -0.000000 0.959617 0.281310
vn -0.000000 0.959617 0.281310
vn 0.959617 -0.000000 0.281310
vn 0.959617 -0.000000 0.281310
vn 0.959617 -0.000000 0.281310
vn 0.959617 -0.000000 0.281310
vn -0.959617 0.000000 0.281310
vn -0.959617 0.000000 0.281310
vn -0.959617 0.000000 0.281310
vn -0.959617 0.000000 0.281310
vn 0.000000 -0.959617 0.281310
vn 0.000000 -0.959617 0.281310
vn 0.000000 -0.959617 0.281310
vn 0.000000 -0.959617 0.281310
vn 0.000000 -0.959617 -0.281310
vn 0.000000 -0.959617 -0.281310
vn 0.000000 -0.959617 -0.281310
vn 0.000000 -0.959617 -0.281310
vn -0.959617 0.000000 -0.281310
vn -0.959617 0.000000 -0.281310
vn -0.959617 0.000000 -0.281310
vn -0.959617 0.000000 -0.281310
vn 0.959617 -0.000000 -0.281310
vn 0.959617 -0.000000 -0.281310
vn 0.959617 -0.000000 -0.281310
vn 0.959617 -0.000000 -0.281310
vn -0.000000 0.959617 -0.281310
vn -0.000000 0.959617 -0.281310
vn -0.000000 0.959617 -0.281310
vn -0.000000 0.959617 -0.281310
vn -0.000000 0.000000 -1.000000
vn -0.000000 0.000000 -1.000000
vn -0.000000 0.000000 -1.000000
vn -0.000000 0.000000 -1.000000
vn 0.000000 -1.000000 -0.000000
vn 0.000000 -1.000000 -0.000000
vn 0.000000 -1.000000 -0.000000
vn 0.000000 -1.000000 -0.000000
vn -0.000000 1.000000 0.000000
vn -0.000000 1.000000 0.000000
vn -0.000000 1.000000 0.000000
vn -0.000000 1.000000 0.000000
vn 1.000000 -0.000000 -0.000000
vn 1.000000 -0.000000 -0.000000
vn 1.000000 -0.000000 -0.000000
vn 1.000000 -0.000000 -0.000000
vn -1.000000 0.000000 0.000000
vn -1.000000 0.000000 0.000000
vn -1.000000 0.000000 0.000000
vn -1.000000 0.000000 0.000000
vn -1.000000 0.000000 0.000000
vn -1.000000 0.000000 0.000000
vn -1.000000 0.000000 0.000000
vn -1.000000 0.000000 0.000000
vn -0.000000 1.000000 0.000000
vn -0.000000 1.000000 0.000000
vn -0.000000 1.000000 0.000000
vn -0.000000 1.000000 0.000000
vn 1.000000 -0.000000 -0.000000
vn 1.000000 -0.000000 -0.000000
vn 1.000000 -0.000000 -0.000000
vn 1.000000 -0.000000 -0.000000
vn 0.000000 -1.000000 -0.000000
vn 0.000000 -1.000000 -0.000000
vn 0.000000 -1.000000 -0.000000
vn 0.000000 -1.000000 -0.000000
vn 0.000000 -0.000000 1.000000
vn 0.000000 -0.000000 1.000000
vn 0.000000 -0.000000 1.000000
vn 0.000000 -0.000000 1.000000
vn 0.000000 -0.000000 1.000000
vn 0.000000 -0.000000 1.000000
vn 0.000000 -0.000000 1.000000
vn 0.000000 -0.000000 1.000000
vn 0.000000 -0.000000 1.000000
vn 0.000000 -0.000000 1.000000
vn 0.000000 -0.000000 1.000000
vn 0.000000 -0.000000 1.000000
vn 0.000000 -0.000000 1.000000
vn 0.000000 -0.000000 1.000000
vn -0.000000 1.000000 0.000000
vn -0.000000 1.000000 0.000000
vn -0.000000 1.000000 0.000000
vn -0.000000 1.000000 0.000000
vn 0.000000 -1.000000 -0.000000
vn 0.000000 -1.000000 -0.000000
vn 0.000000 -1.000000 -0.000000
vn 0.000000 -1.000000 -0.000000
vn 0.000000 -1.000000 -0.000000
vn 0.000000 -1.000000 -0.000000
vn 0.000000 -1.000000 -0.000000
vn 0.000000 -1.000000 -0.000000
vn 0.803857 -0.594823 -0.000000
vn 0.803857 -0.594823 -0.000000
vn 0.803857 -0.594823 -0.000000
vn 0.803857 -0.594823 -0.000000
vn 0.803857 -0.594823 -0.000000
vn 0.803857 0.594823 0.000000
vn 0.803857 0.594823 0.000000
vn 0.803857 0.594823 0.000000
vn 0.803857 0.594823 0.000000
vn 0.803857 0.594823 0.000000
vn -0.000000 1.000000 0.000000
vn -0.000000 1.000000 0.000000
vn -0.000000 1.000000 0.000000
vn -0.000000 1.000000 0.000000
vn -0.803857 0.594823 0.000000
vn -0.803857 0.594823 0.000000
vn -0.803857 0.594823 0.000000
vn -0.803857 0.594823 0.000000
vn -0.803857 0.594823 0.000000
vn -0.803857 -0.594823 -0.000000
vn -0.803857 -0.594823 -0.000000
vn -0.803857 -0.594823 -0.000000
vn -0.803857 -0.594823 -0.000000
vn -0.803857 -0.594823 -0.000000
vn 0.000000 -0.000000 1.000000
vn 0.000000 -0.000000 1.000000
vn 0.000000 -0.000000 1.000000
vn 0.000000 -0.000000 1.000000
vn 0.000000 -0.000000 1.000000
vn 0.000000 -0.000000 1.000000
vn 0.000000 -0.000000 1.000000
vn 0.000000 -0.000000 1.000000
vn 0.000000 -1.000000 -0.000000
vn 0.000000 -1.000000 -0.000000
vn 0.000000 -1.000000 -0.000000
vn 0.000000 -1.000000 -0.000000
vn -0.000000 1.000000 0.000000
vn -0.000000 1.000000 0.000000
vn -0.000000 1.000000 0.000000
vn -0.000000 1.000000 0.000000
vn -1.000000 0.000000 0.000000
vn -1.000000 0.000000 0.000000
vn -1.000000 0.000000 0.000000
vn -1.000000 0.000000 0.000000
vn -0.000000 0.000000 -1.000000
vn -0.000000 0.000000 -1.000000
vn -0.000000 0.000000 -1.000000
vn -0.000000 0.000000 -1.000000
vn -0.000000 0.000000 -1.000000
vn -0.000000 0.000000 -1.000000
vn -0.000000 0.000000 -1.000000
vn -0.000000 0.000000 -1.000000
vn -0.000000 0.000000 -1.000000
vn -0.000000 0.000000 -1.000000
vn -0.000000 0.000000 -1.000000
vn -0.000000 0.000000 -1.000000
vn -0.000000 0.000000 -1.000000
vn -0.000000 0.000000 -1.000000
f 269/877/877 270/878/878 272/879/879
f 272/879/879 270/878/878 271/880/880
usemtl Generic
f 274/881/881 275/882/882 273/883/883
f 273/883/883 275/882/882 276/884/884
f 278/885/885 276/886/886 277/887/887
f 277/887/887 276/886/886 275/888/888
f 280/889/889 274/890/890 279/891/891
f 279/891/891 274/890/890 273/892/892
f 277/893/893 280/894/894 278/895/895
f 278/895/895 280/894/894 279/896/896
f 282/897/897 283/898/898 281/899/899
f 281/899/899 283/898/898 284/900/900
f 286/901/901 284/902/902 285/903/903
f 285/903/903 284/902/902 283/904/904
f 288/905/905 282/906/906 287/907/907
f 287/907/907 282/906/906 281/908/908
f 285/909/909 288/910/910 286/911/911
f 286/911/911 288/910/910 287/912/912
f 287/913/913 281/914/914 286/915/915
f 286/915/915 281/914/914 284/916/916
f 283/917/917 282/918/918 289/919/919
f 289/919/919 282/918/918 290/920/920
f 288/921/921 285/922/922 291/923/923
f 291/923/923 285/922/922 292/924/924
f 282/925/925 288/926/926 290/927/927
f 290/927/927 288/926/926 291/928/928
f 285/929/929 283/930/930 292/931/931
f 292/931/931 283/930/930 289/932/932
f 279/933/933 273/934/934 293/935/935
f 293/935/935 273/934/934 294/936/936
f 273/937/937 276/938/938 294/939/939
f 294/939/939 276/938/938 295/940/940
f 276/941/941 278/942/942 295/943/943
f 295/943/943 278/942/942 296/944/944
f 278/945/945 279/946/946 296/947/947
f 296/947/947 279/946/946 293/948/948
f 277/949/949 275/950/950 280/951/951
f 280/951/951 275/950/950 274/952/952
usemtl Opaque(26,26,26)
f 300/953/953 270/954/954 296/955/955
f 296/955/955 270/954/954 269/956/956
f 296/955/955 269/956/956 295/957/957
f 295/957/957 269/956/956 297/958/958
f 295/957/957 297/958/958 294/959/959
f 294/959/959 297/958/958 298/960/960
f 294/959/959 298/960/960 299/961/961
f 294/959/959 299/961/961 293/962/962
f 293/962/962 299/961/961 300/953/953
f 293/962/962 300/953/953 296/955/955
f 300/963/963 299/964/964 301/965/965
f 301/965/965 299/964/964 302/966/966
f 303/967/967 304/968/968 297/969/969
f 297/969/969 304/968/968 298/970/970
f 305/971/971 306/972/972 308/973/973
f 308/973/973 306/972/972 307/974/974
f 301/975/975 305/976/976 300/977/977
f 300/977/977 305/976/976 308/978/978
f 300/977/977 308/978/978 309/979/979
f 303/980/980 297/981/981 310/982/982
f 310/982/982 297/981/981 312/983/983
f 312/983/983 297/981/981 311/984/984
f 313/985/985 310/986/986 314/987/987
f 314/987/987 310/986/986 312/988/988
f 304/989/989 313/990/990 298/991/991
f 298/991/991 313/990/990 314/992/992
f 298/991/991 314/992/992 315/993/993
f 302/994/994 299/995/995 306/996/996
f 306/996/996 299/995/995 307/997/997
f 307/997/997 299/995/995 316/998/998
f 301/999/999 302/1000/1000 305/1001/1001
f 305/1001/1001 302/1000/1000 306/1002/1002
f 303/1003/1003 310/1004/1004 304/1005/1005
f 304/1005/1005 310/1004/1004 313/1006/1006
f 270/1007/1007 300/1008/1008 271/1009/1009
f 271/1009/1009 300/1008/1008 309/1010/1010
f 297/1011/1011 269/1012/1012 311/1013/1013
f 311/1013/1013 269/1012/1012 272/1014/1014
f 299/1015/1015 298/1016/1016 316/1017/1017
f 316/1017/1017 298/1016/1016 315/1018/1018
f 272/1019/1019 271/1020/1020 311/1021/1021
f 311/1021/1021 271/1020/1020 309/1022/1022
f 311/1021/1021 309/1022/1022 291/1023/1023
f 291/1023/1023 309/1022/1022 290/1024/1024
f 290/1024/1024 309/1022/1022 308/1025/1025
f 290/1024/1024 308/1025/1025 289/1026/1026
f 289/1026/1026 308/1025/1025 307/1027/1027
f 289/1026/1026 307/1027/1027 316/1028/1028
f 316/1028/1028 315/1029/1029 289/1026/1026
f 289/1026/1026 315/1029/1029 292/1030/1030
f 292/1030/1030 315/1029/1029 314/1031/1031
f 292/1030/1030 314/1031/1031 312/1032/1032
f 292/1030/1030 312/1032/1032 291/1023/1023
f 291/1023/1023 312/1032/1032 311/1021/1021
g Pin (For adding more Pins) (2)

v -0.753540 0.721500 -0.070000
v -0.753540 0.571500 -0.070000
v -0.753540 0.571500 -0.254000
v -0.753540 0.721500 -0.254000
v -0.920040 0.678500 0.225420
v -0.904040 0.662500 0.280000
v -0.872040 0.662500 0.280000
v -0.856040 0.678500 0.225420
v -0.872040 0.630500 0.280000
v -0.856040 0.614500 0.225420
v -0.920040 0.614500 0.225420
v -0.904040 0.630500 0.280000
v -0.872040 0.630500 -0.820000
v -0.856040 0.614500 -0.765420
v -0.920040 0.614500 -0.765420
v -0.904040 0.630500 -0.820000
v -0.920040 0.678500 -0.765420
v -0.904040 0.662500 -0.820000
v -0.872040 0.662500 -0.820000
v -0.856040 0.678500 -0.765420
v -0.920040 0.614500 -0.254000
v -0.856040 0.614500 -0.254000
v -0.856040 0.678500 -0.254000
v -0.920040 0.678500 -0.254000
v -0.920040 0.614500 -0.070000
v -0.920040 0.678500 -0.070000
v -0.856040 0.678500 -0.070000
v -0.856040 0.614500 -0.070000
v -0.773540 0.721500 -0.070000
v -1.010040 0.721500 -0.070000
v -1.010040 0.571500 -0.070000
v -0.773540 0.571500 -0.070000
v -0.773540 0.571500 -0.000000
v -1.010040 0.571500 -0.000000
v -0.773540 0.721500 -0.000000
v -1.010040 0.721500 -0.000000
v -0.810538 0.521500 -0.000000
v -0.973042 0.521500 -0.000000
v -0.973042 0.521500 -0.254000
v -0.810538 0.521500 -0.254000
v -0.773540 0.571500 -0.254000
v -0.810538 0.771500 0.000000
v -0.773540 0.721500 -0.254000
v -0.810538 0.771500 -0.254000
v -0.973042 0.771500 0.000000
v -0.973042 0.771500 -0.254000
v -1.010040 0.721500 -0.254000
v -1.010040 0.571500 -0.254000
vt 0.075000 0.200000 0.000000
vt -0.075000 0.200000 0.000000
vt 0.075000 0.016000 0.000000
vt -0.075000 0.016000 0.000000
vt -0.016000 0.056877 0.000000
vt -0.048000 0.056877 0.000000
vt -0.000000 0.000000 0.000000
vt -0.064000 -0.000000 0.000000
vt -0.064000 -0.000000 0.000000
vt -0.000000 0.000000 0.000000
vt -0.048000 0.056877 0.000000
vt -0.016000 0.056877 0.000000
vt -0.016000 0.056877 0.000000
vt -0.048000 0.056877 0.000000
vt -0.000000 0.000000 0.000000
vt -0.064000 -0.000000 0.000000
vt -0.016000 0.056877 0.000000
vt -0.048000 0.056877 0.000000
vt -0.000000 0.000000 0.000000
vt -0.064000 0.000000 0.000000
vt -0.349000 0.056877 0.000000
vt -0.413000 0.056877 0.000000
vt -0.365000 0.000000 0.000000
vt -0.397000 0.000000 0.000000
vt -0.016000 0.000000 0.000000
vt 0.016000 -0.000000 0.000000
vt -0.032000 0.056877 0.000000
vt 0.032000 0.056877 0.000000
vt 0.032000 0.056877 0.000000
vt -0.032000 0.056877 0.000000
vt 0.016000 -0.000000 0.000000
vt -0.016000 0.000000 0.000000
vt 0.413000 0.056877 0.000000
vt 0.349000 0.056877 0.000000
vt 0.397000 -0.000000 0.000000
vt 0.365000 -0.000000 0.000000
vt 0.016000 -0.365000 0.000000
vt -0.016000 -0.365000 0.000000
vt 0.016000 -0.397000 0.000000
vt -0.016000 -0.397000 0.000000
vt -0.064000 0.054580 0.000000
vt -0.000000 0.054580 0.000000
vt -0.064000 0.566000 0.000000
vt -0.000000 0.566000 0.000000
vt -0.064000 0.054580 0.000000
vt -0.000000 0.054580 0.000000
vt -0.064000 0.566000 0.000000
vt -0.000000 0.566000 0.000000
vt -0.064000 0.054580 0.000000
vt -0.000000 0.054580 0.000000
vt -0.064000 0.566000 0.000000
vt -0.000000 0.566000 0.000000
vt -0.064000 0.054580 0.000000
vt -0.000000 0.054580 0.000000
vt -0.064000 0.566000 0.000000
vt -0.000000 0.566000 0.000000
vt -0.000000 1.045420 0.000000
vt -0.064000 1.045420 0.000000
vt -0.000000 0.750000 0.000000
vt -0.064000 0.750000 0.000000
vt -0.000000 1.045420 0.000000
vt -0.064000 1.045420 0.000000
vt -0.000000 0.750000 0.000000
vt -0.064000 0.750000 0.000000
vt -0.000000 1.045420 0.000000
vt -0.064000 1.045420 0.000000
vt -0.000000 0.750000 0.000000
vt -0.064000 0.750000 0.000000
vt -0.000000 1.045420 0.000000
vt -0.064000 1.045420 0.000000
vt -0.000000 0.750000 0.000000
vt -0.064000 0.750000 0.000000
vt 0.016000 -0.365000 0.000000
vt -0.016000 -0.365000 0.000000
vt 0.016000 -0.397000 0.000000
vt -0.016000 -0.397000 0.000000
vt 0.075000 -0.266500 0.000000
vt 0.075000 -0.246500 0.000000
vt 0.032000 -0.349000 0.000000
vt -0.075000 -0.246500 0.000000
vt -0.032000 -0.349000 0.000000
vt -0.075000 -0.266500 0.000000
vt -0.032000 -0.413000 0.000000
vt -0.075000 -0.503000 0.000000
vt 0.075000 -0.503000 0.000000
vt 0.032000 -0.413000 0.000000
vt -0.236500 0.000000 0.000000
vt -0.000000 0.000000 0.000000
vt -0.236500 0.070000 0.000000
vt -0.000000 0.070000 0.000000
vt 0.236500 0.070000 0.000000
vt -0.000000 0.070000 0.000000
vt 0.236500 0.000000 0.000000
vt -0.000000 0.000000 0.000000
vt 0.162504 0.254000 0.000000
vt 0.000000 0.254000 0.000000
vt 0.162504 0.000000 0.000000
vt 0.000000 0.000000 0.000000
vt 0.062200 0.254000 0.000000
vt 0.000000 0.254000 0.000000
vt 0.062200 0.184000 0.000000
vt 0.000000 0.000000 0.000000
vt 0.062200 0.000000 0.000000
vt 0.000000 0.254000 0.000000
vt 0.000000 0.184000 0.000000
vt 0.062200 0.254000 0.000000
vt 0.062200 0.000000 0.000000
vt 0.000000 0.000000 0.000000
vt 0.162504 0.254000 0.000000
vt 0.000000 0.254000 0.000000
vt 0.162504 0.000000 0.000000
vt 0.000000 0.000000 0.000000
vt 0.062200 0.254000 0.000000
vt 0.000000 0.254000 0.000000
vt 0.062200 0.184000 0.000000
vt 0.000000 0.000000 0.000000
vt 0.062200 0.000000 0.000000
vt 0.000000 0.254000 0.000000
vt 0.000000 0.184000 0.000000
vt 0.062200 0.254000 0.000000
vt 0.062200 0.000000 0.000000
vt 0.000000 0.000000 0.000000
vt 0.075000 -0.266500 0.000000
vt 0.075000 -0.503000 0.000000
vt 0.125000 -0.303498 0.000000
vt 0.125000 -0.466002 0.000000
vt -0.075000 -0.266500 0.000000
vt -0.125000 -0.303498 0.000000
vt -0.075000 -0.503000 0.000000
vt -0.125000 -0.466002 0.000000
vt 0.020000 0.184000 0.000000
vt 0.000000 0.184000 0.000000
vt 0.020000 0.000000 0.000000
vt 0.000000 0.000000 0.000000
vt 0.020000 0.184000 0.000000
vt 0.000000 0.184000 0.000000
vt 0.020000 0.000000 0.000000
vt 0.000000 0.000000 0.000000
vt 0.150000 0.184000 0.000000
vt -0.000000 0.184000 0.000000
vt 0.150000 0.000000 0.000000
vt 0.000000 0.000000 0.000000
vt 0.075000 -0.246500 0.000000
vt -0.075000 -0.246500 0.000000
vt 0.075000 -0.266500 0.000000
vt -0.075000 -0.266500 0.000000
vt 0.032000 -0.349000 0.000000
vt -0.032000 -0.349000 0.000000
vt -0.125000 -0.303498 0.000000
vt -0.032000 -0.413000 0.000000
vt -0.125000 -0.466002 0.000000
vt -0.075000 -0.503000 0.000000
vt 0.075000 -0.503000 0.000000
vt 0.032000 -0.413000 0.000000
vt 0.125000 -0.466002 0.000000
vt 0.125000 -0.303498 0.000000
vn 1.000000 -0.000000 -0.000000
vn 1.000000 -0.000000 -0.000000
vn 1.000000 -0.000000 -0.000000
vn 1.000000 -0.000000 -0.000000
vn -0.000000 0.959617 0.281310
vn -0.000000 0.959617 0.281310
vn -0.000000 0.959617 0.281310
vn -0.000000 0.959617 0.281310
vn 0.959617 -0.000000 0.281310
vn 0.959617 -0.000000 0.281310
vn 0.959617 -0.000000 0.281310
vn 0.959617 -0.000000 0.281310
vn -0.959617 0.000000 0.281310
vn -0.959617 0.000000 0.281310
vn -0.959617 0.000000 0.281310
vn -0.959617 0.000000 0.281310
vn 0.000000 -0.959617 0.281310
vn 0.000000 -0.959617 0.281310
vn 0.000000 -0.959617 0.281310
vn 0.000000 -0.959617 0.281310
vn 0.000000 -0.959617 -0.281310
vn 0.000000 -0.959617 -0.281310
vn 0.000000 -0.959617 -0.281310
vn 0.000000 -0.959617 -0.281310
vn -0.959617 0.000000 -0.281310
vn -0.959617 0.000000 -0.281310
vn -0.959617 0.000000 -0.281310
vn -0.959617 0.000000 -0.281310
vn 0.959617 -0.000000 -0.281310
vn 0.959617 -0.000000 -0.281310
vn 0.959617 -0.000000 -0.281310
vn 0.959617 -0.000000 -0.281310
vn -0.000000 0.959617 -0.281310
vn -0.000000 0.959617 -0.281310
vn -0.000000 0.959617 -0.281310
vn -0.000000 0.959617 -0.281310
vn -0.000000 0.000000 -1.000000
vn -0.000000 0.000000 -1.000000
vn -0.000000 0.000000 -1.000000
vn -0.000000 0.000000 -1.000000
vn 0.000000 -1.000000 -0.000000
vn 0.000000 -1.000000 -0.000000
vn 0.000000 -1.000000 -0.000000
vn 0.000000 -1.000000 -0.000000
vn -0.000000 1.000000 0.000000
vn -0.000000 1.000000 0.000000
vn -0.000000 1.000000 0.000000
vn -0.000000 1.000000 0.000000
vn 1.000000 -0.000000 -0.000000
vn 1.000000 -0.000000 -0.000000
vn 1.000000 -0.000000 -0.000000
vn 1.000000 -0.000000 -0.000000
vn -1.000000 0.000000 0.000000
vn -1.000000 0.000000 0.000000
vn -1.000000 0.000000 0.000000
vn -1.000000 0.000000 0.000000
vn -1.000000 0.000000 0.000000
vn -1.000000 0.000000 0.000000
vn -1.000000 0.000000 0.000000
vn -1.000000 0.000000 0.000000
vn -0.000000 1.000000 0.000000
vn -0.000000 1.000000 0.000000
vn -0.000000 1.000000 0.000000
vn -0.000000 1.000000 0.000000
vn 1.000000 -0.000000 -0.000000
vn 1.000000 -0.000000 -0.000000
vn 1.000000 -0.000000 -0.000000
vn 1.000000 -0.000000 -0.000000
vn 0.000000 -1.000000 -0.000000
vn 0.000000 -1.000000 -0.000000
vn 0.000000 -1.000000 -0.000000
vn 0.000000 -1.000000 -0.000000
vn 0.000000 -0.000000 1.000000
vn 0.000000 -0.000000 1.000000
vn 0.000000 -0.000000 1.000000
vn 0.000000 -0.000000 1.000000
vn 0.000000 -0.000000 1.000000
vn 0.000000 -0.000000 1.000000
vn 0.000000 -0.000000 1.000000
vn 0.000000 -0.000000 1.000000
vn 0.000000 -0.000000 1.000000
vn 0.000000 -0.000000 1.000000
vn 0.000000 -0.000000 1.000000
vn 0.000000 -0.000000 1.000000
vn 0.000000 -0.000000 1.000000
vn 0.000000 -0.000000 1.000000
vn -0.000000 1.000000 0.000000
vn -0.000000 1.000000 0.000000
vn -0.000000 1.000000 0.000000
vn -0.000000 1.000000 0.000000
vn 0.000000 -1.000000 -0.000000
vn 0.000000 -1.000000 -0.000000
vn 0.000000 -1.000000 -0.000000
vn 0.000000 -1.000000 -0.000000
vn 0.000000 -1.000000 -0.000000
vn 0.000000 -1.000000 -0.000000
vn 0.000000 -1.000000 -0.000000
vn 0.000000 -1.000000 -0.000000
vn 0.803857 -0.594823 -0.000000
vn 0.803857 -0.594823 -0.000000
vn 0.803857 -0.594823 -0.000000
vn 0.803857 -0.594823 -0.000000
vn 0.803857 -0.594823 -0.000000
vn 0.803857 0.594823 0.000000
vn 0.803857 0.594823 0.000000
vn 0.803857 0.594823 0.000000
vn 0.803857 0.594823 0.000000
vn 0.803857 0.594823 0.000000
vn -0.000000 1.000000 0.000000
vn -0.000000 1.000000 0.000000
vn -0.000000 1.000000 0.000000
vn -0.000000 1.000000 0.000000
vn -0.803857 0.594823 0.000000
vn -0.803857 0.594823 0.000000
vn -0.803857 0.594823 0.000000
vn -0.803857 0.594823 0.000000
vn -0.803857 0.594823 0.000000
vn -0.803857 -0.594823 -0.000000
vn -0.803857 -0.594823 -0.000000
vn -0.803857 -0.594823 -0.000000
vn -0.803857 -0.594823 -0.000000
vn -0.803857 -0.594823 -0.000000
vn 0.000000 -0.000000 1.000000
vn 0.000000 -0.000000 1.000000
vn 0.000000 -0.000000 1.000000
vn 0.000000 -0.000000 1.000000
vn 0.000000 -0.000000 1.000000
vn 0.000000 -0.000000 1.000000
vn 0.000000 -0.000000 1.000000
vn 0.000000 -0.000000 1.000000
vn 0.000000 -1.000000 -0.000000
vn 0.000000 -1.000000 -0.000000
vn 0.000000 -1.000000 -0.000000
vn 0.000000 -1.000000 -0.000000
vn -0.000000 1.000000 0.000000
vn -0.000000 1.000000 0.000000
vn -0.000000 1.000000 0.000000
vn -0.000000 1.000000 0.000000
vn -1.000000 0.000000 0.000000
vn -1.000000 0.000000 0.000000
vn -1.000000 0.000000 0.000000
vn -1.000000 0.000000 0.000000
vn -0.000000 0.000000 -1.000000
vn -0.000000 0.000000 -1.000000
vn -0.000000 0.000000 -1.000000
vn -0.000000 0.000000 -1.000000
vn -0.000000 0.000000 -1.000000
vn -0.000000 0.000000 -1.000000
vn -0.000000 0.000000 -1.000000
vn -0.000000 0.000000 -1.000000
vn -0.000000 0.000000 -1.000000
vn -0.000000 0.000000 -1.000000
vn -0.000000 0.000000 -1.000000
vn -0.000000 0.000000 -1.000000
vn -0.000000 0.000000 -1.000000
vn -0.000000 0.000000 -1.000000
f 317/1033/1033 318/1034/1034 320/1035/1035
f 320/1035/1035 318/1034/1034 319/1036/1036
usemtl Generic
f 322/1037/1037 323/1038/1038 321/1039/1039
f 321/1039/1039 323/1038/1038 324/1040/1040
f 326/1041/1041 324/1042/1042 325/1043/1043
f 325/1043/1043 324/1042/1042 323/1044/1044
f 328/1045/1045 322/1046/1046 327/1047/1047
f 327/1047/1047 322/1046/1046 321/1048/1048
f 325/1049/1049 328/1050/1050 326/1051/1051
f 326/1051/1051 328/1050/1050 327/1052/1052
f 330/1053/1053 331/1054/1054 329/1055/1055
f 329/1055/1055 331/1054/1054 332/1056/1056
f 334/1057/1057 332/1058/1058 333/1059/1059
f 333/1059/1059 332/1058/1058 331/1060/1060
f 336/1061/1061 330/1062/1062 335/1063/1063
f 335/1063/1063 330/1062/1062 329/1064/1064
f 333/1065/1065 336/1066/1066 334/1067/1067
f 334/1067/1067 336/1066/1066 335/1068/1068
f 335/1069/1069 329/1070/1070 334/1071/1071
f 334/1071/1071 329/1070/1070 332/1072/1072
f 331/1073/1073 330/1074/1074 337/1075/1075
f 337/1075/1075 330/1074/1074 338/1076/1076
f 336/1077/1077 333/1078/1078 339/1079/1079
f 339/1079/1079 333/1078/1078 340/1080/1080
f 330/1081/1081 336/1082/1082 338/1083/1083
f 338/1083/1083 336/1082/1082 339/1084/1084
f 333/1085/1085 331/1086/1086 340/1087/1087
f 340/1087/1087 331/1086/1086 337/1088/1088
f 327/1089/1089 321/1090/1090 341/1091/1091
f 341/1091/1091 321/1090/1090 342/1092/1092
f 321/1093/1093 324/1094/1094 342/1095/1095
f 342/1095/1095 324/1094/1094 343/1096/1096
f 324/1097/1097 326/1098/1098 343/1099/1099
f 343/1099/1099 326/1098/1098 344/1100/1100
f 326/1101/1101 327/1102/1102 344/1103/1103
f 344/1103/1103 327/1102/1102 341/1104/1104
f 325/1105/1105 323/1106/1106 328/1107/1107
f 328/1107/1107 323/1106/1106 322/1108/1108
usemtl Opaque(26,26,26)
f 348/1109/1109 318/1110/1110 344/1111/1111
f 344/1111/1111 318/1110/1110 317/1112/1112
f 344/1111/1111 317/1112/1112 343/1113/1113
f 343/1113/1113 317/1112/1112 345/1114/1114
f 343/1113/1113 345/1114/1114 342/1115/1115
f 342/1115/1115 345/1114/1114 346/1116/1116
f 342/1115/1115 346/1116/1116 347/1117/1117
f 342/1115/1115 347/1117/1117 341/1118/1118
f 341/1118/1118 347/1117/1117 348/1109/1109
f 341/1118/1118 348/1109/1109 344/1111/1111
f 348/1119/1119 347/1120/1120 349/1121/1121
f 349/1121/1121 347/1120/1120 350/1122/1122
f 351/1123/1123 352/1124/1124 345/1125/1125
f 345/1125/1125 352/1124/1124 346/1126/1126
f 353/1127/1127 354/1128/1128 356/1129/1129
f 356/1129/1129 354/1128/1128 355/1130/1130
f 349/1131/1131 353/1132/1132 348/1133/1133
f 348/1133/1133 353/1132/1132 356/1134/1134
f 348/1133/1133 356/1134/1134 357/1135/1135
f 351/1136/1136 345/1137/1137 358/1138/1138
f 358/1138/1138 345/1137/1137 360/1139/1139
f 360/1139/1139 345/1137/1137 359/1140/1140
f 361/1141/1141 358/1142/1142 362/1143/1143
f 362/1143/1143 358/1142/1142 360/1144/1144
f 352/1145/1145 361/1146/1146 346/1147/1147
f 346/1147/1147 361/1146/1146 362/1148/1148
f 346/1147/1147 362/1148/1148 363/1149/1149
f 350/1150/1150 347/1151/1151 354/1152/1152
f 354/1152/1152 347/1151/1151 355/1153/1153
f 355/1153/1153 347/1151/1151 364/1154/1154
f 349/1155/1155 350/1156/1156 353/1157/1157
f 353/1157/1157 350/1156/1156 354/1158/1158
f 351/1159/1159 358/1160/1160 352/1161/1161
f 352/1161/1161 358/1160/1160 361/1162/1162
f 318/1163/1163 348/1164/1164 319/1165/1165
f 319/1165/1165 348/1164/1164 357/1166/1166
f 345/1167/1167 317/1168/1168 359/1169/1169
f 359/1169/1169 317/1168/1168 320/1170/1170
f 347/1171/1171 346/1172/1172 364/1173/1173
f 364/1173/1173 346/1172/1172 363/1174/1174
f 320/1175/1175 319/1176/1176 359/1177/1177
f 359/1177/1177 319/1176/1176 357/1178/1178
f 359/1177/1177 357/1178/1178 339/1179/1179
f 339/1179/1179 357/1178/1178 338/1180/1180
f 338/1180/1180 357/1178/1178 356/1181/1181
f 338/1180/1180 356/1181/1181 337/1182/1182
f 337/1182/1182 356/1181/1181 355/1183/1183
f 337/1182/1182 355/1183/1183 364/1184/1184
f 364/1184/1184 363/1185/1185 337/1182/1182
f 337/1182/1182 363/1185/1185 340/1186/1186
f 340/1186/1186 363/1185/1185 362/1187/1187
f 340/1186/1186 362/1187/1187 360/1188/1188
f 340/1186/1186 360/1188/1188 339/1179/1179
f 339/1179/1179 360/1188/1188 359/1177/1177
g Pin (For adding more Pins) (3)

v -0.407040 -0.678500 -0.254000
v -0.343040 -0.678500 -0.254000
v -0.343040 -0.614500 -0.254000
v -0.407040 -0.614500 -0.254000
v -0.343040 -0.614500 -0.765420
v -0.359040 -0.630500 -0.820000
v -0.391040 -0.630500 -0.820000
v -0.407040 -0.614500 -0.765420
v -0.391040 -0.662500 -0.820000
v -0.407040 -0.678500 -0.765420
v -0.343040 -0.678500 -0.765420
v -0.359040 -0.662500 -0.820000
vt 0.032000 0.025750 0.000000
vt -0.032000 0.025750 0.000000
vt 0.032000 -0.038250 0.000000
vt -0.032000 -0.038250 0.000000
vt 0.365000 0.000000 0.000000
vt 0.397000 0.000000 0.000000
vt 0.349000 0.056877 0.000000
vt 0.413000 0.056877 0.000000
vt 0.032000 0.056877 0.000000
vt -0.032000 0.056877 0.000000
vt 0.016000 0.000000 0.000000
vt -0.016000 -0.000000 0.000000
vt -0.016000 -0.000000 0.000000
vt 0.016000 0.000000 0.000000
vt -0.032000 0.056877 0.000000
vt 0.032000 0.056877 0.000000
vt -0.397000 -0.000000 0.000000
vt -0.365000 -0.000000 0.000000
vt -0.413000 0.056877 0.000000
vt -0.349000 0.056877 0.000000
vt 0.016000 -0.365000 0.000000
vt -0.016000 -0.365000 0.000000
vt 0.016000 -0.397000 0.000000
vt -0.016000 -0.397000 0.000000
vt 0.064000 0.566000 0.000000
vt 0.000000 0.566000 0.000000
vt 0.064000 0.054580 0.000000
vt 0.000000 0.054580 0.000000
vt 0.064000 0.566000 0.000000
vt 0.000000 0.566000 0.000000
vt 0.064000 0.054580 0.000000
vt 0.000000 0.054580 0.000000
vt 0.064000 0.566000 0.000000
vt 0.000000 0.566000 0.000000
vt 0.064000 0.054580 0.000000
vt 0.000000 0.054580 0.000000
vt 0.064000 0.566000 0.000000
vt 0.000000 0.566000 0.000000
vt 0.064000 0.054580 0.000000
vt 0.000000 0.054580 0.000000
vn 0.000000 0.000000 1.000000
vn 0.000000 0.000000 1.000000
vn 0.000000 0.000000 1.000000
vn 0.000000 0.000000 1.000000
vn 0.000000 0.959617 -0.281310
vn 0.000000 0.959617 -0.281310
vn 0.000000 0.959617 -0.281310
vn 0.000000 0.959617 -0.281310
vn -0.959617 -0.000000 -0.281310
vn -0.959617 -0.000000 -0.281310
vn -0.959617 -0.000000 -0.281310
vn -0.959617 -0.000000 -0.281310
vn 0.959617 -0.000000 -0.281310
vn 0.959617 -0.000000 -0.281310
vn 0.959617 -0.000000 -0.281310
vn 0.959617 -0.000000 -0.281310
vn -0.000000 -0.959617 -0.281310
vn -0.000000 -0.959617 -0.281310
vn -0.000000 -0.959617 -0.281310
vn -0.000000 -0.959617 -0.281310
vn -0.000000 -0.000000 -1.000000
vn -0.000000 -0.000000 -1.000000
vn -0.000000 -0.000000 -1.000000
vn -0.000000 -0.000000 -1.000000
vn 0.000000 1.000000 -0.000000
vn 0.000000 1.000000 -0.000000
vn 0.000000 1.000000 -0.000000
vn 0.000000 1.000000 -0.000000
vn -0.000000 -1.000000 0.000000
vn -0.000000 -1.000000 0.000000
vn -0.000000 -1.000000 0.000000
vn -0.000000 -1.000000 0.000000
vn 1.000000 0.000000 -0.000000
vn 1.000000 0.000000 -0.000000
vn 1.000000 0.000000 -0.000000
vn 1.000000 0.000000 -0.000000
vn -1.000000 -0.000000 0.000000
vn -1.000000 -0.000000 0.000000
vn -1.000000 -0.000000 0.000000
vn -1.000000 -0.000000 0.000000
f 366/1189/1189 367/1190/1190 365/1191/1191
f 365/1191/1191 367/1190/1190 368/1192/1192
usemtl Generic
f 370/1193/1193 371/1194/1194 369/1195/1195
f 369/1195/1195 371/1194/1194 372/1196/1196
f 374/1197/1197 372/1198/1198 373/1199/1199
f 373/1199/1199 372/1198/1198 371/1200/1200
f 376/1201/1201 370/1202/1202 375/1203/1203
f 375/1203/1203 370/1202/1202 369/1204/1204
f 373/1205/1205 376/1206/1206 374/1207/1207
f 374/1207/1207 376/1206/1206 375/1208/1208
f 370/1209/1209 376/1210/1210 371/1211/1211
f 371/1211/1211 376/1210/1210 373/1212/1212
f 368/1213/1213 367/1214/1214 372/1215/1215
f 372/1215/1215 367/1214/1214 369/1216/1216
f 366/1217/1217 365/1218/1218 375/1219/1219
f 375/1219/1219 365/1218/1218 374/1220/1220
f 367/1221/1221 366/1222/1222 369/1223/1223
f 369/1223/1223 366/1222/1222 375/1224/1224
f 365/1225/1225 368/1226/1226 374/1227/1227
f 374/1227/1227 368/1226/1226 372/1228/1228
g Header Main Body (1)

v 0.608960 -0.678500 0.163000
v 0.608960 -0.614500 0.163000
v 0.672960 -0.614500 0.163000
v 0.672960 -0.678500 0.163000
v 0.672960 -0.614500 0.225420
v 0.672960 -0.678500 0.225420
v 0.608960 -0.614500 0.225420
v 0.624960 -0.662500 0.280000
v 0.608960 -0.678500 0.225420
v 0.656960 -0.662500 0.280000
v 0.656960 -0.630500 0.280000
v 0.624960 -0.630500 0.280000
vt -0.032000 0.220750 0.000000
vt 0.032000 0.220750 0.000000
vt -0.032000 0.284750 0.000000
vt 0.032000 0.284750 0.000000
vt 0.000000 0.983000 0.000000
vt 0.064000 0.983000 0.000000
vt 0.000000 1.045420 0.000000
vt 0.064000 1.045420 0.000000
vt 0.000000 0.983000 0.000000
vt 0.064000 0.983000 0.000000
vt 0.000000 1.045420 0.000000
vt 0.064000 1.045420 0.000000
vt 0.000000 0.000000 0.000000
vt 0.064000 0.000000 0.000000
vt 0.016000 0.056877 0.000000
vt 0.048000 0.056877 0.000000
vt 0.048000 0.056877 0.000000
vt 0.016000 0.056877 0.000000
vt 0.064000 0.000000 0.000000
vt 0.000000 0.000000 0.000000
vt 0.000000 0.000000 0.000000
vt 0.064000 -0.000000 0.000000
vt 0.016000 0.056877 0.000000
vt 0.048000 0.056877 0.000000
vt 0.000000 0.000000 0.000000
vt 0.064000 0.000000 0.000000
vt 0.016000 0.056877 0.000000
vt 0.048000 0.056877 0.000000
vt 0.000000 0.983000 0.000000
vt 0.064000 0.983000 0.000000
vt 0.000000 1.045420 0.000000
vt 0.064000 1.045420 0.000000
vt 0.000000 0.983000 0.000000
vt 0.064000 0.983000 0.000000
vt 0.000000 1.045420 0.000000
vt 0.064000 1.045420 0.000000
vt 0.016000 0.143000 0.000000
vt -0.016000 0.143000 0.000000
vt 0.016000 0.111000 0.000000
vt -0.016000 0.111000 0.000000
vn -0.000000 0.000000 -1.000000
vn -0.000000 0.000000 -1.000000
vn -0.000000 0.000000 -1.000000
vn -0.000000 0.000000 -1.000000
vn 1.000000 -0.000000 -0.000000
vn 1.000000 -0.000000 -0.000000
vn 1.000000 -0.000000 -0.000000
vn 1.000000 -0.000000 -0.000000
vn 0.000000 1.000000 -0.000000
vn 0.000000 1.000000 -0.000000
vn 0.000000 1.000000 -0.000000
vn 0.000000 1.000000 -0.000000
vn -0.000000 -0.959617 0.281310
vn -0.000000 -0.959617 0.281310
vn -0.000000 -0.959617 0.281310
vn -0.000000 -0.959617 0.281310
vn 0.959617 -0.000000 0.281310
vn 0.959617 -0.000000 0.281310
vn 0.959617 -0.000000 0.281310
vn 0.959617 -0.000000 0.281310
vn -0.959617 0.000000 0.281310
vn -0.959617 0.000000 0.281310
vn -0.959617 0.000000 0.281310
vn -0.959617 0.000000 0.281310
vn 0.000000 0.959617 0.281310
vn 0.000000 0.959617 0.281310
vn 0.000000 0.959617 0.281310
vn 0.000000 0.959617 0.281310
vn -1.000000 -0.000000 0.000000
vn -1.000000 -0.000000 0.000000
vn -1.000000 -0.000000 0.000000
vn -1.000000 -0.000000 0.000000
vn -0.000000 -1.000000 0.000000
vn -0.000000 -1.000000 0.000000
vn -0.000000 -1.000000 0.000000
vn -0.000000 -1.000000 0.000000
vn 0.000000 0.000000 1.000000
vn 0.000000 0.000000 1.000000
vn 0.000000 0.000000 1.000000
vn 0.000000 0.000000 1.000000
usemtl Opaque(26,26,26)
f 377/1229/1229 378/1230/1230 380/1231/1231
f 380/1231/1231 378/1230/1230 379/1232/1232
usemtl Generic
f 380/1233/1233 379/1234/1234 382/1235/1235
f 382/1235/1235 379/1234/1234 381/1236/1236
f 379/1237/1237 378/1238/1238 381/1239/1239
f 381/1239/1239 378/1238/1238 383/1240/1240
f 385/1241/1241 382/1242/1242 384/1243/1243
f 384/1243/1243 382/1242/1242 386/1244/1244
f 387/1245/1245 386/1246/1246 381/1247/1247
f 381/1247/1247 386/1246/1246 382/1248/1248
f 383/1249/1249 385/1250/1250 388/1251/1251
f 388/1251/1251 385/1250/1250 384/1252/1252
f 381/1253/1253 383/1254/1254 387/1255/1255
f 387/1255/1255 383/1254/1254 388/1256/1256
f 378/1257/1257 377/1258/1258 383/1259/1259
f 383/1259/1259 377/1258/1258 385/1260/1260
f 377/1261/1261 380/1262/1262 385/1263/1263
f 385/1263/1263 380/1262/1262 382/1264/1264
f 386/1265/1265 387/1266/1266 384/1267/1267
f 384/1267/1267 387/1266/1266 388/1268/1268
g Header Main Body (3)

v 0.862960 -0.678500 0.163000
v 0.862960 -0.614500 0.163000
v 0.926960 -0.614500 0.163000
v 0.926960 -0.678500 0.163000
v 0.926960 -0.614500 0.225420
v 0.926960 -0.678500 0.225420
v 0.862960 -0.614500 0.225420
v 0.878960 -0.662500 0.280000
v 0.862960 -0.678500 0.225420
v 0.910960 -0.662500 0.280000
v 0.910960 -0.630500 0.280000
v 0.878960 -0.630500 0.280000
vt -0.032000 0.474750 0.000000
vt 0.032000 0.474750 0.000000
vt -0.032000 0.538750 0.000000
vt 0.032000 0.538750 0.000000
vt 0.000000 0.983000 0.000000
vt 0.064000 0.983000 0.000000
vt 0.000000 1.045420 0.000000
vt 0.064000 1.045420 0.000000
vt 0.000000 0.983000 0.000000
vt 0.064000 0.983000 0.000000
vt 0.000000 1.045420 0.000000
vt 0.064000 1.045420 0.000000
vt 0.000000 0.000000 0.000000
vt 0.064000 0.000000 0.000000
vt 0.016000 0.056877 0.000000
vt 0.048000 0.056877 0.000000
vt 0.048000 0.056877 0.000000
vt 0.016000 0.056877 0.000000
vt 0.064000 0.000000 0.000000
vt 0.000000 0.000000 0.000000
vt 0.000000 0.000000 0.000000
vt 0.064000 0.000000 0.000000
vt 0.016000 0.056877 0.000000
vt 0.048000 0.056877 0.000000
vt 0.000000 0.000000 0.000000
vt 0.064000 0.000000 0.000000
vt 0.016000 0.056877 0.000000
vt 0.048000 0.056877 0.000000
vt 0.000000 0.983000 0.000000
vt 0.064000 0.983000 0.000000
vt 0.000000 1.045420 0.000000
vt 0.064000 1.045420 0.000000
vt 0.000000 0.983000 0.000000
vt 0.064000 0.983000 0.000000
vt 0.000000 1.045420 0.000000
vt 0.064000 1.045420 0.000000
vt 0.016000 0.397000 0.000000
vt -0.016000 0.397000 0.000000
vt 0.016000 0.365000 0.000000
vt -0.016000 0.365000 0.000000
vn -0.000000 0.000000 -1.000000
vn -0.000000 0.000000 -1.000000
vn -0.000000 0.000000 -1.000000
vn -0.000000 0.000000 -1.000000
vn 1.000000 -0.000000 -0.000000
vn 1.000000 -0.000000 -0.000000
vn 1.000000 -0.000000 -0.000000
vn 1.000000 -0.000000 -0.000000
vn 0.000000 1.000000 -0.000000
vn 0.000000 1.000000 -0.000000
vn 0.000000 1.000000 -0.000000
vn 0.000000 1.000000 -0.000000
vn -0.000000 -0.959617 0.281310
vn -0.000000 -0.959617 0.281310
vn -0.000000 -0.959617 0.281310
vn -0.000000 -0.959617 0.281310
vn 0.959617 -0.000000 0.281310
vn 0.959617 -0.000000 0.281310
vn 0.959617 -0.000000 0.281310
vn 0.959617 -0.000000 0.281310
vn -0.959617 0.000000 0.281310
vn -0.959617 0.000000 0.281310
vn -0.959617 0.000000 0.281310
vn -0.959617 0.000000 0.281310
vn 0.000000 0.959617 0.281310
vn 0.000000 0.959617 0.281310
vn 0.000000 0.959617 0.281310
vn 0.000000 0.959617 0.281310
vn -1.000000 0.000000 0.000000
vn -1.000000 0.000000 0.000000
vn -1.000000 0.000000 0.000000
vn -1.000000 0.000000 0.000000
vn -0.000000 -1.000000 0.000000
vn -0.000000 -1.000000 0.000000
vn -0.000000 -1.000000 0.000000
vn -0.000000 -1.000000 0.000000
vn 0.000000 0.000000 1.000000
vn 0.000000 0.000000 1.000000
vn 0.000000 0.000000 1.000000
vn 0.000000 0.000000 1.000000
usemtl Opaque(26,26,26)
f 389/1269/1269 390/1270/1270 392/1271/1271
f 392/1271/1271 390/1270/1270 391/1272/1272
usemtl Generic
f 392/1273/1273 391/1274/1274 394/1275/1275
f 394/1275/1275 391/1274/1274 393/1276/1276
f 391/1277/1277 390/1278/1278 393/1279/1279
f 393/1279/1279 390/1278/1278 395/1280/1280
f 397/1281/1281 394/1282/1282 396/1283/1283
f 396/1283/1283 394/1282/1282 398/1284/1284
f 399/1285/1285 398/1286/1286 393/1287/1287
f 393/1287/1287 398/1286/1286 394/1288/1288
f 395/1289/1289 397/1290/1290 400/1291/1291
f 400/1291/1291 397/1290/1290 396/1292/1292
f 393/1293/1293 395/1294/1294 399/1295/1295
f 399/1295/1295 395/1294/1294 400/1296/1296
f 390/1297/1297 389/1298/1298 395/1299/1299
f 395/1299/1299 389/1298/1298 397/1300/1300
f 389/1301/1301 392/1302/1302 397/1303/1303
f 397/1303/1303 392/1302/1302 394/1304/1304
f 398/1305/1305 399/1306/1306 396/1307/1307
f 396/1307/1307 399/1306/1306 400/1308/1308
g Pin (For adding more Pins) (2) (1)

v -0.920040 -0.678500 -0.254000
v -0.856040 -0.678500 -0.254000
v -0.856040 -0.614500 -0.254000
v -0.920040 -0.614500 -0.254000
v -0.856040 -0.614500 -0.765420
v -0.872040 -0.630500 -0.820000
v -0.904040 -0.630500 -0.820000
v -0.920040 -0.614500 -0.765420
v -0.904040 -0.662500 -0.820000
v -0.920040 -0.678500 -0.765420
v -0.856040 -0.678500 -0.765420
v -0.872040 -0.662500 -0.820000
vt 0.032000 -0.859500 0.000000
vt -0.032000 -0.859500 0.000000
vt 0.032000 -0.923500 0.000000
vt -0.032000 -0.923500 0.000000
vt 0.365000 0.000000 0.000000
vt 0.397000 0.000000 0.000000
vt 0.349000 0.056877 0.000000
vt 0.413000 0.056877 0.000000
vt 0.032000 0.056877 0.000000
vt -0.032000 0.056877 0.000000
vt 0.016000 0.000000 0.000000
vt -0.016000 -0.000000 0.000000
vt -0.016000 -0.000000 0.000000
vt 0.016000 0.000000 0.000000
vt -0.032000 0.056877 0.000000
vt 0.032000 0.056877 0.000000
vt -0.397000 -0.000000 0.000000
vt -0.365000 -0.000000 0.000000
vt -0.413000 0.056877 0.000000
vt -0.349000 0.056877 0.000000
vt 0.016000 -0.365000 0.000000
vt -0.016000 -0.365000 0.000000
vt 0.016000 -0.397000 0.000000
vt -0.016000 -0.397000 0.000000
vt 0.064000 0.566000 0.000000
vt 0.000000 0.566000 0.000000
vt 0.064000 0.054580 0.000000
vt 0.000000 0.054580 0.000000
vt 0.064000 0.566000 0.000000
vt 0.000000 0.566000 0.000000
vt 0.064000 0.054580 0.000000
vt 0.000000 0.054580 0.000000
vt 0.064000 0.566000 0.000000
vt 0.000000 0.566000 0.000000
vt 0.064000 0.054580 0.000000
vt 0.000000 0.054580 0.000000
vt 0.064000 0.566000 0.000000
vt 0.000000 0.566000 0.000000
vt 0.064000 0.054580 0.000000
vt 0.000000 0.054580 0.000000
vn 0.000000 0.000000 1.000000
vn 0.000000 0.000000 1.000000
vn 0.000000 0.000000 1.000000
vn 0.000000 0.000000 1.000000
vn 0.000000 0.959617 -0.281310
vn 0.000000 0.959617 -0.281310
vn 0.000000 0.959617 -0.281310
vn 0.000000 0.959617 -0.281310
vn -0.959617 -0.000000 -0.281310
vn -0.959617 -0.000000 -0.281310
vn -0.959617 -0.000000 -0.281310
vn -0.959617 -0.000000 -0.281310
vn 0.959617 -0.000000 -0.281310
vn 0.959617 -0.000000 -0.281310
vn 0.959617 -0.000000 -0.281310
vn 0.959617 -0.000000 -0.281310
vn -0.000000 -0.959617 -0.281310
vn -0.000000 -0.959617 -0.281310
vn -0.000000 -0.959617 -0.281310
vn -0.000000 -0.959617 -0.281310
vn -0.000000 -0.000000 -1.000000
vn -0.000000 -0.000000 -1.000000
vn -0.000000 -0.000000 -1.000000
vn -0.000000 -0.000000 -1.000000
vn 0.000000 1.000000 -0.000000
vn 0.000000 1.000000 -0.000000
vn 0.000000 1.000000 -0.000000
vn 0.000000 1.000000 -0.000000
vn -0.000000 -1.000000 0.000000
vn -0.000000 -1.000000 0.000000
vn -0.000000 -1.000000 0.000000
vn -0.000000 -1.000000 0.000000
vn 1.000000 0.000000 -0.000000
vn 1.000000 0.000000 -0.000000
vn 1.000000 0.000000 -0.000000
vn 1.000000 0.000000 -0.000000
vn -1.000000 -0.000000 0.000000
vn -1.000000 -0.000000 0.000000
vn -1.000000 -0.000000 0.000000
vn -1.000000 -0.000000 0.000000
usemtl Opaque(26,26,26)
f 402/1309/1309 403/1310/1310 401/1311/1311
f 401/1311/1311 403/1310/1310 404/1312/1312
usemtl Generic
f 406/1313/1313 407/1314/1314 405/1315/1315
f 405/1315/1315 407/1314/1314 408/1316/1316
f 410/1317/1317 408/1318/1318 409/1319/1319
f 409/1319/1319 408/1318/1318 407/1320/1320
f 412/1321/1321 406/1322/1322 411/1323/1323
f 411/1323/1323 406/1322/1322 405/1324/1324
f 409/1325/1325 412/1326/1326 410/1327/1327
f 410/1327/1327 412/1326/1326 411/1328/1328
f 406/1329/1329 412/1330/1330 407/1331/1331
f 407/1331/1331 412/1330/1330 409/1332/1332
f 404/1333/1333 403/1334/1334 408/1335/1335
f 408/1335/1335 403/1334/1334 405/1336/1336
f 402/1337/1337 401/1338/1338 411/1339/1339
f 411/1339/1339 401/1338/1338 410/1340/1340
f 403/1341/1341 402/1342/1342 405/1343/1343
f 405/1343/1343 402/1342/1342 411/1344/1344
f 401/1345/1345 404/1346/1346 410/1347/1347
f 410/1347/1347 404/1346/1346 408/1348/1348
g Pin (For adding more Pins) (1) (1)

v -0.663540 -0.678500 -0.254000
v -0.599540 -0.678500 -0.254000
v -0.599540 -0.614500 -0.254000
v -0.663540 -0.614500 -0.254000
v -0.599540 -0.614500 -0.765420
v -0.615540 -0.630500 -0.820000
v -0.647540 -0.630500 -0.820000
v -0.663540 -0.614500 -0.765420
v -0.647540 -0.662500 -0.820000
v -0.663540 -0.678500 -0.765420
v -0.599540 -0.678500 -0.765420
v -0.615540 -0.662500 -0.820000
vt 0.032000 -0.603000 0.000000
vt -0.032000 -0.603000 0.000000
vt 0.032000 -0.667000 0.000000
vt -0.032000 -0.667000 0.000000
vt 0.365000 0.000000 0.000000
vt 0.397000 0.000000 0.000000
vt 0.349000 0.056877 0.000000
vt 0.413000 0.056877 0.000000
vt 0.032000 0.056877 0.000000
vt -0.032000 0.056877 0.000000
vt 0.016000 0.000000 0.000000
vt -0.016000 -0.000000 0.000000
vt -0.016000 -0.000000 0.000000
vt 0.016000 0.000000 0.000000
vt -0.032000 0.056877 0.000000
vt 0.032000 0.056877 0.000000
vt -0.397000 -0.000000 0.000000
vt -0.365000 -0.000000 0.000000
vt -0.413000 0.056877 0.000000
vt -0.349000 0.056877 0.000000
vt 0.016000 -0.365000 0.000000
vt -0.016000 -0.365000 0.000000
vt 0.016000 -0.397000 0.000000
vt -0.016000 -0.397000 0.000000
vt 0.064000 0.566000 0.000000
vt 0.000000 0.566000 0.000000
vt 0.064000 0.054580 0.000000
vt 0.000000 0.054580 0.000000
vt 0.064000 0.566000 0.000000
vt 0.000000 0.566000 0.000000
vt 0.064000 0.054580 0.000000
vt 0.000000 0.054580 0.000000
vt 0.064000 0.566000 0.000000
vt 0.000000 0.566000 0.000000
vt 0.064000 0.054580 0.000000
vt 0.000000 0.054580 0.000000
vt 0.064000 0.566000 0.000000
vt 0.000000 0.566000 0.000000
vt 0.064000 0.054580 0.000000
vt 0.000000 0.054580 0.000000
vn 0.000000 0.000000 1.000000
vn 0.000000 0.000000 1.000000
vn 0.000000 0.000000 1.000000
vn 0.000000 0.000000 1.000000
vn 0.000000 0.959617 -0.281310
vn 0.000000 0.959617 -0.281310
vn 0.000000 0.959617 -0.281310
vn 0.000000 0.959617 -0.281310
vn -0.959617 -0.000000 -0.281310
vn -0.959617 -0.000000 -0.281310
vn -0.959617 -0.000000 -0.281310
vn -0.959617 -0.000000 -0.281310
vn 0.959617 -0.000000 -0.281310
vn 0.959617 -0.000000 -0.281310
vn 0.959617 -0.000000 -0.281310
vn 0.959617 -0.000000 -0.281310
vn -0.000000 -0.959617 -0.281310
vn -0.000000 -0.959617 -0.281310
vn -0.000000 -0.959617 -0.281310
vn -0.000000 -0.959617 -0.281310
vn -0.000000 -0.000000 -1.000000
vn -0.000000 -0.000000 -1.000000
vn -0.000000 -0.000000 -1.000000
vn -0.000000 -0.000000 -1.000000
vn 0.000000 1.000000 -0.000000
vn 0.000000 1.000000 -0.000000
vn 0.000000 1.000000 -0.000000
vn 0.000000 1.000000 -0.000000
vn -0.000000 -1.000000 0.000000
vn -0.000000 -1.000000 0.000000
vn -0.000000 -1.000000 0.000000
vn -0.000000 -1.000000 0.000000
vn 1.000000 0.000000 -0.000000
vn 1.000000 0.000000 -0.000000
vn 1.000000 0.000000 -0.000000
vn 1.000000 0.000000 -0.000000
vn -1.000000 -0.000000 0.000000
vn -1.000000 -0.000000 0.000000
vn -1.000000 -0.000000 0.000000
vn -1.000000 -0.000000 0.000000
usemtl Opaque(26,26,26)
f 414/1349/1349 415/1350/1350 413/1351/1351
f 413/1351/1351 415/1350/1350 416/1352/1352
usemtl Generic
f 418/1353/1353 419/1354/1354 417/1355/1355
f 417/1355/1355 419/1354/1354 420/1356/1356
f 422/1357/1357 420/1358/1358 421/1359/1359
f 421/1359/1359 420/1358/1358 419/1360/1360
f 424/1361/1361 418/1362/1362 423/1363/1363
f 423/1363/1363 418/1362/1362 417/1364/1364
f 421/1365/1365 424/1366/1366 422/1367/1367
f 422/1367/1367 424/1366/1366 423/1368/1368
f 418/1369/1369 424/1370/1370 419/1371/1371
f 419/1371/1371 424/1370/1370 421/1372/1372
f 416/1373/1373 415/1374/1374 420/1375/1375
f 420/1375/1375 415/1374/1374 417/1376/1376
f 414/1377/1377 413/1378/1378 423/1379/1379
f 423/1379/1379 413/1378/1378 422/1380/1380
f 415/1381/1381 414/1382/1382 417/1383/1383
f 417/1383/1383 414/1382/1382 423/1384/1384
f 413/1385/1385 416/1386/1386 422/1387/1387
f 422/1387/1387 416/1386/1386 420/1388/1388
g Header Main Body (2)

v 0.164960 -0.678500 -0.254000
v 0.164960 -0.614500 -0.254000
v 0.100960 -0.614500 -0.254000
v 0.100960 -0.678500 -0.254000
v 0.100960 -0.678500 -0.765420
v 0.100960 -0.614500 -0.765420
v 0.164960 -0.614500 -0.765420
v 0.164960 -0.678500 -0.765420
v 0.148960 -0.630500 -0.820000
v 0.148960 -0.662500 -0.820000
v 0.116960 -0.662500 -0.820000
v 0.116960 -0.630500 -0.820000
vt 0.032000 0.161500 0.000000
vt -0.032000 0.161500 0.000000
vt 0.032000 0.097500 0.000000
vt -0.032000 0.097500 0.000000
vt 0.064000 0.566000 0.000000
vt 0.000000 0.566000 0.000000
vt 0.064000 0.054580 0.000000
vt 0.000000 0.054580 0.000000
vt 0.064000 0.566000 0.000000
vt 0.000000 0.566000 0.000000
vt 0.064000 0.054580 0.000000
vt 0.000000 0.054580 0.000000
vt 0.064000 0.566000 0.000000
vt 0.000000 0.566000 0.000000
vt 0.064000 0.054580 0.000000
vt 0.000000 0.054580 0.000000
vt 0.064000 0.566000 0.000000
vt 0.000000 0.566000 0.000000
vt 0.064000 0.054580 0.000000
vt 0.000000 0.054580 0.000000
vt 0.016000 0.143000 0.000000
vt -0.016000 0.143000 0.000000
vt 0.016000 0.111000 0.000000
vt -0.016000 0.111000 0.000000
vt 0.111000 -0.000000 0.000000
vt 0.143000 -0.000000 0.000000
vt 0.095000 0.056877 0.000000
vt 0.159000 0.056877 0.000000
vt -0.016000 0.000000 0.000000
vt 0.016000 0.000000 0.000000
vt -0.032000 0.056877 0.000000
vt 0.032000 0.056877 0.000000
vt 0.032000 0.056877 0.000000
vt -0.032000 0.056877 0.000000
vt 0.016000 0.000000 0.000000
vt -0.016000 -0.000000 0.000000
vt -0.143000 0.000000 0.000000
vt -0.111000 0.000000 0.000000
vt -0.159000 0.056877 0.000000
vt -0.095000 0.056877 0.000000
vn 0.000000 0.000000 1.000000
vn 0.000000 0.000000 1.000000
vn 0.000000 0.000000 1.000000
vn 0.000000 0.000000 1.000000
vn -1.000000 -0.000000 0.000000
vn -1.000000 -0.000000 0.000000
vn -1.000000 -0.000000 0.000000
vn -1.000000 -0.000000 0.000000
vn 1.000000 -0.000000 -0.000000
vn 1.000000 -0.000000 -0.000000
vn 1.000000 -0.000000 -0.000000
vn 1.000000 -0.000000 -0.000000
vn -0.000000 -1.000000 0.000000
vn -0.000000 -1.000000 0.000000
vn -0.000000 -1.000000 0.000000
vn -0.000000 -1.000000 0.000000
vn 0.000000 1.000000 -0.000000
vn 0.000000 1.000000 -0.000000
vn 0.000000 1.000000 -0.000000
vn 0.000000 1.000000 -0.000000
vn -0.000000 -0.000000 -1.000000
vn -0.000000 -0.000000 -1.000000
vn -0.000000 -0.000000 -1.000000
vn -0.000000 -0.000000 -1.000000
vn -0.000000 -0.959617 -0.281310
vn -0.000000 -0.959617 -0.281310
vn -0.000000 -0.959617 -0.281310
vn -0.000000 -0.959617 -0.281310
vn 0.959617 -0.000000 -0.281310
vn 0.959617 -0.000000 -0.281310
vn 0.959617 -0.000000 -0.281310
vn 0.959617 -0.000000 -0.281310
vn -0.959617 -0.000000 -0.281310
vn -0.959617 -0.000000 -0.281310
vn -0.959617 -0.000000 -0.281310
vn -0.959617 -0.000000 -0.281310
vn 0.000000 0.959617 -0.281310
vn 0.000000 0.959617 -0.281310
vn 0.000000 0.959617 -0.281310
vn 0.000000 0.959617 -0.281310
usemtl Opaque(26,26,26)
f 425/1389/1389 426/1390/1390 428/1391/1391
f 428/1391/1391 426/1390/1390 427/1392/1392
usemtl Generic
f 428/1393/1393 427/1394/1394 429/1395/1395
f 429/1395/1395 427/1394/1394 430/1396/1396
f 426/1397/1397 425/1398/1398 431/1399/1399
f 431/1399/1399 425/1398/1398 432/1400/1400
f 425/1401/1401 428/1402/1402 432/1403/1403
f 432/1403/1403 428/1402/1402 429/1404/1404
f 427/1405/1405 426/1406/1406 430/1407/1407
f 430/1407/1407 426/1406/1406 431/1408/1408
f 433/1409/1409 434/1410/1410 436/1411/1411
f 436/1411/1411 434/1410/1410 435/1412/1412
f 435/1413/1413 434/1414/1414 429/1415/1415
f 429/1415/1415 434/1414/1414 432/1416/1416
f 434/1417/1417 433/1418/1418 432/1419/1419
f 432/1419/1419 433/1418/1418 431/1420/1420
f 429/1421/1421 430/1422/1422 435/1423/1423
f 435/1423/1423 430/1422/1422 436/1424/1424
f 433/1425/1425 436/1426/1426 431/1427/1427
f 431/1427/1427 436/1426/1426 430/1428/1428
g Header Main Body (4)

v -0.153040 -0.678500 -0.765420
v -0.153040 -0.678500 -0.254000
v -0.153040 -0.614500 -0.254000
v -0.153040 -0.614500 -0.765420
v -0.089040 -0.614500 -0.765420
v -0.089040 -0.614500 -0.254000
v -0.089040 -0.678500 -0.254000
v -0.089040 -0.678500 -0.765420
v -0.105040 -0.630500 -0.820000
v -0.105040 -0.662500 -0.820000
v -0.137040 -0.662500 -0.820000
v -0.137040 -0.630500 -0.820000
vt 0.064000 0.566000 0.000000
vt 0.000000 0.566000 0.000000
vt 0.064000 0.054580 0.000000
vt 0.000000 0.054580 0.000000
vt 0.064000 0.566000 0.000000
vt 0.000000 0.566000 0.000000
vt 0.064000 0.054580 0.000000
vt 0.000000 0.054580 0.000000
vt 0.064000 0.566000 0.000000
vt 0.000000 0.566000 0.000000
vt 0.064000 0.054580 0.000000
vt 0.000000 0.054580 0.000000
vt 0.064000 0.566000 0.000000
vt 0.000000 0.566000 0.000000
vt 0.064000 0.054580 0.000000
vt 0.000000 0.054580 0.000000
vt 0.016000 -0.111000 0.000000
vt -0.016000 -0.111000 0.000000
vt 0.016000 -0.143000 0.000000
vt -0.016000 -0.143000 0.000000
vt -0.143000 0.000000 0.000000
vt -0.111000 0.000000 0.000000
vt -0.159000 0.056877 0.000000
vt -0.095000 0.056877 0.000000
vt -0.016000 0.000000 0.000000
vt 0.016000 0.000000 0.000000
vt -0.032000 0.056877 0.000000
vt 0.032000 0.056877 0.000000
vt 0.032000 0.056877 0.000000
vt -0.032000 0.056877 0.000000
vt 0.016000 0.000000 0.000000
vt -0.016000 -0.000000 0.000000
vt 0.111000 0.000000 0.000000
vt 0.143000 0.000000 0.000000
vt 0.095000 0.056877 0.000000
vt 0.159000 0.056877 0.000000
vt 0.032000 -0.092500 0.000000
vt -0.032000 -0.092500 0.000000
vt 0.032000 -0.156500 0.000000
vt -0.032000 -0.156500 0.000000
vn -1.000000 -0.000000 0.000000
vn -1.000000 -0.000000 0.000000
vn -1.000000 -0.000000 0.000000
vn -1.000000 -0.000000 0.000000
vn 1.000000 -0.000000 -0.000000
vn 1.000000 -0.000000 -0.000000
vn 1.000000 -0.000000 -0.000000
vn 1.000000 -0.000000 -0.000000
vn -0.000000 -1.000000 0.000000
vn -0.000000 -1.000000 0.000000
vn -0.000000 -1.000000 0.000000
vn -0.000000 -1.000000 0.000000
vn 0.000000 1.000000 -0.000000
vn 0.000000 1.000000 -0.000000
vn 0.000000 1.000000 -0.000000
vn 0.000000 1.000000 -0.000000
vn -0.000000 -0.000000 -1.000000
vn -0.000000 -0.000000 -1.000000
vn -0.000000 -0.000000 -1.000000
vn -0.000000 -0.000000 -1.000000
vn -0.000000 -0.959617 -0.281310
vn -0.000000 -0.959617 -0.281310
vn -0.000000 -0.959617 -0.281310
vn -0.000000 -0.959617 -0.281310
vn 0.959617 -0.000000 -0.281310
vn 0.959617 -0.000000 -0.281310
vn 0.959617 -0.000000 -0.281310
vn 0.959617 -0.000000 -0.281310
vn -0.959617 -0.000000 -0.281310
vn -0.959617 -0.000000 -0.281310
vn -0.959617 -0.000000 -0.281310
vn -0.959617 -0.000000 -0.281310
vn 0.000000 0.959617 -0.281310
vn 0.000000 0.959617 -0.281310
vn 0.000000 0.959617 -0.281310
vn 0.000000 0.959617 -0.281310
vn 0.000000 0.000000 1.000000
vn 0.000000 0.000000 1.000000
vn 0.000000 0.000000 1.000000
vn 0.000000 0.000000 1.000000
f 438/1429/1429 439/1430/1430 437/1431/1431
f 437/1431/1431 439/1430/1430 440/1432/1432
f 442/1433/1433 443/1434/1434 441/1435/1435
f 441/1435/1435 443/1434/1434 444/1436/1436
f 443/1437/1437 438/1438/1438 444/1439/1439
f 444/1439/1439 438/1438/1438 437/1440/1440
f 439/1441/1441 442/1442/1442 440/1443/1443
f 440/1443/1443 442/1442/1442 441/1444/1444
f 445/1445/1445 446/1446/1446 448/1447/1447
f 448/1447/1447 446/1446/1446 447/1448/1448
f 447/1449/1449 446/1450/1450 437/1451/1451
f 437/1451/1451 446/1450/1450 444/1452/1452
f 446/1453/1453 445/1454/1454 444/1455/1455
f 444/1455/1455 445/1454/1454 441/1456/1456
f 437/1457/1457 440/1458/1458 447/1459/1459
f 447/1459/1459 440/1458/1458 448/1460/1460
f 445/1461/1461 448/1462/1462 441/1463/1463
f 441/1463/1463 448/1462/1462 440/1464/1464
usemtl Opaque(26,26,26)
f 443/1465/1465 442/1466/1466 438/1467/1467
f 438/1467/1467 442/1466/1466 439/1468/1468
g Header Main Body (5)

v 0.926960 -0.678500 -0.254000
v 0.926960 -0.614500 -0.254000
v 0.862960 -0.614500 -0.254000
v 0.862960 -0.678500 -0.254000
v 0.862960 -0.678500 -0.765420
v 0.862960 -0.614500 -0.765420
v 0.926960 -0.614500 -0.765420
v 0.926960 -0.678500 -0.765420
v 0.910960 -0.630500 -0.820000
v 0.910960 -0.662500 -0.820000
v 0.878960 -0.662500 -0.820000
v 0.878960 -0.630500 -0.820000
vt 0.032000 0.923500 0.000000
vt -0.032000 0.923500 0.000000
vt 0.032000 0.859500 0.000000
vt -0.032000 0.859500 0.000000
vt 0.064000 0.566000 0.000000
vt 0.000000 0.566000 0.000000
vt 0.064000 0.054580 0.000000
vt 0.000000 0.054580 0.000000
vt 0.064000 0.566000 0.000000
vt 0.000000 0.566000 0.000000
vt 0.064000 0.054580 0.000000
vt 0.000000 0.054580 0.000000
vt 0.064000 0.566000 0.000000
vt 0.000000 0.566000 0.000000
vt 0.064000 0.054580 0.000000
vt 0.000000 0.054580 0.000000
vt 0.064000 0.566000 0.000000
vt 0.000000 0.566000 0.000000
vt 0.064000 0.054580 0.000000
vt 0.000000 0.054580 0.000000
vt 0.016000 0.397000 0.000000
vt -0.016000 0.397000 0.000000
vt 0.016000 0.365000 0.000000
vt -0.016000 0.365000 0.000000
vt 0.365000 0.000000 0.000000
vt 0.397000 0.000000 0.000000
vt 0.349000 0.056877 0.000000
vt 0.413000 0.056877 0.000000
vt -0.016000 0.000000 0.000000
vt 0.016000 0.000000 0.000000
vt -0.032000 0.056877 0.000000
vt 0.032000 0.056877 0.000000
vt 0.032000 0.056877 0.000000
vt -0.032000 0.056877 0.000000
vt 0.016000 0.000000 0.000000
vt -0.016000 0.000000 0.000000
vt -0.397000 -0.000000 0.000000
vt -0.365000 -0.000000 0.000000
vt -0.413000 0.056877 0.000000
vt -0.349000 0.056877 0.000000
vn 0.000000 0.000000 1.000000
vn 0.000000 0.000000 1.000000
vn 0.000000 0.000000 1.000000
vn 0.000000 0.000000 1.000000
vn -1.000000 0.000000 0.000000
vn -1.000000 0.000000 0.000000
vn -1.000000 0.000000 0.000000
vn -1.000000 0.000000 0.000000
vn 1.000000 -0.000000 -0.000000
vn 1.000000 -0.000000 -0.000000
vn 1.000000 -0.000000 -0.000000
vn 1.000000 -0.000000 -0.000000
vn -0.000000 -1.000000 0.000000
vn -0.000000 -1.000000 0.000000
vn -0.000000 -1.000000 0.000000
vn -0.000000 -1.000000 0.000000
vn 0.000000 1.000000 -0.000000
vn 0.000000 1.000000 -0.000000
vn 0.000000 1.000000 -0.000000
vn 0.000000 1.000000 -0.000000
vn -0.000000 -0.000000 -1.000000
vn -0.000000 -0.000000 -1.000000
vn -0.000000 -0.000000 -1.000000
vn -0.000000 -0.000000 -1.000000
vn -0.000000 -0.959617 -0.281310
vn -0.000000 -0.959617 -0.281310
vn -0.000000 -0.959617 -0.281310
vn -0.000000 -0.959617 -0.281310
vn 0.959617 -0.000000 -0.281310
vn 0.959617 -0.000000 -0.281310
vn 0.959617 -0.000000 -0.281310
vn 0.959617 -0.000000 -0.281310
vn -0.959617 0.000000 -0.281310
vn -0.959617 0.000000 -0.281310
vn -0.959617 0.000000 -0.281310
vn -0.959617 0.000000 -0.281310
vn 0.000000 0.959617 -0.281310
vn 0.000000 0.959617 -0.281310
vn 0.000000 0.959617 -0.281310
vn 0.000000 0.959617 -0.281310
f 449/1469/1469 450/1470/1470 452/1471/1471
f 452/1471/1471 450/1470/1470 451/1472/1472
usemtl Generic
f 452/1473/1473 451/1474/1474 453/1475/1475
f 453/1475/1475 451/1474/1474 454/1476/1476
f 450/1477/1477 449/1478/1478 455/1479/1479
f 455/1479/1479 449/1478/1478 456/1480/1480
f 449/1481/1481 452/1482/1482 456/1483/1483
f 456/1483/1483 452/1482/1482 453/1484/1484
f 451/1485/1485 450/1486/1486 454/1487/1487
f 454/1487/1487 450/1486/1486 455/1488/1488
f 457/1489/1489 458/1490/1490 460/1491/1491
f 460/1491/1491 458/1490/1490 459/1492/1492
f 459/1493/1493 458/1494/1494 453/1495/1495
f 453/1495/1495 458/1494/1494 456/1496/1496
f 458/1497/1497 457/1498/1498 456/1499/1499
f 456/1499/1499 457/1498/1498 455/1500/1500
f 453/1501/1501 454/1502/1502 459/1503/1503
f 459/1503/1503 454/1502/1502 460/1504/1504
f 457/1505/1505 460/1506/1506 455/1507/1507
f 455/1507/1507 460/1506/1506 454/1508/1508
g Header Main Body (6)

v 0.672960 -0.614500 -0.765420
v 0.656960 -0.630500 -0.820000
v 0.624960 -0.630500 -0.820000
v 0.608960 -0.614500 -0.765420
v 0.624960 -0.662500 -0.820000
v 0.608960 -0.678500 -0.765420
v 0.672960 -0.678500 -0.765420
v 0.656960 -0.662500 -0.820000
v 0.608960 -0.614500 -0.254000
v 0.672960 -0.614500 -0.254000
v 0.672960 -0.678500 -0.254000
v 0.608960 -0.678500 -0.254000
vt -0.143000 0.000000 0.000000
vt -0.111000 0.000000 0.000000
vt -0.159000 0.056877 0.000000
vt -0.095000 0.056877 0.000000
vt 0.032000 0.056877 0.000000
vt -0.032000 0.056877 0.000000
vt 0.016000 0.000000 0.000000
vt -0.016000 -0.000000 0.000000
vt -0.016000 0.000000 0.000000
vt 0.016000 0.000000 0.000000
vt -0.032000 0.056877 0.000000
vt 0.032000 0.056877 0.000000
vt 0.111000 -0.000000 0.000000
vt 0.143000 -0.000000 0.000000
vt 0.095000 0.056877 0.000000
vt 0.159000 0.056877 0.000000
vt 0.016000 0.143000 0.000000
vt -0.016000 0.143000 0.000000
vt 0.016000 0.111000 0.000000
vt -0.016000 0.111000 0.000000
vt 0.064000 0.566000 0.000000
vt 0.000000 0.566000 0.000000
vt 0.064000 0.054580 0.000000
vt 0.000000 0.054580 0.000000
vt 0.064000 0.566000 0.000000
vt 0.000000 0.566000 0.000000
vt 0.064000 0.054580 0.000000
vt 0.000000 0.054580 0.000000
vt 0.064000 0.566000 0.000000
vt 0.000000 0.566000 0.000000
vt 0.064000 0.054580 0.000000
vt 0.000000 0.054580 0.000000
vt 0.064000 0.566000 0.000000
vt 0.000000 0.566000 0.000000
vt 0.064000 0.054580 0.000000
vt 0.000000 0.054580 0.000000
vt 0.032000 0.669500 0.000000
vt -0.032000 0.669500 0.000000
vt 0.032000 0.605500 0.000000
vt -0.032000 0.605500 0.000000
vn 0.000000 0.959617 -0.281310
vn 0.000000 0.959617 -0.281310
vn 0.000000 0.959617 -0.281310
vn 0.000000 0.959617 -0.281310
vn -0.959617 -0.000000 -0.281310
vn -0.959617 -0.000000 -0.281310
vn -0.959617 -0.000000 -0.281310
vn -0.959617 -0.000000 -0.281310
vn 0.959617 -0.000000 -0.281310
vn 0.959617 -0.000000 -0.281310
vn 0.959617 -0.000000 -0.281310
vn 0.959617 -0.000000 -0.281310
vn -0.000000 -0.959617 -0.281310
vn -0.000000 -0.959617 -0.281310
vn -0.000000 -0.959617 -0.281310
vn -0.000000 -0.959617 -0.281310
vn -0.000000 -0.000000 -1.000000
vn -0.000000 -0.000000 -1.000000
vn -0.000000 -0.000000 -1.000000
vn -0.000000 -0.000000 -1.000000
vn 0.000000 1.000000 -0.000000
vn 0.000000 1.000000 -0.000000
vn 0.000000 1.000000 -0.000000
vn 0.000000 1.000000 -0.000000
vn -0.000000 -1.000000 0.000000
vn -0.000000 -1.000000 0.000000
vn -0.000000 -1.000000 0.000000
vn -0.000000 -1.000000 0.000000
vn 1.000000 -0.000000 -0.000000
vn 1.000000 -0.000000 -0.000000
vn 1.000000 -0.000000 -0.000000
vn 1.000000 -0.000000 -0.000000
vn -1.000000 -0.000000 0.000000
vn -1.000000 -0.000000 0.000000
vn -1.000000 -0.000000 0.000000
vn -1.000000 -0.000000 0.000000
vn 0.000000 0.000000 1.000000
vn 0.000000 0.000000 1.000000
vn 0.000000 0.000000 1.000000
vn 0.000000 0.000000 1.000000
f 462/1509/1509 463/1510/1510 461/1511/1511
f 461/1511/1511 463/1510/1510 464/1512/1512
f 466/1513/1513 464/1514/1514 465/1515/1515
f 465/1515/1515 464/1514/1514 463/1516/1516
f 468/1517/1517 462/1518/1518 467/1519/1519
f 467/1519/1519 462/1518/1518 461/1520/1520
f 465/1521/1521 468/1522/1522 466/1523/1523
f 466/1523/1523 468/1522/1522 467/1524/1524
f 462/1525/1525 468/1526/1526 463/1527/1527
f 463/1527/1527 468/1526/1526 465/1528/1528
f 469/1529/1529 470/1530/1530 464/1531/1531
f 464/1531/1531 470/1530/1530 461/1532/1532
f 471/1533/1533 472/1534/1534 467/1535/1535
f 467/1535/1535 472/1534/1534 466/1536/1536
f 470/1537/1537 471/1538/1538 461/1539/1539
f 461/1539/1539 471/1538/1538 467/1540/1540
f 472/1541/1541 469/1542/1542 466/1543/1543
f 466/1543/1543 469/1542/1542 464/1544/1544
usemtl Opaque(26,26,26)
f 471/1545/1545 470/1546/1546 472/1547/1547
f 472/1547/1547 470/1546/1546 469/1548/1548
g Header Main Body (7)

v 0.418960 -0.678500 -0.254000
v 0.418960 -0.614500 -0.254000
v 0.354960 -0.614500 -0.254000
v 0.354960 -0.678500 -0.254000
v 0.354960 -0.678500 -0.765420
v 0.354960 -0.614500 -0.765420
v 0.418960 -0.614500 -0.765420
v 0.418960 -0.678500 -0.765420
v 0.402960 -0.630500 -0.820000
v 0.402960 -0.662500 -0.820000
v 0.370960 -0.662500 -0.820000
v 0.370960 -0.630500 -0.820000
vt 0.032000 0.415500 0.000000
vt -0.032000 0.415500 0.000000
vt 0.032000 0.351500 0.000000
vt -0.032000 0.351500 0.000000
vt 0.064000 0.566000 0.000000
vt 0.000000 0.566000 0.000000
vt 0.064000 0.054580 0.000000
vt 0.000000 0.054580 0.000000
vt 0.064000 0.566000 0.000000
vt 0.000000 0.566000 0.000000
vt 0.064000 0.054580 0.000000
vt 0.000000 0.054580 0.000000
vt 0.064000 0.566000 0.000000
vt 0.000000 0.566000 0.000000
vt 0.064000 0.054580 0.000000
vt 0.000000 0.054580 0.000000
vt 0.064000 0.566000 0.000000
vt 0.000000 0.566000 0.000000
vt 0.064000 0.054580 0.000000
vt 0.000000 0.054580 0.000000
vt 0.016000 0.397000 0.000000
vt -0.016000 0.397000 0.000000
vt 0.016000 0.365000 0.000000
vt -0.016000 0.365000 0.000000
vt 0.365000 0.000000 0.000000
vt 0.397000 0.000000 0.000000
vt 0.349000 0.056877 0.000000
vt 0.413000 0.056877 0.000000
vt -0.016000 0.000000 0.000000
vt 0.016000 0.000000 0.000000
vt -0.032000 0.056877 0.000000
vt 0.032000 0.056877 0.000000
vt 0.032000 0.056877 0.000000
vt -0.032000 0.056877 0.000000
vt 0.016000 0.000000 0.000000
vt -0.016000 0.000000 0.000000
vt -0.397000 -0.000000 0.000000
vt -0.365000 -0.000000 0.000000
vt -0.413000 0.056877 0.000000
vt -0.349000 0.056877 0.000000
vn 0.000000 0.000000 1.000000
vn 0.000000 0.000000 1.000000
vn 0.000000 0.000000 1.000000
vn 0.000000 0.000000 1.000000
vn -1.000000 0.000000 0.000000
vn -1.000000 0.000000 0.000000
vn -1.000000 0.000000 0.000000
vn -1.000000 0.000000 0.000000
vn 1.000000 -0.000000 -0.000000
vn 1.000000 -0.000000 -0.000000
vn 1.000000 -0.000000 -0.000000
vn 1.000000 -0.000000 -0.000000
vn -0.000000 -1.000000 0.000000
vn -0.000000 -1.000000 0.000000
vn -0.000000 -1.000000 0.000000
vn -0.000000 -1.000000 0.000000
vn 0.000000 1.000000 -0.000000
vn 0.000000 1.000000 -0.000000
vn 0.000000 1.000000 -0.000000
vn 0.000000 1.000000 -0.000000
vn -0.000000 -0.000000 -1.000000
vn -0.000000 -0.000000 -1.000000
vn -0.000000 -0.000000 -1.000000
vn -0.000000 -0.000000 -1.000000
vn -0.000000 -0.959617 -0.281310
vn -0.000000 -0.959617 -0.281310
vn -0.000000 -0.959617 -0.281310
vn -0.000000 -0.959617 -0.281310
vn 0.959617 -0.000000 -0.281310
vn 0.959617 -0.000000 -0.281310
vn 0.959617 -0.000000 -0.281310
vn 0.959617 -0.000000 -0.281310
vn -0.959617 0.000000 -0.281310
vn -0.959617 0.000000 -0.281310
vn -0.959617 0.000000 -0.281310
vn -0.959617 0.000000 -0.281310
vn 0.000000 0.959617 -0.281310
vn 0.000000 0.959617 -0.281310
vn 0.000000 0.959617 -0.281310
vn 0.000000 0.959617 -0.281310
f 473/1549/1549 474/1550/1550 476/1551/1551
f 476/1551/1551 474/1550/1550 475/1552/1552
usemtl Generic
f 476/1553/1553 475/1554/1554 477/1555/1555
f 477/1555/1555 475/1554/1554 478/1556/1556
f 474/1557/1557 473/1558/1558 479/1559/1559
f 479/1559/1559 473/1558/1558 480/1560/1560
f 473/1561/1561 476/1562/1562 480/1563/1563
f 480/1563/1563 476/1562/1562 477/1564/1564
f 475/1565/1565 474/1566/1566 478/1567/1567
f 478/1567/1567 474/1566/1566 479/1568/1568
f 481/1569/1569 482/1570/1570 484/1571/1571
f 484/1571/1571 482/1570/1570 483/1572/1572
f 483/1573/1573 482/1574/1574 477/1575/1575
f 477/1575/1575 482/1574/1574 480/1576/1576
f 482/1577/1577 481/1578/1578 480/1579/1579
f 480/1579/1579 481/1578/1578 479/1580/1580
f 477/1581/1581 478/1582/1582 483/1583/1583
f 483/1583/1583 478/1582/1582 484/1584/1584
f 481/1585/1585 484/1586/1586 479/1587/1587
f 479/1587/1587 484/1586/1586 478/1588/1588
g Pin (For adding more Pins) (2) (4)

v -0.920040 -0.614500 -0.070000
v -0.856040 -0.614500 -0.070000
v -0.856040 -0.678500 -0.070000
v -0.920040 -0.678500 -0.070000
v -0.872040 -0.662500 0.280000
v -0.872040 -0.630500 0.280000
v -0.904040 -0.630500 0.280000
v -0.904040 -0.662500 0.280000
v -0.856040 -0.614500 0.225420
v -0.920040 -0.614500 0.225420
v -0.856040 -0.678500 0.225420
v -0.920040 -0.678500 0.225420
vt 0.032000 -0.859500 0.000000
vt -0.032000 -0.859500 0.000000
vt 0.032000 -0.923500 0.000000
vt -0.032000 -0.923500 0.000000
vt 0.016000 -0.365000 0.000000
vt -0.016000 -0.365000 0.000000
vt 0.016000 -0.397000 0.000000
vt -0.016000 -0.397000 0.000000
vt 0.000000 0.750000 0.000000
vt 0.064000 0.750000 0.000000
vt 0.000000 1.045420 0.000000
vt 0.064000 1.045420 0.000000
vt 0.000000 0.750000 0.000000
vt 0.064000 0.750000 0.000000
vt 0.000000 1.045420 0.000000
vt 0.064000 1.045420 0.000000
vt 0.000000 0.750000 0.000000
vt 0.064000 0.750000 0.000000
vt 0.000000 1.045420 0.000000
vt 0.064000 1.045420 0.000000
vt 0.000000 0.750000 0.000000
vt 0.064000 0.750000 0.000000
vt 0.000000 1.045420 0.000000
vt 0.064000 1.045420 0.000000
vt -0.000000 0.000000 0.000000
vt 0.064000 0.000000 0.000000
vt 0.016000 0.056877 0.000000
vt 0.048000 0.056877 0.000000
vt 0.000000 0.000000 0.000000
vt 0.064000 -0.000000 0.000000
vt 0.016000 0.056877 0.000000
vt 0.048000 0.056877 0.000000
vt 0.048000 0.056877 0.000000
vt 0.016000 0.056877 0.000000
vt 0.064000 -0.000000 0.000000
vt 0.000000 0.000000 0.000000
vt 0.000000 0.000000 0.000000
vt 0.064000 -0.000000 0.000000
vt 0.016000 0.056877 0.000000
vt 0.048000 0.056877 0.000000
vn -0.000000 -0.000000 -1.000000
vn -0.000000 -0.000000 -1.000000
vn -0.000000 -0.000000 -1.000000
vn -0.000000 -0.000000 -1.000000
vn 0.000000 0.000000 1.000000
vn 0.000000 0.000000 1.000000
vn 0.000000 0.000000 1.000000
vn 0.000000 0.000000 1.000000
vn 0.000000 1.000000 -0.000000
vn 0.000000 1.000000 -0.000000
vn 0.000000 1.000000 -0.000000
vn 0.000000 1.000000 -0.000000
vn 1.000000 0.000000 -0.000000
vn 1.000000 0.000000 -0.000000
vn 1.000000 0.000000 -0.000000
vn 1.000000 0.000000 -0.000000
vn -0.000000 -1.000000 0.000000
vn -0.000000 -1.000000 0.000000
vn -0.000000 -1.000000 0.000000
vn -0.000000 -1.000000 0.000000
vn -1.000000 -0.000000 0.000000
vn -1.000000 -0.000000 0.000000
vn -1.000000 -0.000000 0.000000
vn -1.000000 -0.000000 0.000000
vn 0.000000 0.959617 0.281310
vn 0.000000 0.959617 0.281310
vn 0.000000 0.959617 0.281310
vn 0.000000 0.959617 0.281310
vn -0.959617 -0.000000 0.281310
vn -0.959617 -0.000000 0.281310
vn -0.959617 -0.000000 0.281310
vn -0.959617 -0.000000 0.281310
vn 0.959617 0.000000 0.281310
vn 0.959617 0.000000 0.281310
vn 0.959617 0.000000 0.281310
vn 0.959617 0.000000 0.281310
vn -0.000000 -0.959617 0.281310
vn -0.000000 -0.959617 0.281310
vn -0.000000 -0.959617 0.281310
vn -0.000000 -0.959617 0.281310
usemtl Opaque(26,26,26)
f 486/1589/1589 487/1590/1590 485/1591/1591
f 485/1591/1591 487/1590/1590 488/1592/1592
usemtl Generic
f 489/1593/1593 490/1594/1594 492/1595/1595
f 492/1595/1595 490/1594/1594 491/1596/1596
f 486/1597/1597 485/1598/1598 493/1599/1599
f 493/1599/1599 485/1598/1598 494/1600/1600
f 487/1601/1601 486/1602/1602 495/1603/1603
f 495/1603/1603 486/1602/1602 493/1604/1604
f 488/1605/1605 487/1606/1606 496/1607/1607
f 496/1607/1607 487/1606/1606 495/1608/1608
f 485/1609/1609 488/1610/1610 494/1611/1611
f 494/1611/1611 488/1610/1610 496/1612/1612
f 493/1613/1613 494/1614/1614 490/1615/1615
f 490/1615/1615 494/1614/1614 491/1616/1616
f 494/1617/1617 496/1618/1618 491/1619/1619
f 491/1619/1619 496/1618/1618 492/1620/1620
f 490/1621/1621 489/1622/1622 493/1623/1623
f 493/1623/1623 489/1622/1622 495/1624/1624
f 496/1625/1625 495/1626/1626 492/1627/1627
f 492/1627/1627 495/1626/1626 489/1628/1628
g Pin (For adding more Pins) (1) (4)

v -0.663540 -0.614500 -0.070000
v -0.599540 -0.614500 -0.070000
v -0.599540 -0.678500 -0.070000
v -0.663540 -0.678500 -0.070000
v -0.615540 -0.662500 0.280000
v -0.615540 -0.630500 0.280000
v -0.647540 -0.630500 0.280000
v -0.647540 -0.662500 0.280000
v -0.599540 -0.614500 0.225420
v -0.663540 -0.614500 0.225420
v -0.599540 -0.678500 0.225420
v -0.663540 -0.678500 0.225420
vt 0.032000 -0.603000 0.000000
vt -0.032000 -0.603000 0.000000
vt 0.032000 -0.667000 0.000000
vt -0.032000 -0.667000 0.000000
vt 0.016000 -0.365000 0.000000
vt -0.016000 -0.365000 0.000000
vt 0.016000 -0.397000 0.000000
vt -0.016000 -0.397000 0.000000
vt 0.000000 0.750000 0.000000
vt 0.064000 0.750000 0.000000
vt 0.000000 1.045420 0.000000
vt 0.064000 1.045420 0.000000
vt 0.000000 0.750000 0.000000
vt 0.064000 0.750000 0.000000
vt 0.000000 1.045420 0.000000
vt 0.064000 1.045420 0.000000
vt 0.000000 0.750000 0.000000
vt 0.064000 0.750000 0.000000
vt 0.000000 1.045420 0.000000
vt 0.064000 1.045420 0.000000
vt 0.000000 0.750000 0.000000
vt 0.064000 0.750000 0.000000
vt 0.000000 1.045420 0.000000
vt 0.064000 1.045420 0.000000
vt -0.000000 0.000000 0.000000
vt 0.064000 0.000000 0.000000
vt 0.016000 0.056877 0.000000
vt 0.048000 0.056877 0.000000
vt 0.000000 0.000000 0.000000
vt 0.064000 -0.000000 0.000000
vt 0.016000 0.056877 0.000000
vt 0.048000 0.056877 0.000000
vt 0.048000 0.056877 0.000000
vt 0.016000 0.056877 0.000000
vt 0.064000 -0.000000 0.000000
vt 0.000000 0.000000 0.000000
vt 0.000000 0.000000 0.000000
vt 0.064000 -0.000000 0.000000
vt 0.016000 0.056877 0.000000
vt 0.048000 0.056877 0.000000
vn -0.000000 -0.000000 -1.000000
vn -0.000000 -0.000000 -1.000000
vn -0.000000 -0.000000 -1.000000
vn -0.000000 -0.000000 -1.000000
vn 0.000000 0.000000 1.000000
vn 0.000000 0.000000 1.000000
vn 0.000000 0.000000 1.000000
vn 0.000000 0.000000 1.000000
vn 0.000000 1.000000 -0.000000
vn 0.000000 1.000000 -0.000000
vn 0.000000 1.000000 -0.000000
vn 0.000000 1.000000 -0.000000
vn 1.000000 0.000000 -0.000000
vn 1.000000 0.000000 -0.000000
vn 1.000000 0.000000 -0.000000
vn 1.000000 0.000000 -0.000000
vn -0.000000 -1.000000 0.000000
vn -0.000000 -1.000000 0.000000
vn -0.000000 -1.000000 0.000000
vn -0.000000 -1.000000 0.000000
vn -1.000000 -0.000000 0.000000
vn -1.000000 -0.000000 0.000000
vn -1.000000 -0.000000 0.000000
vn -1.000000 -0.000000 0.000000
vn 0.000000 0.959617 0.281310
vn 0.000000 0.959617 0.281310
vn 0.000000 0.959617 0.281310
vn 0.000000 0.959617 0.281310
vn -0.959617 -0.000000 0.281310
vn -0.959617 -0.000000 0.281310
vn -0.959617 -0.000000 0.281310
vn -0.959617 -0.000000 0.281310
vn 0.959617 0.000000 0.281310
vn 0.959617 0.000000 0.281310
vn 0.959617 0.000000 0.281310
vn 0.959617 0.000000 0.281310
vn -0.000000 -0.959617 0.281310
vn -0.000000 -0.959617 0.281310
vn -0.000000 -0.959617 0.281310
vn -0.000000 -0.959617 0.281310
usemtl Opaque(26,26,26)
f 498/1629/1629 499/1630/1630 497/1631/1631
f 497/1631/1631 499/1630/1630 500/1632/1632
usemtl Generic
f 501/1633/1633 502/1634/1634 504/1635/1635
f 504/1635/1635 502/1634/1634 503/1636/1636
f 498/1637/1637 497/1638/1638 505/1639/1639
f 505/1639/1639 497/1638/1638 506/1640/1640
f 499/1641/1641 498/1642/1642 507/1643/1643
f 507/1643/1643 498/1642/1642 505/1644/1644
f 500/1645/1645 499/1646/1646 508/1647/1647
f 508/1647/1647 499/1646/1646 507/1648/1648
f 497/1649/1649 500/1650/1650 506/1651/1651
f 506/1651/1651 500/1650/1650 508/1652/1652
f 505/1653/1653 506/1654/1654 502/1655/1655
f 502/1655/1655 506/1654/1654 503/1656/1656
f 506/1657/1657 508/1658/1658 503/1659/1659
f 503/1659/1659 508/1658/1658 504/1660/1660
f 502/1661/1661 501/1662/1662 505/1663/1663
f 505/1663/1663 501/1662/1662 507/1664/1664
f 508/1665/1665 507/1666/1666 504/1667/1667
f 504/1667/1667 507/1666/1666 501/1668/1668
g Pin (For adding more Pins) (6)

v -0.407040 -0.614500 -0.070000
v -0.343040 -0.614500 -0.070000
v -0.343040 -0.678500 -0.070000
v -0.407040 -0.678500 -0.070000
v -0.359040 -0.662500 0.280000
v -0.359040 -0.630500 0.280000
v -0.391040 -0.630500 0.280000
v -0.391040 -0.662500 0.280000
v -0.343040 -0.614500 0.225420
v -0.407040 -0.614500 0.225420
v -0.343040 -0.678500 0.225420
v -0.407040 -0.678500 0.225420
vt 0.032000 -0.346500 0.000000
vt -0.032000 -0.346500 0.000000
vt 0.032000 -0.410500 0.000000
vt -0.032000 -0.410500 0.000000
vt 0.016000 -0.365000 0.000000
vt -0.016000 -0.365000 0.000000
vt 0.016000 -0.397000 0.000000
vt -0.016000 -0.397000 0.000000
vt 0.000000 0.750000 0.000000
vt 0.064000 0.750000 0.000000
vt 0.000000 1.045420 0.000000
vt 0.064000 1.045420 0.000000
vt 0.000000 0.750000 0.000000
vt 0.064000 0.750000 0.000000
vt 0.000000 1.045420 0.000000
vt 0.064000 1.045420 0.000000
vt 0.000000 0.750000 0.000000
vt 0.064000 0.750000 0.000000
vt 0.000000 1.045420 0.000000
vt 0.064000 1.045420 0.000000
vt 0.000000 0.750000 0.000000
vt 0.064000 0.750000 0.000000
vt 0.000000 1.045420 0.000000
vt 0.064000 1.045420 0.000000
vt -0.000000 0.000000 0.000000
vt 0.064000 0.000000 0.000000
vt 0.016000 0.056877 0.000000
vt 0.048000 0.056877 0.000000
vt 0.000000 0.000000 0.000000
vt 0.064000 -0.000000 0.000000
vt 0.016000 0.056877 0.000000
vt 0.048000 0.056877 0.000000
vt 0.048000 0.056877 0.000000
vt 0.016000 0.056877 0.000000
vt 0.064000 -0.000000 0.000000
vt 0.000000 0.000000 0.000000
vt 0.000000 0.000000 0.000000
vt 0.064000 -0.000000 0.000000
vt 0.016000 0.056877 0.000000
vt 0.048000 0.056877 0.000000
vn -0.000000 -0.000000 -1.000000
vn -0.000000 -0.000000 -1.000000
vn -0.000000 -0.000000 -1.000000
vn -0.000000 -0.000000 -1.000000
vn 0.000000 0.000000 1.000000
vn 0.000000 0.000000 1.000000
vn 0.000000 0.000000 1.000000
vn 0.000000 0.000000 1.000000
vn 0.000000 1.000000 -0.000000
vn 0.000000 1.000000 -0.000000
vn 0.000000 1.000000 -0.000000
vn 0.000000 1.000000 -0.000000
vn 1.000000 0.000000 -0.000000
vn 1.000000 0.000000 -0.000000
vn 1.000000 0.000000 -0.000000
vn 1.000000 0.000000 -0.000000
vn -0.000000 -1.000000 0.000000
vn -0.000000 -1.000000 0.000000
vn -0.000000 -1.000000 0.000000
vn -0.000000 -1.000000 0.000000
vn -1.000000 -0.000000 0.000000
vn -1.000000 -0.000000 0.000000
vn -1.000000 -0.000000 0.000000
vn -1.000000 -0.000000 0.000000
vn 0.000000 0.959617 0.281310
vn 0.000000 0.959617 0.281310
vn 0.000000 0.959617 0.281310
vn 0.000000 0.959617 0.281310
vn -0.959617 -0.000000 0.281310
vn -0.959617 -0.000000 0.281310
vn -0.959617 -0.000000 0.281310
vn -0.959617 -0.000000 0.281310
vn 0.959617 0.000000 0.281310
vn 0.959617 0.000000 0.281310
vn 0.959617 0.000000 0.281310
vn 0.959617 0.000000 0.281310
vn -0.000000 -0.959617 0.281310
vn -0.000000 -0.959617 0.281310
vn -0.000000 -0.959617 0.281310
vn -0.000000 -0.959617 0.281310
usemtl Opaque(26,26,26)
f 510/1669/1669 511/1670/1670 509/1671/1671
f 509/1671/1671 511/1670/1670 512/1672/1672
usemtl Generic
f 513/1673/1673 514/1674/1674 516/1675/1675
f 516/1675/1675 514/1674/1674 515/1676/1676
f 510/1677/1677 509/1678/1678 517/1679/1679
f 517/1679/1679 509/1678/1678 518/1680/1680
f 511/1681/1681 510/1682/1682 519/1683/1683
f 519/1683/1683 510/1682/1682 517/1684/1684
f 512/1685/1685 511/1686/1686 520/1687/1687
f 520/1687/1687 511/1686/1686 519/1688/1688
f 509/1689/1689 512/1690/1690 518/1691/1691
f 518/1691/1691 512/1690/1690 520/1692/1692
f 517/1693/1693 518/1694/1694 514/1695/1695
f 514/1695/1695 518/1694/1694 515/1696/1696
f 518/1697/1697 520/1698/1698 515/1699/1699
f 515/1699/1699 520/1698/1698 516/1700/1700
f 514/1701/1701 513/1702/1702 517/1703/1703
f 517/1703/1703 513/1702/1702 519/1704/1704
f 520/1705/1705 519/1706/1706 516/1707/1707
f 516/1707/1707 519/1706/1706 513/1708/1708
g Header Main Body (8)

v 0.672960 -0.678500 -0.070000
v 0.608960 -0.678500 -0.070000
v 0.608960 -0.614500 -0.070000
v 0.672960 -0.614500 -0.070000
v 0.608960 -0.614500 0.163000
v 0.608960 -0.678500 0.163000
v 0.672960 -0.678500 0.163000
v 0.672960 -0.614500 0.163000
vt -0.032000 0.605500 0.000000
vt 0.032000 0.605500 0.000000
vt -0.032000 0.669500 0.000000
vt 0.032000 0.669500 0.000000
vt -0.032000 0.220750 0.000000
vt 0.032000 0.220750 0.000000
vt -0.032000 0.284750 0.000000
vt 0.032000 0.284750 0.000000
vt 0.064000 0.983000 0.000000
vt 0.000000 0.983000 0.000000
vt 0.064000 0.750000 0.000000
vt 0.000000 0.750000 0.000000
vt 0.064000 0.983000 0.000000
vt 0.000000 0.983000 0.000000
vt 0.064000 0.750000 0.000000
vt 0.000000 0.750000 0.000000
vt 0.064000 0.983000 0.000000
vt 0.000000 0.983000 0.000000
vt 0.064000 0.750000 0.000000
vt 0.000000 0.750000 0.000000
vt 0.064000 0.983000 0.000000
vt 0.000000 0.983000 0.000000
vt 0.064000 0.750000 0.000000
vt 0.000000 0.750000 0.000000
vn -0.000000 -0.000000 -1.000000
vn -0.000000 -0.000000 -1.000000
vn -0.000000 -0.000000 -1.000000
vn -0.000000 -0.000000 -1.000000
vn 0.000000 0.000000 1.000000
vn 0.000000 0.000000 1.000000
vn 0.000000 0.000000 1.000000
vn 0.000000 0.000000 1.000000
vn -0.000000 -1.000000 0.000000
vn -0.000000 -1.000000 0.000000
vn -0.000000 -1.000000 0.000000
vn -0.000000 -1.000000 0.000000
vn -1.000000 -0.000000 0.000000
vn -1.000000 -0.000000 0.000000
vn -1.000000 -0.000000 0.000000
vn -1.000000 -0.000000 0.000000
vn 1.000000 -0.000000 -0.000000
vn 1.000000 -0.000000 -0.000000
vn 1.000000 -0.000000 -0.000000
vn 1.000000 -0.000000 -0.000000
vn 0.000000 1.000000 -0.000000
vn 0.000000 1.000000 -0.000000
vn 0.000000 1.000000 -0.000000
vn 0.000000 1.000000 -0.000000
usemtl Opaque(26,26,26)
f 522/1709/1709 523/1710/1710 521/1711/1711
f 521/1711/1711 523/1710/1710 524/1712/1712
f 525/1713/1713 526/1714/1714 528/1715/1715
f 528/1715/1715 526/1714/1714 527/1716/1716
usemtl Generic
f 527/1717/1717 526/1718/1718 521/1719/1719
f 521/1719/1719 526/1718/1718 522/1720/1720
f 526/1721/1721 525/1722/1722 522/1723/1723
f 522/1723/1723 525/1722/1722 523/1724/1724
f 528/1725/1725 527/1726/1726 524/1727/1727
f 524/1727/1727 527/1726/1726 521/1728/1728
f 525/1729/1729 528/1730/1730 523/1731/1731
f 523/1731/1731 528/1730/1730 524/1732/1732
g Header Main Body (10)

v 0.926960 -0.678500 -0.070000
v 0.862960 -0.678500 -0.070000
v 0.862960 -0.614500 -0.070000
v 0.926960 -0.614500 -0.070000
v 0.862960 -0.614500 0.163000
v 0.862960 -0.678500 0.163000
v 0.926960 -0.678500 0.163000
v 0.926960 -0.614500 0.163000
vt -0.032000 0.859500 0.000000
vt 0.032000 0.859500 0.000000
vt -0.032000 0.923500 0.000000
vt 0.032000 0.923500 0.000000
vt -0.032000 0.474750 0.000000
vt 0.032000 0.474750 0.000000
vt -0.032000 0.538750 0.000000
vt 0.032000 0.538750 0.000000
vt 0.064000 0.983000 0.000000
vt 0.000000 0.983000 0.000000
vt 0.064000 0.750000 0.000000
vt 0.000000 0.750000 0.000000
vt 0.064000 0.983000 0.000000
vt 0.000000 0.983000 0.000000
vt 0.064000 0.750000 0.000000
vt 0.000000 0.750000 0.000000
vt 0.064000 0.983000 0.000000
vt 0.000000 0.983000 0.000000
vt 0.064000 0.750000 0.000000
vt 0.000000 0.750000 0.000000
vt 0.064000 0.983000 0.000000
vt 0.000000 0.983000 0.000000
vt 0.064000 0.750000 0.000000
vt 0.000000 0.750000 0.000000
vn -0.000000 -0.000000 -1.000000
vn -0.000000 -0.000000 -1.000000
vn -0.000000 -0.000000 -1.000000
vn -0.000000 -0.000000 -1.000000
vn 0.000000 0.000000 1.000000
vn 0.000000 0.000000 1.000000
vn 0.000000 0.000000 1.000000
vn 0.000000 0.000000 1.000000
vn -0.000000 -1.000000 0.000000
vn -0.000000 -1.000000 0.000000
vn -0.000000 -1.000000 0.000000
vn -0.000000 -1.000000 0.000000
vn -1.000000 0.000000 0.000000
vn -1.000000 0.000000 0.000000
vn -1.000000 0.000000 0.000000
vn -1.000000 0.000000 0.000000
vn 1.000000 -0.000000 -0.000000
vn 1.000000 -0.000000 -0.000000
vn 1.000000 -0.000000 -0.000000
vn 1.000000 -0.000000 -0.000000
vn 0.000000 1.000000 -0.000000
vn 0.000000 1.000000 -0.000000
vn 0.000000 1.000000 -0.000000
vn 0.000000 1.000000 -0.000000
usemtl Opaque(26,26,26)
f 530/1733/1733 531/1734/1734 529/1735/1735
f 529/1735/1735 531/1734/1734 532/1736/1736
f 533/1737/1737 534/1738/1738 536/1739/1739
f 536/1739/1739 534/1738/1738 535/1740/1740
usemtl Generic
f 535/1741/1741 534/1742/1742 529/1743/1743
f 529/1743/1743 534/1742/1742 530/1744/1744
f 534/1745/1745 533/1746/1746 530/1747/1747
f 530/1747/1747 533/1746/1746 531/1748/1748
f 536/1749/1749 535/1750/1750 532/1751/1751
f 532/1751/1751 535/1750/1750 529/1752/1752
f 533/1753/1753 536/1754/1754 531/1755/1755
f 531/1755/1755 536/1754/1754 532/1756/1756
g Header Main Body (12)

v 0.164960 -0.678500 -0.070000
v 0.100960 -0.678500 -0.070000
v 0.100960 -0.614500 -0.070000
v 0.164960 -0.614500 -0.070000
v 0.100960 -0.614500 0.163000
v 0.100960 -0.678500 0.163000
v 0.164960 -0.678500 0.163000
v 0.164960 -0.614500 0.163000
vt -0.032000 0.097500 0.000000
vt 0.032000 0.097500 0.000000
vt -0.032000 0.161500 0.000000
vt 0.032000 0.161500 0.000000
vt -0.032000 -0.287250 0.000000
vt 0.032000 -0.287250 0.000000
vt -0.032000 -0.223250 0.000000
vt 0.032000 -0.223250 0.000000
vt 0.064000 0.983000 0.000000
vt 0.000000 0.983000 0.000000
vt 0.064000 0.750000 0.000000
vt 0.000000 0.750000 0.000000
vt 0.064000 0.983000 0.000000
vt 0.000000 0.983000 0.000000
vt 0.064000 0.750000 0.000000
vt 0.000000 0.750000 0.000000
vt 0.064000 0.983000 0.000000
vt 0.000000 0.983000 0.000000
vt 0.064000 0.750000 0.000000
vt 0.000000 0.750000 0.000000
vt 0.064000 0.983000 0.000000
vt 0.000000 0.983000 0.000000
vt 0.064000 0.750000 0.000000
vt 0.000000 0.750000 0.000000
vn -0.000000 -0.000000 -1.000000
vn -0.000000 -0.000000 -1.000000
vn -0.000000 -0.000000 -1.000000
vn -0.000000 -0.000000 -1.000000
vn 0.000000 0.000000 1.000000
vn 0.000000 0.000000 1.000000
vn 0.000000 0.000000 1.000000
vn 0.000000 0.000000 1.000000
vn -0.000000 -1.000000 0.000000
vn -0.000000 -1.000000 0.000000
vn -0.000000 -1.000000 0.000000
vn -0.000000 -1.000000 0.000000
vn -1.000000 -0.000000 0.000000
vn -1.000000 -0.000000 0.000000
vn -1.000000 -0.000000 0.000000
vn -1.000000 -0.000000 0.000000
vn 1.000000 -0.000000 -0.000000
vn 1.000000 -0.000000 -0.000000
vn 1.000000 -0.000000 -0.000000
vn 1.000000 -0.000000 -0.000000
vn 0.000000 1.000000 -0.000000
vn 0.000000 1.000000 -0.000000
vn 0.000000 1.000000 -0.000000
vn 0.000000 1.000000 -0.000000
usemtl Opaque(26,26,26)
f 538/1757/1757 539/1758/1758 537/1759/1759
f 537/1759/1759 539/1758/1758 540/1760/1760
f 541/1761/1761 542/1762/1762 544/1763/1763
f 544/1763/1763 542/1762/1762 543/1764/1764
usemtl Generic
f 543/1765/1765 542/1766/1766 537/1767/1767
f 537/1767/1767 542/1766/1766 538/1768/1768
f 542/1769/1769 541/1770/1770 538/1771/1771
f 538/1771/1771 541/1770/1770 539/1772/1772
f 544/1773/1773 543/1774/1774 540/1775/1775
f 540/1775/1775 543/1774/1774 537/1776/1776
f 541/1777/1777 544/1778/1778 539/1779/1779
f 539/1779/1779 544/1778/1778 540/1780/1780
g Header Main Body (14)

v 0.418960 -0.678500 -0.070000
v 0.354960 -0.678500 -0.070000
v 0.354960 -0.614500 -0.070000
v 0.418960 -0.614500 -0.070000
v 0.354960 -0.614500 0.163000
v 0.354960 -0.678500 0.163000
v 0.418960 -0.678500 0.163000
v 0.418960 -0.614500 0.163000
vt -0.032000 0.351500 0.000000
vt 0.032000 0.351500 0.000000
vt -0.032000 0.415500 0.000000
vt 0.032000 0.415500 0.000000
vt -0.032000 -0.033250 0.000000
vt 0.032000 -0.033250 0.000000
vt -0.032000 0.030750 0.000000
vt 0.032000 0.030750 0.000000
vt 0.064000 0.983000 0.000000
vt 0.000000 0.983000 0.000000
vt 0.064000 0.750000 0.000000
vt 0.000000 0.750000 0.000000
vt 0.064000 0.983000 0.000000
vt 0.000000 0.983000 0.000000
vt 0.064000 0.750000 0.000000
vt 0.000000 0.750000 0.000000
vt 0.064000 0.983000 0.000000
vt 0.000000 0.983000 0.000000
vt 0.064000 0.750000 0.000000
vt 0.000000 0.750000 0.000000
vt 0.064000 0.983000 0.000000
vt 0.000000 0.983000 0.000000
vt 0.064000 0.750000 0.000000
vt 0.000000 0.750000 0.000000
vn -0.000000 -0.000000 -1.000000
vn -0.000000 -0.000000 -1.000000
vn -0.000000 -0.000000 -1.000000
vn -0.000000 -0.000000 -1.000000
vn 0.000000 0.000000 1.000000
vn 0.000000 0.000000 1.000000
vn 0.000000 0.000000 1.000000
vn 0.000000 0.000000 1.000000
vn -0.000000 -1.000000 0.000000
vn -0.000000 -1.000000 0.000000
vn -0.000000 -1.000000 0.000000
vn -0.000000 -1.000000 0.000000
vn -1.000000 0.000000 0.000000
vn -1.000000 0.000000 0.000000
vn -1.000000 0.000000 0.000000
vn -1.000000 0.000000 0.000000
vn 1.000000 -0.000000 -0.000000
vn 1.000000 -0.000000 -0.000000
vn 1.000000 -0.000000 -0.000000
vn 1.000000 -0.000000 -0.000000
vn 0.000000 1.000000 -0.000000
vn 0.000000 1.000000 -0.000000
vn 0.000000 1.000000 -0.000000
vn 0.000000 1.000000 -0.000000
usemtl Opaque(26,26,26)
f 546/1781/1781 547/1782/1782 545/1783/1783
f 545/1783/1783 547/1782/1782 548/1784/1784
f 549/1785/1785 550/1786/1786 552/1787/1787
f 552/1787/1787 550/1786/1786 551/1788/1788
usemtl Generic
f 551/1789/1789 550/1790/1790 545/1791/1791
f 545/1791/1791 550/1790/1790 546/1792/1792
f 550/1793/1793 549/1794/1794 546/1795/1795
f 546/1795/1795 549/1794/1794 547/1796/1796
f 552/1797/1797 551/1798/1798 548/1799/1799
f 548/1799/1799 551/1798/1798 545/1800/1800
f 549/1801/1801 552/1802/1802 547/1803/1803
f 547/1803/1803 552/1802/1802 548/1804/1804
g Header Main Body (22)

v -0.153040 -0.678500 -0.070000
v -0.153040 -0.614500 -0.070000
v -0.089040 -0.614500 -0.070000
v -0.089040 -0.678500 -0.070000
v -0.089040 -0.614500 0.163000
v -0.153040 -0.614500 0.163000
v -0.153040 -0.678500 0.163000
v -0.089040 -0.678500 0.163000
vt -0.032000 -0.156500 0.000000
vt 0.032000 -0.156500 0.000000
vt -0.032000 -0.092500 0.000000
vt 0.032000 -0.092500 0.000000
vt -0.032000 -0.541250 0.000000
vt 0.032000 -0.541250 0.000000
vt -0.032000 -0.477250 0.000000
vt 0.032000 -0.477250 0.000000
vt 0.064000 0.983000 0.000000
vt 0.000000 0.983000 0.000000
vt 0.064000 0.750000 0.000000
vt 0.000000 0.750000 0.000000
vt 0.064000 0.983000 0.000000
vt 0.000000 0.983000 0.000000
vt 0.064000 0.750000 0.000000
vt 0.000000 0.750000 0.000000
vt 0.064000 0.983000 0.000000
vt 0.000000 0.983000 0.000000
vt 0.064000 0.750000 0.000000
vt 0.000000 0.750000 0.000000
vt 0.064000 0.983000 0.000000
vt 0.000000 0.983000 0.000000
vt 0.064000 0.750000 0.000000
vt 0.000000 0.750000 0.000000
vn -0.000000 -0.000000 -1.000000
vn -0.000000 -0.000000 -1.000000
vn -0.000000 -0.000000 -1.000000
vn -0.000000 -0.000000 -1.000000
vn 0.000000 0.000000 1.000000
vn 0.000000 0.000000 1.000000
vn 0.000000 0.000000 1.000000
vn 0.000000 0.000000 1.000000
vn -1.000000 -0.000000 0.000000
vn -1.000000 -0.000000 0.000000
vn -1.000000 -0.000000 0.000000
vn -1.000000 -0.000000 0.000000
vn 0.000000 1.000000 -0.000000
vn 0.000000 1.000000 -0.000000
vn 0.000000 1.000000 -0.000000
vn 0.000000 1.000000 -0.000000
vn 1.000000 -0.000000 -0.000000
vn 1.000000 -0.000000 -0.000000
vn 1.000000 -0.000000 -0.000000
vn 1.000000 -0.000000 -0.000000
vn -0.000000 -1.000000 0.000000
vn -0.000000 -1.000000 0.000000
vn -0.000000 -1.000000 0.000000
vn -0.000000 -1.000000 0.000000
usemtl Opaque(26,26,26)
f 553/1805/1805 554/1806/1806 556/1807/1807
f 556/1807/1807 554/1806/1806 555/1808/1808
f 558/1809/1809 559/1810/1810 557/1811/1811
f 557/1811/1811 559/1810/1810 560/1812/1812
usemtl Generic
f 559/1813/1813 558/1814/1814 553/1815/1815
f 553/1815/1815 558/1814/1814 554/1816/1816
f 558/1817/1817 557/1818/1818 554/1819/1819
f 554/1819/1819 557/1818/1818 555/1820/1820
f 557/1821/1821 560/1822/1822 555/1823/1823
f 555/1823/1823 560/1822/1822 556/1824/1824
f 560/1825/1825 559/1826/1826 556/1827/1827
f 556/1827/1827 559/1826/1826 553/1828/1828
g PCB (1)

v 0.605000 0.519500 0.143000
v -0.459000 0.519500 0.143000
v -0.459000 -0.530500 0.143000
v 0.605000 -0.530500 0.143000
v 0.605000 -0.530500 0.163000
v 0.605000 0.519500 0.163000
v -0.459000 -0.530500 0.163000
v -0.459000 0.519500 0.163000
v -1.030000 -0.771500 0.163000
v -1.030000 0.771500 0.163000
v -1.030000 0.771500 0.000000
v -1.030000 -0.771500 0.000000
v 1.030000 -0.771500 0.163000
v 1.030000 0.771500 0.163000
v 1.030000 -0.771500 0.000000
v 1.030000 0.771500 0.000000
vt 0.532000 0.525000 0.000000
vt -0.532000 0.525000 0.000000
vt 0.532000 -0.525000 0.000000
vt -0.532000 -0.525000 0.000000
vt -1.050000 -0.020000 0.000000
vt -0.000000 -0.020000 0.000000
vt -1.050000 0.000000 0.000000
vt -0.000000 0.000000 0.000000
vt -1.064000 -0.020000 0.000000
vt -0.000000 -0.020000 0.000000
vt -1.064000 0.000000 0.000000
vt -0.000000 0.000000 0.000000
vt -1.064000 -0.020000 0.000000
vt -0.000000 -0.020000 0.000000
vt -1.064000 0.000000 0.000000
vt -0.000000 0.000000 0.000000
vt -1.050000 -0.020000 0.000000
vt 0.000000 -0.020000 0.000000
vt -1.050000 0.000000 0.000000
vt -0.000000 0.000000 0.000000
vt 0.435000 0.771500 0.000000
vt 0.272000 0.771500 0.000000
vt 0.435000 -0.771500 0.000000
vt 0.272000 -0.771500 0.000000
vt -0.459000 0.519500 0.000000
vt -1.030000 -0.771500 0.000000
vt -0.459000 -0.530500 0.000000
vt 1.030000 -0.771500 0.000000
vt 0.605000 -0.530500 0.000000
vt 0.605000 0.519500 0.000000
vt 1.030000 0.771500 0.000000
vt -1.030000 0.771500 0.000000
vt -0.272000 0.771500 0.000000
vt -0.435000 0.771500 0.000000
vt -0.272000 -0.771500 0.000000
vt -0.435000 -0.771500 0.000000
vt -1.030000 -0.771500 0.000000
vt 1.030000 -0.771500 0.000000
vt -1.030000 0.771500 0.000000
vt 1.030000 0.771500 0.000000
vt 0.163000 0.000000 0.000000
vt -0.000000 0.000000 0.000000
vt 0.163000 -2.060000 0.000000
vt -0.000000 -2.060000 0.000000
vt -0.000000 -0.163000 0.000000
vt 2.060000 -0.163000 0.000000
vt -0.000000 0.000000 0.000000
vt 2.060000 0.000000 0.000000
vn 0.000000 0.000000 1.000000
vn 0.000000 0.000000 1.000000
vn 0.000000 0.000000 1.000000
vn 0.000000 0.000000 1.000000
vn -1.000000 -0.000000 0.000000
vn -1.000000 -0.000000 0.000000
vn -1.000000 -0.000000 0.000000
vn -1.000000 -0.000000 0.000000
vn -0.000000 1.000000 -0.000000
vn -0.000000 1.000000 -0.000000
vn -0.000000 1.000000 -0.000000
vn -0.000000 1.000000 -0.000000
vn -0.000000 -1.000000 0.000000
vn -0.000000 -1.000000 0.000000
vn -0.000000 -1.000000 0.000000
vn -0.000000 -1.000000 0.000000
vn 1.000000 -0.000000 -0.000000
vn 1.000000 -0.000000 -0.000000
vn 1.000000 -0.000000 -0.000000
vn 1.000000 -0.000000 -0.000000
vn -1.000000 0.000000 -0.000000
vn -1.000000 0.000000 -0.000000
vn -1.000000 0.000000 -0.000000
vn -1.000000 0.000000 -0.000000
vn -0.000000 -0.000000 1.000000
vn -0.000000 -0.000000 1.000000
vn -0.000000 -0.000000 1.000000
vn -0.000000 -0.000000 1.000000
vn -0.000000 -0.000000 1.000000
vn -0.000000 -0.000000 1.000000
vn -0.000000 -0.000000 1.000000
vn -0.000000 -0.000000 1.000000
vn 1.000000 -0.000000 0.000000
vn 1.000000 -0.000000 0.000000
vn 1.000000 -0.000000 0.000000
vn 1.000000 -0.000000 0.000000
vn -0.000000 0.000000 -1.000000
vn -0.000000 0.000000 -1.000000
vn -0.000000 0.000000 -1.000000
vn -0.000000 0.000000 -1.000000
vn -0.000000 -1.000000 0.000000
vn -0.000000 -1.000000 0.000000
vn -0.000000 -1.000000 0.000000
vn -0.000000 -1.000000 0.000000
vn 0.000000 1.000000 -0.000000
vn 0.000000 1.000000 -0.000000
vn 0.000000 1.000000 -0.000000
vn 0.000000 1.000000 -0.000000
usemtl Paint_-_Enamel_Glossy_(Black)
f 561/1829/1829 562/1830/1830 564/1831/1831
f 564/1831/1831 562/1830/1830 563/1832/1832
f 561/1833/1833 564/1834/1834 566/1835/1835
f 566/1835/1835 564/1834/1834 565/1836/1836
f 564/1837/1837 563/1838/1838 565/1839/1839
f 565/1839/1839 563/1838/1838 567/1840/1840
f 562/1841/1841 561/1842/1842 568/1843/1843
f 568/1843/1843 561/1842/1842 566/1844/1844
f 563/1845/1845 562/1846/1846 567/1847/1847
f 567/1847/1847 562/1846/1846 568/1848/1848
f 570/1849/1849 571/1850/1850 569/1851/1851
f 569/1851/1851 571/1850/1850 572/1852/1852
f 568/1853/1853 569/1854/1854 567/1855/1855
f 567/1855/1855 569/1854/1854 573/1856/1856
f 567/1855/1855 573/1856/1856 565/1857/1857
f 565/1857/1857 573/1856/1856 566/1858/1858
f 566/1858/1858 573/1856/1856 574/1859/1859
f 566/1858/1858 574/1859/1859 568/1853/1853
f 568/1853/1853 574/1859/1859 570/1860/1860
f 568/1853/1853 570/1860/1860 569/1854/1854
f 576/1861/1861 574/1862/1862 575/1863/1863
f 575/1863/1863 574/1862/1862 573/1864/1864
f 575/1865/1865 572/1866/1866 576/1867/1867
f 576/1867/1867 572/1866/1866 571/1868/1868
f 575/1869/1869 573/1870/1870 572/1871/1871
f 572/1871/1871 573/1870/1870 569/1872/1872
f 576/1873/1873 571/1874/1874 574/1875/1875
f 574/1875/1875 571/1874/1874 570/1876/1876
g PCB (2)

v -0.459000 0.519500 0.143000
v 0.605000 0.519500 0.143000
v 0.605000 -0.530500 0.143000
v -0.459000 -0.530500 0.143000
v 0.605000 -0.530500 0.163000
v -0.459000 -0.530500 0.163000
v 0.605000 0.519500 0.163000
v -0.459000 0.519500 0.163000
vt 0.532000 0.525000 0.000000
vt -0.532000 0.525000 0.000000
vt 0.532000 -0.525000 0.000000
vt -0.532000 -0.525000 0.000000
vt 0.000000 -0.020000 0.000000
vt 1.064000 -0.020000 0.000000
vt 0.000000 0.000000 0.000000
vt 1.064000 0.000000 0.000000
vt 0.000000 -0.020000 0.000000
vt 1.050000 -0.020000 0.000000
vt 0.000000 0.000000 0.000000
vt 1.050000 0.000000 0.000000
vt -0.459000 -0.530500 0.000000
vt 0.605000 -0.530500 0.000000
vt -0.459000 0.519500 0.000000
vt 0.605000 0.519500 0.000000
vt 0.000000 -0.020000 0.000000
vt 1.064000 -0.020000 0.000000
vt 0.000000 0.000000 0.000000
vt 1.064000 0.000000 0.000000
vt -0.000000 -0.020000 0.000000
vt 1.050000 -0.020000 0.000000
vt 0.000000 0.000000 0.000000
vt 1.050000 0.000000 0.000000
vn -0.000000 -0.000000 -1.000000
vn -0.000000 -0.000000 -1.000000
vn -0.000000 -0.000000 -1.000000
vn -0.000000 -0.000000 -1.000000
vn 0.000000 -1.000000 0.000000
vn 0.000000 -1.000000 0.000000
vn 0.000000 -1.000000 0.000000
vn 0.000000 -1.000000 0.000000
vn 1.000000 0.000000 -0.000000
vn 1.000000 0.000000 -0.000000
vn 1.000000 0.000000 -0.000000
vn 1.000000 0.000000 -0.000000
vn -0.000000 -0.000000 1.000000
vn -0.000000 -0.000000 1.000000
vn -0.000000 -0.000000 1.000000
vn -0.000000 -0.000000 1.000000
vn 0.000000 1.000000 -0.000000
vn 0.000000 1.000000 -0.000000
vn 0.000000 1.000000 -0.000000
vn 0.000000 1.000000 -0.000000
vn -1.000000 0.000000 0.000000
vn -1.000000 0.000000 0.000000
vn -1.000000 0.000000 0.000000
vn -1.000000 0.000000 0.000000
usemtl Gold_-_Polished
f 577/1877/1877 578/1878/1878 580/1879/1879
f 580/1879/1879 578/1878/1878 579/1880/1880
f 580/1881/1881 579/1882/1882 582/1883/1883
f 582/1883/1883 579/1882/1882 581/1884/1884
f 579/1885/1885 578/1886/1886 581/1887/1887
f 581/1887/1887 578/1886/1886 583/1888/1888
f 582/1889/1889 581/1890/1890 584/1891/1891
f 584/1891/1891 581/1890/1890 583/1892/1892
f 578/1893/1893 577/1894/1894 583/1895/1895
f 583/1895/1895 577/1894/1894 584/1896/1896
f 577/1897/1897 580/1898/1898 584/1899/1899
f 584/1899/1899 580/1898/1898 582/1900/1900
g Body20

v -0.730000 0.417500 0.238000
v -0.730000 0.044500 0.238000
v -0.730000 0.044500 0.163000
v -0.730000 0.417500 0.163000
v -1.030000 0.044500 0.238000
v -1.030000 0.044500 0.163000
v -1.030000 0.417500 0.163000
v -1.030000 0.417500 0.238000
vt 0.417500 -0.100000 0.000000
vt 0.044500 -0.100000 0.000000
vt 0.417500 -0.175000 0.000000
vt 0.044500 -0.175000 0.000000
vt 0.175000 -0.730000 0.000000
vt 0.100000 -0.730000 0.000000
vt 0.175000 -1.030000 0.000000
vt 0.100000 -1.030000 0.000000
vt -0.175000 -1.030000 0.000000
vt -0.100000 -1.030000 0.000000
vt -0.175000 -0.730000 0.000000
vt -0.100000 -0.730000 0.000000
vt -1.030000 0.044500 0.000000
vt -0.730000 0.044500 0.000000
vt -1.030000 0.417500 0.000000
vt -0.730000 0.417500 0.000000
vt 0.435000 0.044500 0.000000
vt 0.510000 0.044500 0.000000
vt 0.435000 0.417500 0.000000
vt 0.510000 0.417500 0.000000
vt 0.730000 0.044500 0.000000
vt 1.030000 0.044500 0.000000
vt 0.730000 0.417500 0.000000
vt 1.030000 0.417500 0.000000
vn 1.000000 0.000000 -0.000000
vn 1.000000 0.000000 -0.000000
vn 1.000000 0.000000 -0.000000
vn 1.000000 0.000000 -0.000000
vn 0.000000 -1.000000 0.000000
vn 0.000000 -1.000000 0.000000
vn 0.000000 -1.000000 0.000000
vn 0.000000 -1.000000 0.000000
vn 0.000000 1.000000 0.000000
vn 0.000000 1.000000 0.000000
vn 0.000000 1.000000 0.000000
vn 0.000000 1.000000 0.000000
vn -0.000000 0.000000 1.000000
vn -0.000000 0.000000 1.000000
vn -0.000000 0.000000 1.000000
vn -0.000000 0.000000 1.000000
vn -1.000000 0.000000 -0.000000
vn -1.000000 0.000000 -0.000000
vn -1.000000 0.000000 -0.000000
vn -1.000000 0.000000 -0.000000
vn -0.000000 0.000000 -1.000000
vn -0.000000 0.000000 -1.000000
vn -0.000000 0.000000 -1.000000
vn -0.000000 0.000000 -1.000000
usemtl Chrome
f 585/1901/1901 586/1902/1902 588/1903/1903
f 588/1903/1903 586/1902/1902 587/1904/1904
f 587/1905/1905 586/1906/1906 590/1907/1907
f 590/1907/1907 586/1906/1906 589/1908/1908
f 591/1909/1909 592/1910/1910 588/1911/1911
f 588/1911/1911 592/1910/1910 585/1912/1912
f 589/1913/1913 586/1914/1914 592/1915/1915
f 592/1915/1915 586/1914/1914 585/1916/1916
f 590/1917/1917 589/1918/1918 591/1919/1919
f 591/1919/1919 589/1918/1918 592/1920/1920
f 587/1921/1921 590/1922/1922 588/1923/1923
f 588/1923/1923 590/1922/1922 591/1924/1924
g Body37

v 0.555000 -0.480500 0.163000
v -0.409000 -0.480500 0.163000
v -0.409000 0.469500 0.163000
v 0.555000 0.469500 0.163000
v 0.192000 0.392500 0.388000
v 0.192000 0.469500 0.388000
v 0.192000 0.469500 1.388000
v 0.192000 0.392500 1.388000
v 0.317000 0.392500 1.388000
v 0.317000 0.469500 1.388000
v 0.317000 0.469500 0.388000
v 0.317000 0.392500 0.388000
v -0.171000 0.392500 0.388000
v -0.171000 0.469500 0.388000
v -0.171000 0.469500 1.388000
v -0.171000 0.392500 1.388000
v -0.046000 0.392500 1.388000
v -0.046000 0.469500 1.388000
v -0.046000 0.469500 0.388000
v -0.046000 0.392500 0.388000
v 0.317000 0.251250 0.388000
v 0.317000 0.174250 0.388000
v 0.317000 0.174250 1.388000
v 0.317000 0.251250 1.388000
v 0.192000 0.251250 1.388000
v 0.192000 0.174250 1.388000
v 0.192000 0.174250 0.388000
v 0.192000 0.251250 0.388000
v -0.046000 0.251250 0.388000
v -0.046000 0.174250 0.388000
v -0.046000 0.174250 1.388000
v -0.046000 0.251250 1.388000
v -0.171000 0.251250 1.388000
v -0.171000 0.174250 1.388000
v -0.171000 0.174250 0.388000
v -0.171000 0.251250 0.388000
v 0.317000 0.033000 0.388000
v 0.317000 -0.044000 0.388000
v 0.317000 -0.044000 1.388000
v 0.317000 0.033000 1.388000
v 0.192000 0.033000 1.388000
v 0.192000 -0.044000 1.388000
v 0.192000 -0.044000 0.388000
v 0.192000 0.033000 0.388000
v -0.046000 0.033000 0.388000
v -0.046000 -0.044000 0.388000
v -0.046000 -0.044000 1.388000
v -0.046000 0.033000 1.388000
v -0.171000 0.033000 1.388000
v -0.171000 -0.044000 1.388000
v -0.171000 -0.044000 0.388000
v -0.171000 0.033000 0.388000
v 0.317000 -0.403500 0.388000
v 0.317000 -0.480500 0.388000
v 0.317000 -0.480500 1.388000
v 0.317000 -0.403500 1.388000
v 0.192000 -0.403500 1.388000
v 0.192000 -0.480500 1.388000
v 0.192000 -0.480500 0.388000
v 0.192000 -0.403500 0.388000
v -0.046000 -0.403500 0.388000
v -0.046000 -0.480500 0.388000
v -0.046000 -0.480500 1.388000
v -0.046000 -0.403500 1.388000
v -0.171000 -0.403500 1.388000
v -0.171000 -0.480500 1.388000
v -0.171000 -0.480500 0.388000
v -0.171000 -0.403500 0.388000
v 0.317000 -0.185250 0.388000
v 0.317000 -0.262250 0.388000
v 0.317000 -0.262250 1.388000
v 0.317000 -0.185250 1.388000
v 0.192000 -0.185250 1.388000
v 0.192000 -0.262250 1.388000
v 0.192000 -0.262250 0.388000
v 0.192000 -0.185250 0.388000
v -0.046000 -0.185250 0.388000
v -0.046000 -0.262250 0.388000
v -0.046000 -0.262250 1.388000
v -0.046000 -0.185250 1.388000
v -0.171000 -0.185250 1.388000
v -0.171000 -0.262250 1.388000
v -0.171000 -0.262250 0.388000
v -0.171000 -0.185250 0.388000
v -0.409000 -0.403500 0.388000
v 0.555000 -0.403500 0.388000
v 0.555000 -0.262250 0.388000
v 0.555000 -0.185250 0.388000
v 0.555000 -0.044000 0.388000
v 0.555000 0.033000 0.388000
v 0.555000 0.174250 0.388000
v 0.555000 0.251250 0.388000
v 0.555000 0.392500 0.388000
v -0.409000 0.392500 0.388000
v -0.409000 0.251250 0.388000
v -0.409000 0.174250 0.388000
v -0.409000 0.033000 0.388000
v -0.409000 -0.044000 0.388000
v -0.409000 -0.185250 0.388000
v -0.409000 -0.262250 0.388000
v -0.409000 -0.262250 1.388000
v -0.409000 -0.403500 1.388000
v -0.409000 -0.044000 1.388000
v -0.409000 -0.185250 1.388000
v -0.409000 0.033000 1.388000
v -0.409000 0.174250 1.388000
v -0.409000 0.392500 1.388000
v -0.409000 0.251250 1.388000
v -0.409000 0.469500 1.388000
v 0.555000 -0.480500 1.388000
v -0.409000 -0.480500 1.388000
v 0.555000 0.469500 1.388000
v 0.555000 -0.403500 1.388000
v 0.555000 0.392500 1.388000
v 0.555000 0.251250 1.388000
v 0.555000 0.174250 1.388000
v 0.555000 0.033000 1.388000
v 0.555000 -0.044000 1.388000
v 0.555000 -0.185250 1.388000
v 0.555000 -0.262250 1.388000
vt -0.555000 -0.480500 0.000000
vt 0.409000 -0.480500 0.000000
vt -0.555000 0.469500 0.000000
vt 0.409000 0.469500 0.000000
vt -0.958188 0.950000 0.000000
vt -1.958188 0.950000 0.000000
vt -0.958188 0.873000 0.000000
vt -1.958188 0.873000 0.000000
vt 1.958188 0.950000 0.000000
vt 0.958188 0.950000 0.000000
vt 1.958188 0.873000 0.000000
vt 0.958188 0.873000 0.000000
vt -0.958188 0.000000 0.000000
vt -1.958188 0.000000 0.000000
vt -0.958188 -0.077000 0.000000
vt -1.958188 -0.077000 0.000000
vt 0.077000 1.958188 0.000000
vt -0.000000 1.958188 0.000000
vt 0.077000 0.958188 0.000000
vt -0.000000 0.958188 0.000000
vt 0.958188 0.654750 0.000000
vt 1.958188 0.654750 0.000000
vt 0.958188 0.731750 0.000000
vt 1.958188 0.731750 0.000000
vt -1.958188 0.654750 0.000000
vt -0.958188 0.654750 0.000000
vt -1.958188 0.731750 0.000000
vt -0.958188 0.731750 0.000000
vt 0.218250 0.958188 0.000000
vt 0.295250 0.958188 0.000000
vt 0.218250 1.958188 0.000000
vt 0.295250 1.958188 0.000000
vt -1.958188 -0.295250 0.000000
vt -0.958188 -0.295250 0.000000
vt -1.958188 -0.218250 0.000000
vt -0.958188 -0.218250 0.000000
vt 0.958188 0.436500 0.000000
vt 1.958188 0.436500 0.000000
vt 0.958188 0.513500 0.000000
vt 1.958188 0.513500 0.000000
vt -1.958188 0.436500 0.000000
vt -0.958188 0.436500 0.000000
vt -1.958188 0.513500 0.000000
vt -0.958188 0.513500 0.000000
vt 0.436500 0.958188 0.000000
vt 0.513500 0.958188 0.000000
vt 0.436500 1.958188 0.000000
vt 0.513500 1.958188 0.000000
vt -1.958188 -0.513500 0.000000
vt -0.958188 -0.513500 0.000000
vt -1.958188 -0.436500 0.000000
vt -0.958188 -0.436500 0.000000
vt 0.958188 0.000000 0.000000
vt 1.958188 0.000000 0.000000
vt 0.958188 0.077000 0.000000
vt 1.958188 0.077000 0.000000
vt -1.958188 0.000000 0.000000
vt -0.958188 0.000000 0.000000
vt -1.958188 0.077000 0.000000
vt -0.958188 0.077000 0.000000
vt 0.873000 0.958188 0.000000
vt 0.950000 0.958188 0.000000
vt 0.873000 1.958188 0.000000
vt 0.950000 1.958188 0.000000
vt -1.958188 -0.950000 0.000000
vt -0.958188 -0.950000 0.000000
vt -1.958188 -0.873000 0.000000
vt -0.958188 -0.873000 0.000000
vt 0.958188 0.218250 0.000000
vt 1.958188 0.218250 0.000000
vt 0.958188 0.295250 0.000000
vt 1.958188 0.295250 0.000000
vt -1.958188 0.218250 0.000000
vt -0.958188 0.218250 0.000000
vt -1.958188 0.295250 0.000000
vt -0.958188 0.295250 0.000000
vt 0.654750 0.958188 0.000000
vt 0.731750 0.958188 0.000000
vt 0.654750 1.958188 0.000000
vt 0.731750 1.958188 0.000000
vt -1.958188 -0.731750 0.000000
vt -0.958188 -0.731750 0.000000
vt -1.958188 -0.654750 0.000000
vt -0.958188 -0.654750 0.000000
vt -0.409000 -0.403500 0.000000
vt -0.171000 -0.403500 0.000000
vt -0.409000 -0.262250 0.000000
vt -0.171000 -0.262250 0.000000
vt -0.046000 -0.403500 0.000000
vt -0.046000 -0.262250 0.000000
vt 0.192000 -0.403500 0.000000
vt 0.192000 -0.262250 0.000000
vt 0.317000 -0.403500 0.000000
vt 0.317000 -0.262250 0.000000
vt 0.555000 -0.403500 0.000000
vt 0.555000 -0.262250 0.000000
vt -0.171000 -0.480500 0.000000
vt -0.046000 -0.480500 0.000000
vt 0.192000 -0.480500 0.000000
vt 0.317000 -0.480500 0.000000
vt 0.192000 -0.185250 0.000000
vt 0.317000 -0.185250 0.000000
vt 0.192000 -0.044000 0.000000
vt 0.317000 -0.044000 0.000000
vt 0.192000 0.033000 0.000000
vt 0.317000 0.033000 0.000000
vt 0.192000 0.174250 0.000000
vt 0.317000 0.174250 0.000000
vt 0.192000 0.251250 0.000000
vt 0.317000 0.251250 0.000000
vt 0.192000 0.392500 0.000000
vt 0.317000 0.392500 0.000000
vt 0.192000 0.469500 0.000000
vt 0.317000 0.469500 0.000000
vt 0.555000 -0.185250 0.000000
vt 0.555000 -0.044000 0.000000
vt 0.555000 0.033000 0.000000
vt 0.555000 0.174250 0.000000
vt 0.555000 0.251250 0.000000
vt 0.555000 0.392500 0.000000
vt -0.046000 0.392500 0.000000
vt -0.046000 0.251250 0.000000
vt -0.171000 0.392500 0.000000
vt -0.171000 0.251250 0.000000
vt -0.409000 0.392500 0.000000
vt -0.409000 0.251250 0.000000
vt -0.046000 0.469500 0.000000
vt -0.171000 0.469500 0.000000
vt -0.046000 0.174250 0.000000
vt -0.171000 0.174250 0.000000
vt -0.046000 0.033000 0.000000
vt -0.171000 0.033000 0.000000
vt -0.046000 -0.044000 0.000000
vt -0.171000 -0.044000 0.000000
vt -0.046000 -0.185250 0.000000
vt -0.171000 -0.185250 0.000000
vt -0.409000 0.174250 0.000000
vt -0.409000 0.033000 0.000000
vt -0.409000 -0.044000 0.000000
vt -0.409000 -0.185250 0.000000
vt -0.000000 -0.726000 0.000000
vt -1.000000 -0.726000 0.000000
vt -0.000000 -0.964000 0.000000
vt -1.000000 -0.964000 0.000000
vt 0.964000 1.000000 0.000000
vt 0.726000 1.000000 0.000000
vt 0.964000 0.000000 0.000000
vt 0.726000 0.000000 0.000000
vt -0.000000 -0.726000 0.000000
vt -1.000000 -0.726000 0.000000
vt -0.000000 -0.964000 0.000000
vt -1.000000 -0.964000 0.000000
vt 1.000000 -0.726000 0.000000
vt -0.000000 -0.726000 0.000000
vt 1.000000 -0.964000 0.000000
vt -0.000000 -0.964000 0.000000
vt 1.000000 0.238000 0.000000
vt -0.000000 0.238000 0.000000
vt 1.000000 0.000000 0.000000
vt -0.000000 0.000000 0.000000
vt -0.000000 0.238000 0.000000
vt -1.000000 0.238000 0.000000
vt -0.000000 0.000000 0.000000
vt -1.000000 0.000000 0.000000
vt -0.000000 -0.726000 0.000000
vt -1.000000 -0.726000 0.000000
vt -0.000000 -0.964000 0.000000
vt -1.000000 -0.964000 0.000000
vt 1.000000 -0.726000 0.000000
vt -0.000000 -0.726000 0.000000
vt 1.000000 -0.964000 0.000000
vt -0.000000 -0.964000 0.000000
vt -0.171000 0.469500 0.000000
vt -0.409000 0.469500 0.000000
vt -0.171000 0.392500 0.000000
vt -0.409000 0.392500 0.000000
vt -0.000000 -0.238000 0.000000
vt 1.000000 -0.238000 0.000000
vt -0.000000 0.000000 0.000000
vt 1.225000 0.000000 0.000000
vt 1.000000 -0.363000 0.000000
vt 1.225000 -0.964000 0.000000
vt 1.000000 -0.601000 0.000000
vt 1.000000 -0.726000 0.000000
vt -0.000000 -0.363000 0.000000
vt -0.000000 -0.601000 0.000000
vt -0.000000 -0.726000 0.000000
vt -0.000000 -0.964000 0.000000
vt -0.000000 0.077000 0.000000
vt -1.000000 0.077000 0.000000
vt -0.000000 0.000000 0.000000
vt -1.225000 0.000000 0.000000
vt -1.000000 0.218250 0.000000
vt -1.000000 0.295250 0.000000
vt -0.000000 0.218250 0.000000
vt -0.000000 0.295250 0.000000
vt -1.000000 0.436500 0.000000
vt -1.000000 0.513500 0.000000
vt -1.225000 0.950000 0.000000
vt -1.000000 0.654750 0.000000
vt -1.000000 0.731750 0.000000
vt -0.000000 0.654750 0.000000
vt -0.000000 0.731750 0.000000
vt -0.000000 0.436500 0.000000
vt -0.000000 0.513500 0.000000
vt -1.000000 0.873000 0.000000
vt -0.000000 0.950000 0.000000
vt -0.000000 0.873000 0.000000
vt -1.000000 -0.238000 0.000000
vt -1.225000 0.000000 0.000000
vt -1.000000 -0.363000 0.000000
vt -1.225000 -0.964000 0.000000
vt -1.000000 -0.601000 0.000000
vt -1.000000 -0.726000 0.000000
vt -0.000000 -0.964000 0.000000
vt -0.000000 -0.726000 0.000000
vt -0.000000 -0.238000 0.000000
vt -0.000000 0.000000 0.000000
vt -0.000000 -0.601000 0.000000
vt -0.000000 -0.363000 0.000000
vt 1.000000 0.077000 0.000000
vt 1.225000 0.000000 0.000000
vt 1.000000 0.218250 0.000000
vt 1.000000 0.295250 0.000000
vt -0.000000 0.295250 0.000000
vt -0.000000 0.077000 0.000000
vt -0.000000 0.000000 0.000000
vt 1.225000 0.950000 0.000000
vt 1.000000 0.513500 0.000000
vt 1.000000 0.436500 0.000000
vt -0.000000 0.950000 0.000000
vt 1.000000 0.873000 0.000000
vt 1.000000 0.731750 0.000000
vt 1.000000 0.654750 0.000000
vt -0.000000 0.731750 0.000000
vt -0.000000 0.654750 0.000000
vt -0.000000 0.873000 0.000000
vt -0.000000 0.513500 0.000000
vt -0.000000 0.436500 0.000000
vt -0.000000 0.218250 0.000000
vt -0.171000 0.033000 0.000000
vt -0.409000 0.033000 0.000000
vt -0.171000 -0.044000 0.000000
vt -0.409000 -0.044000 0.000000
vt -0.171000 0.251250 0.000000
vt -0.409000 0.251250 0.000000
vt -0.171000 0.174250 0.000000
vt -0.409000 0.174250 0.000000
vt -0.171000 -0.185250 0.000000
vt -0.409000 -0.185250 0.000000
vt -0.171000 -0.262250 0.000000
vt -0.409000 -0.262250 0.000000
vt -0.171000 -0.403500 0.000000
vt -0.409000 -0.403500 0.000000
vt -0.171000 -0.480500 0.000000
vt -0.409000 -0.480500 0.000000
vt -0.000000 -0.363000 0.000000
vt -1.000000 -0.363000 0.000000
vt -0.000000 -0.601000 0.000000
vt -1.000000 -0.601000 0.000000
vt -1.000000 -0.238000 0.000000
vt -0.000000 -0.238000 0.000000
vt -1.000000 0.000000 0.000000
vt -0.000000 0.000000 0.000000
vt 0.601000 1.000000 0.000000
vt 0.363000 1.000000 0.000000
vt 0.601000 0.000000 0.000000
vt 0.363000 0.000000 0.000000
vt -0.000000 0.000000 0.000000
vt 0.238000 0.000000 0.000000
vt -0.000000 1.000000 0.000000
vt 0.238000 1.000000 0.000000
vt -0.000000 -0.363000 0.000000
vt -1.000000 -0.363000 0.000000
vt -0.000000 -0.601000 0.000000
vt -1.000000 -0.601000 0.000000
vt -1.000000 -0.238000 0.000000
vt -0.000000 -0.238000 0.000000
vt -1.000000 0.000000 0.000000
vt -0.000000 0.000000 0.000000
vt 1.000000 -0.363000 0.000000
vt -0.000000 -0.363000 0.000000
vt 1.000000 -0.601000 0.000000
vt -0.000000 -0.601000 0.000000
vt -0.000000 -0.238000 0.000000
vt 1.000000 -0.238000 0.000000
vt -0.000000 0.000000 0.000000
vt 1.000000 0.000000 0.000000
vt 1.000000 0.601000 0.000000
vt -0.000000 0.601000 0.000000
vt 1.000000 0.363000 0.000000
vt -0.000000 0.363000 0.000000
vt -0.000000 0.726000 0.000000
vt 1.000000 0.726000 0.000000
vt -0.000000 0.964000 0.000000
vt 1.000000 0.964000 0.000000
vt -0.000000 0.601000 0.000000
vt -1.000000 0.601000 0.000000
vt -0.000000 0.363000 0.000000
vt -1.000000 0.363000 0.000000
vt -1.000000 0.726000 0.000000
vt -0.000000 0.726000 0.000000
vt -1.000000 0.964000 0.000000
vt -0.000000 0.964000 0.000000
vt -0.000000 -0.363000 0.000000
vt -1.000000 -0.363000 0.000000
vt -0.000000 -0.601000 0.000000
vt -1.000000 -0.601000 0.000000
vt -1.000000 -0.238000 0.000000
vt -0.000000 -0.238000 0.000000
vt -1.000000 0.000000 0.000000
vt -0.000000 0.000000 0.000000
vt 1.000000 -0.363000 0.000000
vt -0.000000 -0.363000 0.000000
vt 1.000000 -0.601000 0.000000
vt -0.000000 -0.601000 0.000000
vt -0.000000 -0.238000 0.000000
vt 1.000000 -0.238000 0.000000
vt -0.000000 0.000000 0.000000
vt 1.000000 0.000000 0.000000
vt 0.192000 0.469500 0.000000
vt -0.046000 0.469500 0.000000
vt 0.192000 0.392500 0.000000
vt -0.046000 0.392500 0.000000
vt 0.317000 0.392500 0.000000
vt 0.555000 0.392500 0.000000
vt 0.317000 0.469500 0.000000
vt 0.555000 0.469500 0.000000
vt 0.192000 0.033000 0.000000
vt -0.046000 0.033000 0.000000
vt 0.192000 -0.044000 0.000000
vt -0.046000 -0.044000 0.000000
vt 0.317000 -0.044000 0.000000
vt 0.555000 -0.044000 0.000000
vt 0.317000 0.033000 0.000000
vt 0.555000 0.033000 0.000000
vt 0.192000 0.251250 0.000000
vt -0.046000 0.251250 0.000000
vt 0.192000 0.174250 0.000000
vt -0.046000 0.174250 0.000000
vt 0.317000 0.174250 0.000000
vt 0.555000 0.174250 0.000000
vt 0.317000 0.251250 0.000000
vt 0.555000 0.251250 0.000000
vt 0.192000 -0.185250 0.000000
vt -0.046000 -0.185250 0.000000
vt 0.192000 -0.262250 0.000000
vt -0.046000 -0.262250 0.000000
vt 0.317000 -0.262250 0.000000
vt 0.555000 -0.262250 0.000000
vt 0.317000 -0.185250 0.000000
vt 0.555000 -0.185250 0.000000
vt 0.192000 -0.403500 0.000000
vt -0.046000 -0.403500 0.000000
vt 0.192000 -0.480500 0.000000
vt -0.046000 -0.480500 0.000000
vt 0.317000 -0.480500 0.000000
vt 0.555000 -0.480500 0.000000
vt 0.317000 -0.403500 0.000000
vt 0.555000 -0.403500 0.000000
vn -0.000000 0.000000 -1.000000
vn -0.000000 0.000000 -1.000000
vn -0.000000 0.000000 -1.000000
vn -0.000000 0.000000 -1.000000
vn 1.000000 -0.000000 -0.000000
vn 1.000000 -0.000000 -0.000000
vn 1.000000 -0.000000 -0.000000
vn 1.000000 -0.000000 -0.000000
vn -1.000000 0.000000 -0.000000
vn -1.000000 0.000000 -0.000000
vn -1.000000 0.000000 -0.000000
vn -1.000000 0.000000 -0.000000
vn 1.000000 -0.000000 0.000000
vn 1.000000 -0.000000 0.000000
vn 1.000000 -0.000000 0.000000
vn 1.000000 -0.000000 0.000000
vn -1.000000 0.000000 -0.000000
vn -1.000000 0.000000 -0.000000
vn -1.000000 0.000000 -0.000000
vn -1.000000 0.000000 -0.000000
vn -1.000000 0.000000 -0.000000
vn -1.000000 0.000000 -0.000000
vn -1.000000 0.000000 -0.000000
vn -1.000000 0.000000 -0.000000
vn 1.000000 -0.000000 -0.000000
vn 1.000000 -0.000000 -0.000000
vn 1.000000 -0.000000 -0.000000
vn 1.000000 -0.000000 -0.000000
vn -1.000000 0.000000 -0.000000
vn -1.000000 0.000000 -0.000000
vn -1.000000 0.000000 -0.000000
vn -1.000000 0.000000 -0.000000
vn 1.000000 -0.000000 0.000000
vn 1.000000 -0.000000 0.000000
vn 1.000000 -0.000000 0.000000
vn 1.000000 -0.000000 0.000000
vn -1.000000 0.000000 -0.000000
vn -1.000000 0.000000 -0.000000
vn -1.000000 0.000000 -0.000000
vn -1.000000 0.000000 -0.000000
vn 1.000000 -0.000000 -0.000000
vn 1.000000 -0.000000 -0.000000
vn 1.000000 -0.000000 -0.000000
vn 1.000000 -0.000000 -0.000000
vn -1.000000 0.000000 -0.000000
vn -1.000000 0.000000 -0.000000
vn -1.000000 0.000000 -0.000000
vn -1.000000 0.000000 -0.000000
vn 1.000000 -0.000000 0.000000
vn 1.000000 -0.000000 0.000000
vn 1.000000 -0.000000 0.000000
vn 1.000000 -0.000000 0.000000
vn -1.000000 0.000000 -0.000000
vn -1.000000 0.000000 -0.000000
vn -1.000000 0.000000 -0.000000
vn -1.000000 0.000000 -0.000000
vn 1.000000 -0.000000 -0.000000
vn 1.000000 -0.000000 -0.000000
vn 1.000000 -0.000000 -0.000000
vn 1.000000 -0.000000 -0.000000
vn -1.000000 0.000000 -0.000000
vn -1.000000 0.000000 -0.000000
vn -1.000000 0.000000 -0.000000
vn -1.000000 0.000000 -0.000000
vn 1.000000 -0.000000 0.000000
vn 1.000000 -0.000000 0.000000
vn 1.000000 -0.000000 0.000000
vn 1.000000 -0.000000 0.000000
vn -1.000000 0.000000 -0.000000
vn -1.000000 0.000000 -0.000000
vn -1.000000 0.000000 -0.000000
vn -1.000000 0.000000 -0.000000
vn 1.000000 -0.000000 -0.000000
vn 1.000000 -0.000000 -0.000000
vn 1.000000 -0.000000 -0.000000
vn 1.000000 -0.000000 -0.000000
vn -1.000000 0.000000 -0.000000
vn -1.000000 0.000000 -0.000000
vn -1.000000 0.000000 -0.000000
vn -1.000000 0.000000 -0.000000
vn 1.000000 -0.000000 0.000000
vn 1.000000 -0.000000 0.000000
vn 1.000000 -0.000000 0.000000
vn 1.000000 -0.000000 0.000000
vn 0.000000 -0.000000 1.000000
vn 0.000000 -0.000000 1.000000
vn 0.000000 -0.000000 1.000000
vn 0.000000 -0.000000 1.000000
vn 0.000000 -0.000000 1.000000
vn 0.000000 -0.000000 1.000000
vn 0.000000 -0.000000 1.000000
vn 0.000000 -0.000000 1.000000
vn 0.000000 -0.000000 1.000000
vn 0.000000 -0.000000 1.000000
vn 0.000000 -0.000000 1.000000
vn 0.000000 -0.000000 1.000000
vn 0.000000 -0.000000 1.000000
vn 0.000000 -0.000000 1.000000
vn 0.000000 -0.000000 1.000000
vn 0.000000 -0.000000 1.000000
vn 0.000000 -0.000000 1.000000
vn 0.000000 -0.000000 1.000000
vn 0.000000 -0.000000 1.000000
vn 0.000000 -0.000000 1.000000
vn 0.000000 -0.000000 1.000000
vn 0.000000 -0.000000 1.000000
vn 0.000000 -0.000000 1.000000
vn 0.000000 -0.000000 1.000000
vn 0.000000 -0.000000 1.000000
vn 0.000000 -0.000000 1.000000
vn 0.000000 -0.000000 1.000000
vn 0.000000 -0.000000 1.000000
vn 0.000000 -0.000000 1.000000
vn 0.000000 -0.000000 1.000000
vn 0.000000 -0.000000 1.000000
vn 0.000000 -0.000000 1.000000
vn 0.000000 -0.000000 1.000000
vn 0.000000 -0.000000 1.000000
vn 0.000000 -0.000000 1.000000
vn 0.000000 -0.000000 1.000000
vn 0.000000 -0.000000 1.000000
vn 0.000000 -0.000000 1.000000
vn 0.000000 -0.000000 1.000000
vn 0.000000 -0.000000 1.000000
vn 0.000000 -0.000000 1.000000
vn 0.000000 -0.000000 1.000000
vn 0.000000 -0.000000 1.000000
vn 0.000000 -0.000000 1.000000
vn 0.000000 -0.000000 1.000000
vn 0.000000 -0.000000 1.000000
vn 0.000000 -0.000000 1.000000
vn 0.000000 -0.000000 1.000000
vn 0.000000 -0.000000 1.000000
vn 0.000000 -0.000000 1.000000
vn 0.000000 -0.000000 1.000000
vn 0.000000 -0.000000 1.000000
vn 0.000000 -0.000000 1.000000
vn 0.000000 -0.000000 1.000000
vn 0.000000 -0.000000 1.000000
vn 0.000000 -0.000000 1.000000
vn -0.000000 -1.000000 -0.000000
vn -0.000000 -1.000000 -0.000000
vn -0.000000 -1.000000 -0.000000
vn -0.000000 -1.000000 -0.000000
vn -0.000000 1.000000 -0.000000
vn -0.000000 1.000000 -0.000000
vn -0.000000 1.000000 -0.000000
vn -0.000000 1.000000 -0.000000
vn -0.000000 -1.000000 -0.000000
vn -0.000000 -1.000000 -0.000000
vn -0.000000 -1.000000 -0.000000
vn -0.000000 -1.000000 -0.000000
vn -0.000000 1.000000 0.000000
vn -0.000000 1.000000 0.000000
vn -0.000000 1.000000 0.000000
vn -0.000000 1.000000 0.000000
vn -0.000000 1.000000 -0.000000
vn -0.000000 1.000000 -0.000000
vn -0.000000 1.000000 -0.000000
vn -0.000000 1.000000 -0.000000
vn 0.000000 -1.000000 -0.000000
vn 0.000000 -1.000000 -0.000000
vn 0.000000 -1.000000 -0.000000
vn 0.000000 -1.000000 -0.000000
vn -0.000000 -1.000000 -0.000000
vn -0.000000 -1.000000 -0.000000
vn -0.000000 -1.000000 -0.000000
vn -0.000000 -1.000000 -0.000000
vn -0.000000 1.000000 0.000000
vn -0.000000 1.000000 0.000000
vn -0.000000 1.000000 0.000000
vn -0.000000 1.000000 0.000000
vn 0.000000 -0.000000 1.000000
vn 0.000000 -0.000000 1.000000
vn 0.000000 -0.000000 1.000000
vn 0.000000 -0.000000 1.000000
vn -0.000000 -1.000000 0.000000
vn -0.000000 -1.000000 0.000000
vn -0.000000 -1.000000 0.000000
vn -0.000000 -1.000000 0.000000
vn -0.000000 -1.000000 0.000000
vn -0.000000 -1.000000 0.000000
vn -0.000000 -1.000000 0.000000
vn -0.000000 -1.000000 0.000000
vn -0.000000 -1.000000 0.000000
vn -0.000000 -1.000000 0.000000
vn -0.000000 -1.000000 0.000000
vn -0.000000 -1.000000 0.000000
vn -1.000000 -0.000000 -0.000000
vn -1.000000 -0.000000 -0.000000
vn -1.000000 -0.000000 -0.000000
vn -1.000000 -0.000000 -0.000000
vn -1.000000 -0.000000 -0.000000
vn -1.000000 -0.000000 -0.000000
vn -1.000000 -0.000000 -0.000000
vn -1.000000 -0.000000 -0.000000
vn -1.000000 -0.000000 -0.000000
vn -1.000000 -0.000000 -0.000000
vn -1.000000 -0.000000 -0.000000
vn -1.000000 -0.000000 -0.000000
vn -1.000000 -0.000000 -0.000000
vn -1.000000 -0.000000 -0.000000
vn -1.000000 -0.000000 -0.000000
vn -1.000000 -0.000000 -0.000000
vn -1.000000 -0.000000 -0.000000
vn -1.000000 -0.000000 -0.000000
vn -1.000000 -0.000000 -0.000000
vn -1.000000 -0.000000 -0.000000
vn -0.000000 1.000000 -0.000000
vn -0.000000 1.000000 -0.000000
vn -0.000000 1.000000 -0.000000
vn -0.000000 1.000000 -0.000000
vn -0.000000 1.000000 -0.000000
vn -0.000000 1.000000 -0.000000
vn -0.000000 1.000000 -0.000000
vn -0.000000 1.000000 -0.000000
vn -0.000000 1.000000 -0.000000
vn -0.000000 1.000000 -0.000000
vn -0.000000 1.000000 -0.000000
vn -0.000000 1.000000 -0.000000
vn 1.000000 -0.000000 -0.000000
vn 1.000000 -0.000000 -0.000000
vn 1.000000 -0.000000 -0.000000
vn 1.000000 -0.000000 -0.000000
vn 1.000000 -0.000000 -0.000000
vn 1.000000 -0.000000 -0.000000
vn 1.000000 -0.000000 -0.000000
vn 1.000000 -0.000000 -0.000000
vn 1.000000 -0.000000 -0.000000
vn 1.000000 -0.000000 -0.000000
vn 1.000000 -0.000000 -0.000000
vn 1.000000 -0.000000 -0.000000
vn 1.000000 -0.000000 -0.000000
vn 1.000000 -0.000000 -0.000000
vn 1.000000 -0.000000 -0.000000
vn 1.000000 -0.000000 -0.000000
vn 1.000000 -0.000000 -0.000000
vn 1.000000 -0.000000 -0.000000
vn 1.000000 -0.000000 -0.000000
vn 1.000000 -0.000000 -0.000000
vn 0.000000 -0.000000 1.000000
vn 0.000000 -0.000000 1.000000
vn 0.000000 -0.000000 1.000000
vn 0.000000 -0.000000 1.000000
vn 0.000000 -0.000000 1.000000
vn 0.000000 -0.000000 1.000000
vn 0.000000 -0.000000 1.000000
vn 0.000000 -0.000000 1.000000
vn 0.000000 -0.000000 1.000000
vn 0.000000 -0.000000 1.000000
vn 0.000000 -0.000000 1.000000
vn 0.000000 -0.000000 1.000000
vn 0.000000 -0.000000 1.000000
vn 0.000000 -0.000000 1.000000
vn 0.000000 -0.000000 1.000000
vn 0.000000 -0.000000 1.000000
vn -0.000000 -1.000000 -0.000000
vn -0.000000 -1.000000 -0.000000
vn -0.000000 -1.000000 -0.000000
vn -0.000000 -1.000000 -0.000000
vn -0.000000 -1.000000 -0.000000
vn -0.000000 -1.000000 -0.000000
vn -0.000000 -1.000000 -0.000000
vn -0.000000 -1.000000 -0.000000
vn -0.000000 1.000000 -0.000000
vn -0.000000 1.000000 -0.000000
vn -0.000000 1.000000 -0.000000
vn -0.000000 1.000000 -0.000000
vn -0.000000 1.000000 -0.000000
vn -0.000000 1.000000 -0.000000
vn -0.000000 1.000000 -0.000000
vn -0.000000 1.000000 -0.000000
vn -0.000000 -1.000000 -0.000000
vn -0.000000 -1.000000 -0.000000
vn -0.000000 -1.000000 -0.000000
vn -0.000000 -1.000000 -0.000000
vn -0.000000 -1.000000 -0.000000
vn -0.000000 -1.000000 -0.000000
vn -0.000000 -1.000000 -0.000000
vn -0.000000 -1.000000 -0.000000
vn -0.000000 1.000000 0.000000
vn -0.000000 1.000000 0.000000
vn -0.000000 1.000000 0.000000
vn -0.000000 1.000000 0.000000
vn -0.000000 1.000000 0.000000
vn -0.000000 1.000000 0.000000
vn -0.000000 1.000000 0.000000
vn -0.000000 1.000000 0.000000
vn -0.000000 1.000000 -0.000000
vn -0.000000 1.000000 -0.000000
vn -0.000000 1.000000 -0.000000
vn -0.000000 1.000000 -0.000000
vn -0.000000 1.000000 -0.000000
vn -0.000000 1.000000 -0.000000
vn -0.000000 1.000000 -0.000000
vn -0.000000 1.000000 -0.000000
vn 0.000000 -1.000000 -0.000000
vn 0.000000 -1.000000 -0.000000
vn 0.000000 -1.000000 -0.000000
vn 0.000000 -1.000000 -0.000000
vn 0.000000 -1.000000 -0.000000
vn 0.000000 -1.000000 -0.000000
vn 0.000000 -1.000000 -0.000000
vn 0.000000 -1.000000 -0.000000
vn -0.000000 -1.000000 -0.000000
vn -0.000000 -1.000000 -0.000000
vn -0.000000 -1.000000 -0.000000
vn -0.000000 -1.000000 -0.000000
vn -0.000000 -1.000000 -0.000000
vn -0.000000 -1.000000 -0.000000
vn -0.000000 -1.000000 -0.000000
vn -0.000000 -1.000000 -0.000000
vn -0.000000 1.000000 0.000000
vn -0.000000 1.000000 0.000000
vn -0.000000 1.000000 0.000000
vn -0.000000 1.000000 0.000000
vn -0.000000 1.000000 0.000000
vn -0.000000 1.000000 0.000000
vn -0.000000 1.000000 0.000000
vn -0.000000 1.000000 0.000000
vn 0.000000 -0.000000 1.000000
vn 0.000000 -0.000000 1.000000
vn 0.000000 -0.000000 1.000000
vn 0.000000 -0.000000 1.000000
vn 0.000000 -0.000000 1.000000
vn 0.000000 -0.000000 1.000000
vn 0.000000 -0.000000 1.000000
vn 0.000000 -0.000000 1.000000
vn 0.000000 -0.000000 1.000000
vn 0.000000 -0.000000 1.000000
vn 0.000000 -0.000000 1.000000
vn 0.000000 -0.000000 1.000000
vn 0.000000 -0.000000 1.000000
vn 0.000000 -0.000000 1.000000
vn 0.000000 -0.000000 1.000000
vn 0.000000 -0.000000 1.000000
vn 0.000000 -0.000000 1.000000
vn 0.000000 -0.000000 1.000000
vn 0.000000 -0.000000 1.000000
vn 0.000000 -0.000000 1.000000
vn 0.000000 -0.000000 1.000000
vn 0.000000 -0.000000 1.000000
vn 0.000000 -0.000000 1.000000
vn 0.000000 -0.000000 1.000000
vn 0.000000 -0.000000 1.000000
vn 0.000000 -0.000000 1.000000
vn 0.000000 -0.000000 1.000000
vn 0.000000 -0.000000 1.000000
vn 0.000000 -0.000000 1.000000
vn 0.000000 -0.000000 1.000000
vn 0.000000 -0.000000 1.000000
vn 0.000000 -0.000000 1.000000
vn 0.000000 -0.000000 1.000000
vn 0.000000 -0.000000 1.000000
vn 0.000000 -0.000000 1.000000
vn 0.000000 -0.000000 1.000000
vn 0.000000 -0.000000 1.000000
vn 0.000000 -0.000000 1.000000
vn 0.000000 -0.000000 1.000000
vn 0.000000 -0.000000 1.000000
usemtl Aluminum_-_Anodized_Glossy_(Blue)
f 593/1925/1925 594/1926/1926 596/1927/1927
f 596/1927/1927 594/1926/1926 595/1928/1928
f 598/1929/1929 599/1930/1930 597/1931/1931
f 597/1931/1931 599/1930/1930 600/1932/1932
f 602/1933/1933 603/1934/1934 601/1935/1935
f 601/1935/1935 603/1934/1934 604/1936/1936
f 606/1937/1937 607/1938/1938 605/1939/1939
f 605/1939/1939 607/1938/1938 608/1940/1940
f 609/1941/1941 610/1942/1942 612/1943/1943
f 612/1943/1943 610/1942/1942 611/1944/1944
f 614/1945/1945 615/1946/1946 613/1947/1947
f 613/1947/1947 615/1946/1946 616/1948/1948
f 618/1949/1949 619/1950/1950 617/1951/1951
f 617/1951/1951 619/1950/1950 620/1952/1952
f 621/1953/1953 622/1954/1954 624/1955/1955
f 624/1955/1955 622/1954/1954 623/1956/1956
f 626/1957/1957 627/1958/1958 625/1959/1959
f 625/1959/1959 627/1958/1958 628/1960/1960
f 630/1961/1961 631/1962/1962 629/1963/1963
f 629/1963/1963 631/1962/1962 632/1964/1964
f 634/1965/1965 635/1966/1966 633/1967/1967
f 633/1967/1967 635/1966/1966 636/1968/1968
f 637/1969/1969 638/1970/1970 640/1971/1971
f 640/1971/1971 638/1970/1970 639/1972/1972
f 642/1973/1973 643/1974/1974 641/1975/1975
f 641/1975/1975 643/1974/1974 644/1976/1976
f 646/1977/1977 647/1978/1978 645/1979/1979
f 645/1979/1979 647/1978/1978 648/1980/1980
f 650/1981/1981 651/1982/1982 649/1983/1983
f 649/1983/1983 651/1982/1982 652/1984/1984
f 653/1985/1985 654/1986/1986 656/1987/1987
f 656/1987/1987 654/1986/1986 655/1988/1988
f 658/1989/1989 659/1990/1990 657/1991/1991
f 657/1991/1991 659/1990/1990 660/1992/1992
f 662/1993/1993 663/1994/1994 661/1995/1995
f 661/1995/1995 663/1994/1994 664/1996/1996
f 666/1997/1997 667/1998/1998 665/1999/1999
f 665/1999/1999 667/1998/1998 668/2000/2000
f 669/2001/2001 670/2002/2002 672/2003/2003
f 672/2003/2003 670/2002/2002 671/2004/2004
f 674/2005/2005 675/2006/2006 673/2007/2007
f 673/2007/2007 675/2006/2006 676/2008/2008
f 677/2009/2009 660/2010/2010 692/2011/2011
f 692/2011/2011 660/2010/2010 675/2012/2012
f 675/2012/2012 660/2010/2010 653/2013/2013
f 675/2012/2012 653/2013/2013 670/2014/2014
f 670/2014/2014 653/2013/2013 652/2015/2015
f 670/2014/2014 652/2015/2015 667/2016/2016
f 667/2016/2016 652/2015/2015 645/2017/2017
f 667/2016/2016 645/2017/2017 662/2018/2018
f 662/2018/2018 645/2017/2017 678/2019/2019
f 662/2018/2018 678/2019/2019 679/2020/2020
f 659/2021/2021 654/2022/2022 660/2010/2010
f 660/2010/2010 654/2022/2022 653/2013/2013
f 651/2023/2023 646/2024/2024 652/2015/2015
f 652/2015/2015 646/2024/2024 645/2017/2017
f 667/2016/2016 662/2018/2018 668/2025/2025
f 668/2025/2025 662/2018/2018 661/2026/2026
f 668/2025/2025 661/2026/2026 635/2027/2027
f 635/2027/2027 661/2026/2026 630/2028/2028
f 635/2027/2027 630/2028/2028 636/2029/2029
f 636/2029/2029 630/2028/2028 629/2030/2030
f 636/2029/2029 629/2030/2030 619/2031/2031
f 619/2031/2031 629/2030/2030 614/2032/2032
f 619/2031/2031 614/2032/2032 620/2033/2033
f 620/2033/2033 614/2032/2032 613/2034/2034
f 620/2033/2033 613/2034/2034 597/2035/2035
f 597/2035/2035 613/2034/2034 604/2036/2036
f 597/2035/2035 604/2036/2036 598/2037/2037
f 598/2037/2037 604/2036/2036 603/2038/2038
f 661/2026/2026 680/2039/2039 630/2028/2028
f 630/2028/2028 680/2039/2039 681/2040/2040
f 629/2030/2030 682/2041/2041 614/2032/2032
f 614/2032/2032 682/2041/2041 683/2042/2042
f 613/2034/2034 684/2043/2043 604/2036/2036
f 604/2036/2036 684/2043/2043 685/2044/2044
f 597/2035/2035 612/2045/2045 620/2033/2033
f 620/2033/2033 612/2045/2045 621/2046/2046
f 621/2046/2046 612/2045/2045 605/2047/2047
f 621/2046/2046 605/2047/2047 628/2048/2048
f 628/2048/2048 605/2047/2047 686/2049/2049
f 628/2048/2048 686/2049/2049 687/2050/2050
f 611/2051/2051 606/2052/2052 612/2045/2045
f 612/2045/2045 606/2052/2052 605/2047/2047
f 621/2046/2046 628/2048/2048 622/2053/2053
f 622/2053/2053 628/2048/2048 627/2054/2054
f 622/2053/2053 627/2054/2054 637/2055/2055
f 637/2055/2055 627/2054/2054 644/2056/2056
f 637/2055/2055 644/2056/2056 638/2057/2057
f 638/2057/2057 644/2056/2056 643/2058/2058
f 638/2057/2057 643/2058/2058 669/2059/2059
f 669/2059/2059 643/2058/2058 676/2060/2060
f 669/2059/2059 676/2060/2060 670/2014/2014
f 670/2014/2014 676/2060/2060 675/2012/2012
f 627/2054/2054 688/2061/2061 644/2056/2056
f 644/2056/2056 688/2061/2061 689/2062/2062
f 643/2058/2058 690/2063/2063 676/2060/2060
f 676/2060/2060 690/2063/2063 691/2064/2064
f 619/2031/2031 622/2053/2053 636/2029/2029
f 636/2029/2029 622/2053/2053 637/2055/2055
f 635/2027/2027 638/2057/2057 668/2025/2025
f 668/2025/2025 638/2057/2057 669/2059/2059
f 675/2065/2065 674/2066/2066 692/2067/2067
f 692/2067/2067 674/2066/2066 693/2068/2068
f 694/2069/2069 657/2070/2070 677/2071/2071
f 677/2071/2071 657/2070/2070 660/2072/2072
f 643/2073/2073 642/2074/2074 690/2075/2075
f 690/2075/2075 642/2074/2074 695/2076/2076
f 673/2077/2077 676/2078/2078 696/2079/2079
f 696/2079/2079 676/2078/2078 691/2080/2080
f 641/2081/2081 644/2082/2082 697/2083/2083
f 697/2083/2083 644/2082/2082 689/2084/2084
f 627/2085/2085 626/2086/2086 688/2087/2087
f 688/2087/2087 626/2086/2086 698/2088/2088
f 605/2089/2089 608/2090/2090 686/2091/2091
f 686/2091/2091 608/2090/2090 699/2092/2092
f 625/2093/2093 628/2094/2094 700/2095/2095
f 700/2095/2095 628/2094/2094 687/2096/2096
f 607/2097/2097 701/2098/2098 608/2099/2099
f 608/2099/2099 701/2098/2098 699/2100/2100
f 647/2101/2101 646/2102/2102 702/2103/2103
f 702/2103/2103 646/2102/2102 593/2104/2104
f 593/2104/2104 646/2102/2102 651/2105/2105
f 593/2104/2104 651/2105/2105 594/2106/2106
f 594/2106/2106 651/2105/2105 654/2107/2107
f 594/2106/2106 654/2107/2107 659/2108/2108
f 651/2105/2105 650/2109/2109 654/2107/2107
f 654/2107/2107 650/2109/2109 655/2110/2110
f 658/2111/2111 703/2112/2112 659/2108/2108
f 659/2108/2108 703/2112/2112 594/2106/2106
f 694/2113/2113 677/2114/2114 703/2115/2115
f 703/2115/2115 677/2114/2114 594/2116/2116
f 594/2116/2116 677/2114/2114 692/2117/2117
f 594/2116/2116 692/2117/2117 691/2118/2118
f 691/2118/2118 692/2117/2117 693/2119/2119
f 691/2118/2118 693/2119/2119 696/2120/2120
f 691/2118/2118 690/2121/2121 594/2116/2116
f 594/2116/2116 690/2121/2121 689/2122/2122
f 594/2116/2116 689/2122/2122 595/2123/2123
f 595/2123/2123 689/2122/2122 688/2124/2124
f 595/2123/2123 688/2124/2124 687/2125/2125
f 687/2125/2125 688/2124/2124 698/2126/2126
f 687/2125/2125 698/2126/2126 700/2127/2127
f 690/2121/2121 695/2128/2128 689/2122/2122
f 689/2122/2122 695/2128/2128 697/2129/2129
f 687/2125/2125 686/2130/2130 595/2123/2123
f 595/2123/2123 686/2130/2130 701/2131/2131
f 701/2131/2131 686/2130/2130 699/2132/2132
f 603/2133/2133 596/2134/2134 598/2135/2135
f 598/2135/2135 596/2134/2134 595/2136/2136
f 598/2135/2135 595/2136/2136 611/2137/2137
f 611/2137/2137 595/2136/2136 606/2138/2138
f 606/2138/2138 595/2136/2136 701/2139/2139
f 606/2138/2138 701/2139/2139 607/2140/2140
f 602/2141/2141 704/2142/2142 603/2133/2133
f 603/2133/2133 704/2142/2142 596/2134/2134
f 611/2137/2137 610/2143/2143 598/2135/2135
f 598/2135/2135 610/2143/2143 599/2144/2144
f 678/2145/2145 593/2146/2146 679/2147/2147
f 679/2147/2147 593/2146/2146 680/2148/2148
f 679/2147/2147 680/2148/2148 711/2149/2149
f 705/2150/2150 702/2151/2151 678/2145/2145
f 678/2145/2145 702/2151/2151 593/2146/2146
f 596/2152/2152 682/2153/2153 593/2146/2146
f 593/2146/2146 682/2153/2153 681/2154/2154
f 593/2146/2146 681/2154/2154 680/2148/2148
f 704/2155/2155 685/2156/2156 596/2152/2152
f 596/2152/2152 685/2156/2156 684/2157/2157
f 596/2152/2152 684/2157/2157 683/2158/2158
f 683/2158/2158 684/2157/2157 707/2159/2159
f 683/2158/2158 707/2159/2159 708/2160/2160
f 704/2155/2155 706/2161/2161 685/2156/2156
f 683/2158/2158 682/2153/2153 596/2152/2152
f 682/2153/2153 709/2162/2162 681/2154/2154
f 681/2154/2154 709/2162/2162 710/2163/2163
f 711/2149/2149 712/2164/2164 679/2147/2147
f 641/2165/2165 697/2166/2166 642/2167/2167
f 642/2167/2167 697/2166/2166 695/2168/2168
f 625/2169/2169 700/2170/2170 626/2171/2171
f 626/2171/2171 700/2170/2170 698/2172/2172
f 673/2173/2173 696/2174/2174 674/2175/2175
f 674/2175/2175 696/2174/2174 693/2176/2176
f 657/2177/2177 694/2178/2178 658/2179/2179
f 658/2179/2179 694/2178/2178 703/2180/2180
f 667/2181/2181 666/2182/2182 670/2183/2183
f 670/2183/2183 666/2182/2182 671/2184/2184
f 663/2185/2185 662/2186/2186 712/2187/2187
f 712/2187/2187 662/2186/2186 679/2188/2188
f 656/2189/2189 649/2190/2190 653/2191/2191
f 653/2191/2191 649/2190/2190 652/2192/2192
f 678/2193/2193 645/2194/2194 705/2195/2195
f 705/2195/2195 645/2194/2194 648/2196/2196
f 635/2197/2197 634/2198/2198 638/2199/2199
f 638/2199/2199 634/2198/2198 639/2200/2200
f 631/2201/2201 630/2202/2202 710/2203/2203
f 710/2203/2203 630/2202/2202 681/2204/2204
f 665/2205/2205 668/2206/2206 672/2207/2207
f 672/2207/2207 668/2206/2206 669/2208/2208
f 661/2209/2209 664/2210/2210 680/2211/2211
f 680/2211/2211 664/2210/2210 711/2212/2212
f 633/2213/2213 636/2214/2214 640/2215/2215
f 640/2215/2215 636/2214/2214 637/2216/2216
f 629/2217/2217 632/2218/2218 682/2219/2219
f 682/2219/2219 632/2218/2218 709/2220/2220
f 619/2221/2221 618/2222/2222 622/2223/2223
f 622/2223/2223 618/2222/2222 623/2224/2224
f 615/2225/2225 614/2226/2226 708/2227/2227
f 708/2227/2227 614/2226/2226 683/2228/2228
f 597/2229/2229 600/2230/2230 612/2231/2231
f 612/2231/2231 600/2230/2230 609/2232/2232
f 601/2233/2233 604/2234/2234 706/2235/2235
f 706/2235/2235 604/2234/2234 685/2236/2236
f 617/2237/2237 620/2238/2238 624/2239/2239
f 624/2239/2239 620/2238/2238 621/2240/2240
f 613/2241/2241 616/2242/2242 684/2243/2243
f 684/2243/2243 616/2242/2242 707/2244/2244
f 599/2245/2245 610/2246/2246 600/2247/2247
f 600/2247/2247 610/2246/2246 609/2248/2248
f 601/2249/2249 706/2250/2250 602/2251/2251
f 602/2251/2251 706/2250/2250 704/2252/2252
f 633/2253/2253 640/2254/2254 634/2255/2255
f 634/2255/2255 640/2254/2254 639/2256/2256
f 631/2257/2257 710/2258/2258 632/2259/2259
f 632/2259/2259 710/2258/2258 709/2260/2260
f 617/2261/2261 624/2262/2262 618/2263/2263
f 618/2263/2263 624/2262/2262 623/2264/2264
f 615/2265/2265 708/2266/2266 616/2267/2267
f 616/2267/2267 708/2266/2266 707/2268/2268
f 665/2269/2269 672/2270/2270 666/2271/2271
f 666/2271/2271 672/2270/2270 671/2272/2272
f 663/2273/2273 712/2274/2274 664/2275/2275
f 664/2275/2275 712/2274/2274 711/2276/2276
f 649/2277/2277 656/2278/2278 650/2279/2279
f 650/2279/2279 656/2278/2278 655/2280/2280
f 647/2281/2281 702/2282/2282 648/2283/2283
f 648/2283/2283 702/2282/2282 705/2284/2284
g Body38

v -0.730000 0.231000 0.238000
v -0.731675 0.208644 0.238000
v -0.736664 0.186787 0.238000
v -0.744855 0.165917 0.238000
v -0.756064 0.146502 0.238000
v -0.770042 0.128974 0.238000
v -0.786477 0.113725 0.238000
v -0.805000 0.101096 0.238000
v -0.825199 0.091369 0.238000
v -0.846622 0.084761 0.238000
v -0.868790 0.081419 0.238000
v -0.891210 0.081419 0.238000
v -0.913378 0.084761 0.238000
v -0.934801 0.091369 0.238000
v -0.955000 0.101096 0.238000
v -0.973523 0.113725 0.238000
v -0.989958 0.128974 0.238000
v -1.003936 0.146502 0.238000
v -1.015145 0.165917 0.238000
v -1.023336 0.186787 0.238000
v -1.028325 0.208644 0.238000
v -1.030000 0.231000 0.238000
v -1.028325 0.253356 0.238000
v -1.023336 0.275213 0.238000
v -1.015145 0.296083 0.238000
v -1.003936 0.315498 0.238000
v -0.989958 0.333026 0.238000
v -0.973523 0.348275 0.238000
v -0.955000 0.360904 0.238000
v -0.934801 0.370631 0.238000
v -0.913378 0.377239 0.238000
v -0.891210 0.380581 0.238000
v -0.868790 0.380581 0.238000
v -0.846622 0.377239 0.238000
v -0.825199 0.370631 0.238000
v -0.805000 0.360904 0.238000
v -0.786477 0.348275 0.238000
v -0.770042 0.333026 0.238000
v -0.756064 0.315498 0.238000
v -0.744855 0.296083 0.238000
v -0.736664 0.275213 0.238000
v -0.731675 0.253356 0.238000
v -0.980000 0.248500 0.338000
v -0.980000 0.213500 0.338000
v -0.980000 0.213500 0.328000
v -0.980000 0.248500 0.328000
v -0.897500 0.248500 0.328000
v -0.897500 0.248500 0.338000
v -0.897500 0.213500 0.328000
v -0.897500 0.213500 0.338000
v -0.862500 0.213500 0.328000
v -0.862500 0.213500 0.338000
v -0.780000 0.213500 0.338000
v -0.780000 0.213500 0.328000
v -0.780000 0.248500 0.338000
v -0.780000 0.248500 0.328000
v -0.862500 0.248500 0.328000
v -0.862500 0.248500 0.338000
v -0.897500 0.131000 0.338000
v -0.897500 0.131000 0.328000
v -0.862500 0.131000 0.338000
v -0.862500 0.131000 0.328000
v -0.862500 0.331000 0.328000
v -0.897500 0.331000 0.328000
v -0.897500 0.331000 0.338000
v -0.862500 0.331000 0.338000
v -0.730000 0.231000 0.338000
v -0.731675 0.253356 0.338000
v -0.736664 0.275213 0.338000
v -0.744855 0.296083 0.338000
v -0.756064 0.315498 0.338000
v -0.770042 0.333026 0.338000
v -0.786477 0.348275 0.338000
v -0.805000 0.360904 0.338000
v -0.825199 0.370631 0.338000
v -0.846622 0.377239 0.338000
v -0.868790 0.380581 0.338000
v -0.891210 0.380581 0.338000
v -0.913378 0.377239 0.338000
v -0.934801 0.370631 0.338000
v -0.955000 0.360904 0.338000
v -0.973523 0.348275 0.338000
v -0.989958 0.333026 0.338000
v -1.003936 0.315498 0.338000
v -1.015145 0.296083 0.338000
v -1.023336 0.275213 0.338000
v -1.028325 0.253356 0.338000
v -1.030000 0.231000 0.338000
v -1.028325 0.208644 0.338000
v -1.023336 0.186787 0.338000
v -1.015145 0.165917 0.338000
v -1.003936 0.146502 0.338000
v -0.989958 0.128974 0.338000
v -0.973523 0.113725 0.338000
v -0.955000 0.101096 0.338000
v -0.934801 0.091369 0.338000
v -0.913378 0.084761 0.338000
v -0.891210 0.081419 0.338000
v -0.868790 0.081419 0.338000
v -0.846622 0.084761 0.338000
v -0.825199 0.091369 0.338000
v -0.805000 0.101096 0.338000
v -0.786477 0.113725 0.338000
v -0.770042 0.128974 0.338000
v -0.756064 0.146502 0.338000
v -0.744855 0.165917 0.338000
v -0.736664 0.186787 0.338000
v -0.731675 0.208644 0.338000
vt -0.148325 -0.022356 0.000000
vt 0.148325 -0.022356 0.000000
vt -0.150000 0.000000 0.000000
vt 0.150000 -0.000000 0.000000
vt -0.148325 0.022356 0.000000
vt 0.148325 0.022356 0.000000
vt -0.143336 0.044213 0.000000
vt 0.143336 0.044213 0.000000
vt -0.135145 0.065083 0.000000
vt 0.135145 0.065083 0.000000
vt -0.123936 0.084498 0.000000
vt 0.123936 0.084498 0.000000
vt -0.109958 0.102026 0.000000
vt 0.109958 0.102026 0.000000
vt -0.093523 0.117275 0.000000
vt 0.093523 0.117275 0.000000
vt -0.075000 0.129904 0.000000
vt 0.075000 0.129904 0.000000
vt -0.054801 0.139631 0.000000
vt 0.054801 0.139631 0.000000
vt -0.033378 0.146239 0.000000
vt 0.033378 0.146239 0.000000
vt -0.011210 0.149581 0.000000
vt 0.011210 0.149581 0.000000
vt 0.143336 -0.044213 0.000000
vt -0.143336 -0.044213 0.000000
vt 0.135145 -0.065083 0.000000
vt -0.135145 -0.065083 0.000000
vt 0.123936 -0.084498 0.000000
vt -0.123936 -0.084498 0.000000
vt 0.109958 -0.102026 0.000000
vt -0.109958 -0.102026 0.000000
vt 0.093523 -0.117275 0.000000
vt -0.093523 -0.117275 0.000000
vt 0.075000 -0.129904 0.000000
vt -0.075000 -0.129904 0.000000
vt 0.054801 -0.139631 0.000000
vt -0.054801 -0.139631 0.000000
vt 0.033378 -0.146239 0.000000
vt -0.033378 -0.146239 0.000000
vt 0.011210 -0.149581 0.000000
vt -0.011210 -0.149581 0.000000
vt -0.010000 -0.035000 0.000000
vt -0.000000 -0.035000 0.000000
vt -0.010000 0.000000 0.000000
vt -0.000000 0.000000 0.000000
vt -0.117500 0.010000 0.000000
vt -0.200000 0.010000 0.000000
vt -0.117500 0.000000 0.000000
vt -0.200000 0.000000 0.000000
vt 0.117500 0.000000 0.000000
vt 0.200000 0.000000 0.000000
vt 0.117500 0.010000 0.000000
vt 0.200000 0.010000 0.000000
vt 0.082500 0.010000 0.000000
vt 0.000000 0.010000 0.000000
vt 0.082500 0.000000 0.000000
vt 0.000000 0.000000 0.000000
vt 0.010000 0.000000 0.000000
vt 0.000000 0.000000 0.000000
vt 0.010000 -0.035000 0.000000
vt 0.000000 -0.035000 0.000000
vt -0.082500 0.000000 0.000000
vt -0.000000 0.000000 0.000000
vt -0.082500 0.010000 0.000000
vt -0.000000 0.010000 0.000000
vt 0.000000 0.082500 0.000000
vt -0.010000 0.082500 0.000000
vt 0.000000 0.000000 0.000000
vt -0.010000 0.000000 0.000000
vt 0.010000 0.000000 0.000000
vt 0.000000 0.000000 0.000000
vt 0.010000 -0.035000 0.000000
vt 0.000000 -0.035000 0.000000
vt 0.010000 0.000000 0.000000
vt -0.000000 0.082500 0.000000
vt 0.010000 0.082500 0.000000
vt -0.862500 0.331000 0.000000
vt -0.897500 0.331000 0.000000
vt -0.862500 0.248500 0.000000
vt -0.897500 0.248500 0.000000
vt -0.862500 0.213500 0.000000
vt -0.897500 0.213500 0.000000
vt -0.862500 0.131000 0.000000
vt -0.897500 0.131000 0.000000
vt -0.980000 0.248500 0.000000
vt -0.980000 0.213500 0.000000
vt -0.780000 0.213500 0.000000
vt -0.780000 0.248500 0.000000
vt 0.000000 0.200000 0.000000
vt -0.010000 0.200000 0.000000
vt 0.000000 0.117500 0.000000
vt -0.010000 0.117500 0.000000
vt -0.000000 0.117500 0.000000
vt 0.010000 0.117500 0.000000
vt -0.000000 0.200000 0.000000
vt 0.010000 0.200000 0.000000
vt -0.010000 -0.035000 0.000000
vt -0.000000 -0.035000 0.000000
vt -0.010000 0.000000 0.000000
vt -0.000000 0.000000 0.000000
vt -0.731675 0.253356 0.000000
vt -0.780000 0.248500 0.000000
vt -0.730000 0.231000 0.000000
vt -0.780000 0.213500 0.000000
vt -0.731675 0.208644 0.000000
vt -0.736664 0.186787 0.000000
vt -0.744855 0.165917 0.000000
vt -0.756064 0.146502 0.000000
vt -0.770042 0.128974 0.000000
vt -0.862500 0.131000 0.000000
vt -0.786477 0.113725 0.000000
vt -0.805000 0.101096 0.000000
vt -0.825199 0.091369 0.000000
vt -0.846622 0.084761 0.000000
vt -0.868790 0.081419 0.000000
vt -0.897500 0.131000 0.000000
vt -0.891210 0.081419 0.000000
vt -0.913378 0.084761 0.000000
vt -0.934801 0.091369 0.000000
vt -0.955000 0.101096 0.000000
vt -0.973523 0.113725 0.000000
vt -0.989958 0.128974 0.000000
vt -0.980000 0.213500 0.000000
vt -1.003936 0.146502 0.000000
vt -1.015145 0.165917 0.000000
vt -1.023336 0.186787 0.000000
vt -1.028325 0.208644 0.000000
vt -1.030000 0.231000 0.000000
vt -0.980000 0.248500 0.000000
vt -1.028325 0.253356 0.000000
vt -1.023336 0.275213 0.000000
vt -1.015145 0.296083 0.000000
vt -1.003936 0.315498 0.000000
vt -0.989958 0.333026 0.000000
vt -0.897500 0.331000 0.000000
vt -0.973523 0.348275 0.000000
vt -0.955000 0.360904 0.000000
vt -0.934801 0.370631 0.000000
vt -0.913378 0.377239 0.000000
vt -0.891210 0.380581 0.000000
vt -0.862500 0.331000 0.000000
vt -0.868790 0.380581 0.000000
vt -0.846622 0.377239 0.000000
vt -0.825199 0.370631 0.000000
vt -0.805000 0.360904 0.000000
vt -0.786477 0.348275 0.000000
vt -0.770042 0.333026 0.000000
vt -0.756064 0.315498 0.000000
vt -0.744855 0.296083 0.000000
vt -0.736664 0.275213 0.000000
vt -0.897500 0.248500 0.000000
vt -0.862500 0.248500 0.000000
vt -0.862500 0.213500 0.000000
vt -0.897500 0.213500 0.000000
vt -0.000000 0.022440 0.000000
vt -0.100000 0.022440 0.000000
vt -0.000000 0.000000 0.000000
vt -0.100000 0.000000 0.000000
vt -0.000000 -0.022440 0.000000
vt -0.100000 -0.022440 0.000000
vt -0.000000 -0.044880 0.000000
vt -0.100000 -0.044880 0.000000
vt -0.000000 -0.067320 0.000000
vt -0.100000 -0.067320 0.000000
vt -0.000000 -0.089760 0.000000
vt -0.100000 -0.089760 0.000000
vt -0.000000 -0.112200 0.000000
vt -0.100000 -0.112200 0.000000
vt -0.000000 -0.134640 0.000000
vt -0.100000 -0.134640 0.000000
vt -0.000000 -0.157080 0.000000
vt -0.100000 -0.157080 0.000000
vt -0.000000 -0.179520 0.000000
vt -0.100000 -0.179520 0.000000
vt -0.000000 -0.201960 0.000000
vt -0.100000 -0.201960 0.000000
vt -0.000000 -0.224399 0.000000
vt -0.100000 -0.224399 0.000000
vt -0.000000 -0.246839 0.000000
vt -0.100000 -0.246839 0.000000
vt -0.000000 -0.269279 0.000000
vt -0.100000 -0.269279 0.000000
vt -0.000000 -0.291719 0.000000
vt -0.100000 -0.291719 0.000000
vt -0.000000 -0.314159 0.000000
vt -0.100000 -0.314159 0.000000
vt -0.000000 -0.336599 0.000000
vt -0.100000 -0.336599 0.000000
vt -0.000000 -0.359039 0.000000
vt -0.100000 -0.359039 0.000000
vt -0.000000 -0.381479 0.000000
vt -0.100000 -0.381479 0.000000
vt -0.000000 -0.403919 0.000000
vt -0.100000 -0.403919 0.000000
vt -0.000000 -0.426359 0.000000
vt -0.100000 -0.426359 0.000000
vt -0.000000 -0.448799 0.000000
vt -0.100000 -0.448799 0.000000
vt -0.000000 -0.471239 0.000000
vt -0.100000 -0.471239 0.000000
vt -0.000000 0.471239 0.000000
vt -0.100000 0.471239 0.000000
vt -0.000000 0.448799 0.000000
vt -0.100000 0.448799 0.000000
vt -0.000000 0.426359 0.000000
vt -0.100000 0.426359 0.000000
vt -0.000000 0.403919 0.000000
vt -0.100000 0.403919 0.000000
vt -0.000000 0.381479 0.000000
vt -0.100000 0.381479 0.000000
vt -0.000000 0.359039 0.000000
vt -0.100000 0.359039 0.000000
vt -0.000000 0.336599 0.000000
vt -0.100000 0.336599 0.000000
vt -0.000000 0.314159 0.000000
vt -0.100000 0.314159 0.000000
vt -0.000000 0.291719 0.000000
vt -0.100000 0.291719 0.000000
vt -0.000000 0.269279 0.000000
vt -0.100000 0.269279 0.000000
vt -0.000000 0.246839 0.000000
vt -0.100000 0.246839 0.000000
vt -0.000000 0.224399 0.000000
vt -0.100000 0.224399 0.000000
vt -0.000000 0.201960 0.000000
vt -0.100000 0.201960 0.000000
vt -0.000000 0.179520 0.000000
vt -0.100000 0.179520 0.000000
vt -0.000000 0.157080 0.000000
vt -0.100000 0.157080 0.000000
vt -0.000000 0.134640 0.000000
vt -0.100000 0.134640 0.000000
vt -0.000000 0.112200 0.000000
vt -0.100000 0.112200 0.000000
vt -0.000000 0.089760 0.000000
vt -0.100000 0.089760 0.000000
vt -0.000000 0.067320 0.000000
vt -0.100000 0.067320 0.000000
vt -0.000000 0.044880 0.000000
vt -0.100000 0.044880 0.000000
vn 0.000000 -0.000000 -1.000000
vn 0.000000 -0.000000 -1.000000
vn 0.000000 -0.000000 -1.000000
vn 0.000000 -0.000000 -1.000000
vn 0.000000 -0.000000 -1.000000
vn 0.000000 -0.000000 -1.000000
vn 0.000000 -0.000000 -1.000000
vn 0.000000 -0.000000 -1.000000
vn 0.000000 -0.000000 -1.000000
vn 0.000000 -0.000000 -1.000000
vn 0.000000 -0.000000 -1.000000
vn 0.000000 -0.000000 -1.000000
vn 0.000000 -0.000000 -1.000000
vn 0.000000 -0.000000 -1.000000
vn 0.000000 -0.000000 -1.000000
vn 0.000000 -0.000000 -1.000000
vn 0.000000 -0.000000 -1.000000
vn 0.000000 -0.000000 -1.000000
vn 0.000000 -0.000000 -1.000000
vn 0.000000 -0.000000 -1.000000
vn 0.000000 -0.000000 -1.000000
vn 0.000000 -0.000000 -1.000000
vn 0.000000 -0.000000 -1.000000
vn 0.000000 -0.000000 -1.000000
vn 0.000000 -0.000000 -1.000000
vn 0.000000 -0.000000 -1.000000
vn 0.000000 -0.000000 -1.000000
vn 0.000000 -0.000000 -1.000000
vn 0.000000 -0.000000 -1.000000
vn 0.000000 -0.000000 -1.000000
vn 0.000000 -0.000000 -1.000000
vn 0.000000 -0.000000 -1.000000
vn 0.000000 -0.000000 -1.000000
vn 0.000000 -0.000000 -1.000000
vn 0.000000 -0.000000 -1.000000
vn 0.000000 -0.000000 -1.000000
vn 0.000000 -0.000000 -1.000000
vn 0.000000 -0.000000 -1.000000
vn 0.000000 -0.000000 -1.000000
vn 0.000000 -0.000000 -1.000000
vn 0.000000 -0.000000 -1.000000
vn 0.000000 -0.000000 -1.000000
vn 1.000000 -0.000000 0.000000
vn 1.000000 -0.000000 0.000000
vn 1.000000 -0.000000 0.000000
vn 1.000000 -0.000000 0.000000
vn 0.000000 -1.000000 -0.000000
vn 0.000000 -1.000000 -0.000000
vn 0.000000 -1.000000 -0.000000
vn 0.000000 -1.000000 -0.000000
vn -0.000000 1.000000 0.000000
vn -0.000000 1.000000 0.000000
vn -0.000000 1.000000 0.000000
vn -0.000000 1.000000 0.000000
vn -0.000000 1.000000 0.000000
vn -0.000000 1.000000 0.000000
vn -0.000000 1.000000 0.000000
vn -0.000000 1.000000 0.000000
vn -1.000000 0.000000 -0.000000
vn -1.000000 0.000000 -0.000000
vn -1.000000 0.000000 -0.000000
vn -1.000000 0.000000 -0.000000
vn 0.000000 -1.000000 -0.000000
vn 0.000000 -1.000000 -0.000000
vn 0.000000 -1.000000 -0.000000
vn 0.000000 -1.000000 -0.000000
vn 1.000000 -0.000000 0.000000
vn 1.000000 -0.000000 0.000000
vn 1.000000 -0.000000 0.000000
vn 1.000000 -0.000000 0.000000
vn 0.000000 1.000000 0.000000
vn 0.000000 1.000000 0.000000
vn 0.000000 1.000000 0.000000
vn 0.000000 1.000000 0.000000
vn -1.000000 0.000000 -0.000000
vn -1.000000 0.000000 -0.000000
vn -1.000000 0.000000 -0.000000
vn -1.000000 0.000000 -0.000000
vn -0.000000 -0.000000 1.000000
vn -0.000000 -0.000000 1.000000
vn -0.000000 -0.000000 1.000000
vn -0.000000 -0.000000 1.000000
vn -0.000000 -0.000000 1.000000
vn -0.000000 -0.000000 1.000000
vn -0.000000 -0.000000 1.000000
vn -0.000000 -0.000000 1.000000
vn -0.000000 -0.000000 1.000000
vn -0.000000 -0.000000 1.000000
vn -0.000000 -0.000000 1.000000
vn -0.000000 -0.000000 1.000000
vn 1.000000 -0.000000 0.000000
vn 1.000000 -0.000000 0.000000
vn 1.000000 -0.000000 0.000000
vn 1.000000 -0.000000 0.000000
vn -1.000000 0.000000 -0.000000
vn -1.000000 0.000000 -0.000000
vn -1.000000 0.000000 -0.000000
vn -1.000000 0.000000 -0.000000
vn -0.000000 -1.000000 -0.000000
vn -0.000000 -1.000000 -0.000000
vn -0.000000 -1.000000 -0.000000
vn -0.000000 -1.000000 -0.000000
vn 0.000000 -0.000000 1.000000
vn 0.000000 -0.000000 1.000000
vn 0.000000 -0.000000 1.000000
vn 0.000000 -0.000000 1.000000
vn 0.000000 -0.000000 1.000000
vn 0.000000 -0.000000 1.000000
vn 0.000000 -0.000000 1.000000
vn 0.000000 -0.000000 1.000000
vn 0.000000 -0.000000 1.000000
vn 0.000000 -0.000000 1.000000
vn 0.000000 -0.000000 1.000000
vn 0.000000 -0.000000 1.000000
vn 0.000000 -0.000000 1.000000
vn 0.000000 -0.000000 1.000000
vn 0.000000 -0.000000 1.000000
vn 0.000000 -0.000000 1.000000
vn 0.000000 -0.000000 1.000000
vn 0.000000 -0.000000 1.000000
vn 0.000000 -0.000000 1.000000
vn 0.000000 -0.000000 1.000000
vn 0.000000 -0.000000 1.000000
vn 0.000000 -0.000000 1.000000
vn 0.000000 -0.000000 1.000000
vn 0.000000 -0.000000 1.000000
vn 0.000000 -0.000000 1.000000
vn 0.000000 -0.000000 1.000000
vn 0.000000 -0.000000 1.000000
vn 0.000000 -0.000000 1.000000
vn 0.000000 -0.000000 1.000000
vn 0.000000 -0.000000 1.000000
vn 0.000000 -0.000000 1.000000
vn 0.000000 -0.000000 1.000000
vn 0.000000 -0.000000 1.000000
vn 0.000000 -0.000000 1.000000
vn 0.000000 -0.000000 1.000000
vn 0.000000 -0.000000 1.000000
vn 0.000000 -0.000000 1.000000
vn 0.000000 -0.000000 1.000000
vn 0.000000 -0.000000 1.000000
vn 0.000000 -0.000000 1.000000
vn 0.000000 -0.000000 1.000000
vn 0.000000 -0.000000 1.000000
vn 0.000000 -0.000000 1.000000
vn 0.000000 -0.000000 1.000000
vn 0.000000 -0.000000 1.000000
vn 0.000000 -0.000000 1.000000
vn 0.000000 -0.000000 1.000000
vn 0.000000 -0.000000 1.000000
vn 0.000000 -0.000000 1.000000
vn 0.000000 -0.000000 1.000000
vn 0.000000 -0.000000 1.000000
vn 0.000000 -0.000000 1.000000
vn 0.000000 -0.000000 1.000000
vn 0.000000 -0.000000 1.000000
vn 0.988831 0.149042 -0.000000
vn 0.988831 0.149042 -0.000000
vn 1.000000 0.000000 -0.000000
vn 1.000000 0.000000 -0.000000
vn 0.988831 -0.149042 -0.000000
vn 0.988831 -0.149042 -0.000000
vn 0.955573 -0.294755 -0.000000
vn 0.955573 -0.294755 -0.000000
vn 0.900969 -0.433884 -0.000000
vn 0.900969 -0.433884 -0.000000
vn 0.826239 -0.563320 -0.000000
vn 0.826239 -0.563320 -0.000000
vn 0.733052 -0.680173 -0.000000
vn 0.733052 -0.680173 -0.000000
vn 0.623490 -0.781831 -0.000000
vn 0.623490 -0.781831 -0.000000
vn 0.500000 -0.866025 -0.000000
vn 0.500000 -0.866025 -0.000000
vn 0.365341 -0.930874 -0.000000
vn 0.365341 -0.930874 -0.000000
vn 0.222521 -0.974928 -0.000000
vn 0.222521 -0.974928 -0.000000
vn 0.074730 -0.997204 -0.000000
vn 0.074730 -0.997204 -0.000000
vn -0.074730 -0.997204 -0.000000
vn -0.074730 -0.997204 -0.000000
vn -0.222521 -0.974928 -0.000000
vn -0.222521 -0.974928 -0.000000
vn -0.365341 -0.930874 -0.000000
vn -0.365341 -0.930874 -0.000000
vn -0.500000 -0.866025 -0.000000
vn -0.500000 -0.866025 -0.000000
vn -0.623490 -0.781831 -0.000000
vn -0.623490 -0.781831 -0.000000
vn -0.733052 -0.680173 -0.000000
vn -0.733052 -0.680173 -0.000000
vn -0.826239 -0.563320 -0.000000
vn -0.826239 -0.563320 -0.000000
vn -0.900969 -0.433884 -0.000000
vn -0.900969 -0.433884 -0.000000
vn -0.955573 -0.294755 -0.000000
vn -0.955573 -0.294755 -0.000000
vn -0.988831 -0.149042 -0.000000
vn -0.988831 -0.149042 -0.000000
vn -1.000000 -0.000000 -0.000000
vn -1.000000 -0.000000 -0.000000
vn -0.988831 0.149042 -0.000000
vn -0.988831 0.149042 -0.000000
vn -0.955573 0.294755 -0.000000
vn -0.955573 0.294755 -0.000000
vn -0.900969 0.433884 -0.000000
vn -0.900969 0.433884 -0.000000
vn -0.826239 0.563320 -0.000000
vn -0.826239 0.563320 -0.000000
vn -0.733052 0.680173 -0.000000
vn -0.733052 0.680173 -0.000000
vn -0.623490 0.781831 -0.000000
vn -0.623490 0.781831 -0.000000
vn -0.500000 0.866025 -0.000000
vn -0.500000 0.866025 -0.000000
vn -0.365341 0.930874 -0.000000
vn -0.365341 0.930874 -0.000000
vn -0.222521 0.974928 -0.000000
vn -0.222521 0.974928 -0.000000
vn -0.074730 0.997204 -0.000000
vn -0.074730 0.997204 -0.000000
vn 0.074730 0.997204 -0.000000
vn 0.074730 0.997204 -0.000000
vn 0.222521 0.974928 -0.000000
vn 0.222521 0.974928 -0.000000
vn 0.365341 0.930874 -0.000000
vn 0.365341 0.930874 -0.000000
vn 0.500000 0.866025 -0.000000
vn 0.500000 0.866025 -0.000000
vn 0.623490 0.781831 -0.000000
vn 0.623490 0.781831 -0.000000
vn 0.733052 0.680173 -0.000000
vn 0.733052 0.680173 -0.000000
vn 0.826239 0.563320 -0.000000
vn 0.826239 0.563320 -0.000000
vn 0.900969 0.433884 -0.000000
vn 0.900969 0.433884 -0.000000
vn 0.955573 0.294755 -0.000000
vn 0.955573 0.294755 -0.000000
usemtl Chrome
f 714/2285/2285 733/2286/2286 713/2287/2287
f 713/2287/2287 733/2286/2286 734/2288/2288
f 713/2287/2287 734/2288/2288 754/2289/2289
f 754/2289/2289 734/2288/2288 735/2290/2290
f 754/2289/2289 735/2290/2290 753/2291/2291
f 753/2291/2291 735/2290/2290 736/2292/2292
f 753/2291/2291 736/2292/2292 752/2293/2293
f 752/2293/2293 736/2292/2292 737/2294/2294
f 752/2293/2293 737/2294/2294 751/2295/2295
f 751/2295/2295 737/2294/2294 738/2296/2296
f 751/2295/2295 738/2296/2296 750/2297/2297
f 750/2297/2297 738/2296/2296 739/2298/2298
f 750/2297/2297 739/2298/2298 749/2299/2299
f 749/2299/2299 739/2298/2298 740/2300/2300
f 749/2299/2299 740/2300/2300 748/2301/2301
f 748/2301/2301 740/2300/2300 741/2302/2302
f 748/2301/2301 741/2302/2302 747/2303/2303
f 747/2303/2303 741/2302/2302 742/2304/2304
f 747/2303/2303 742/2304/2304 746/2305/2305
f 746/2305/2305 742/2304/2304 743/2306/2306
f 746/2305/2305 743/2306/2306 745/2307/2307
f 745/2307/2307 743/2306/2306 744/2308/2308
f 733/2286/2286 714/2285/2285 732/2309/2309
f 732/2309/2309 714/2285/2285 715/2310/2310
f 732/2309/2309 715/2310/2310 731/2311/2311
f 731/2311/2311 715/2310/2310 716/2312/2312
f 731/2311/2311 716/2312/2312 730/2313/2313
f 730/2313/2313 716/2312/2312 717/2314/2314
f 730/2313/2313 717/2314/2314 729/2315/2315
f 729/2315/2315 717/2314/2314 718/2316/2316
f 729/2315/2315 718/2316/2316 728/2317/2317
f 728/2317/2317 718/2316/2316 719/2318/2318
f 728/2317/2317 719/2318/2318 727/2319/2319
f 727/2319/2319 719/2318/2318 720/2320/2320
f 727/2319/2319 720/2320/2320 726/2321/2321
f 726/2321/2321 720/2320/2320 721/2322/2322
f 726/2321/2321 721/2322/2322 725/2323/2323
f 725/2323/2323 721/2322/2322 722/2324/2324
f 725/2323/2323 722/2324/2324 724/2325/2325
f 724/2325/2325 722/2324/2324 723/2326/2326
f 756/2327/2327 757/2328/2328 755/2329/2329
f 755/2329/2329 757/2328/2328 758/2330/2330
f 760/2331/2331 755/2332/2332 759/2333/2333
f 759/2333/2333 755/2332/2332 758/2334/2334
f 761/2335/2335 757/2336/2336 762/2337/2337
f 762/2337/2337 757/2336/2336 756/2338/2338
f 764/2339/2339 765/2340/2340 763/2341/2341
f 763/2341/2341 765/2340/2340 766/2342/2342
f 767/2343/2343 768/2344/2344 765/2345/2345
f 765/2345/2345 768/2344/2344 766/2346/2346
f 769/2347/2347 768/2348/2348 770/2349/2349
f 770/2349/2349 768/2348/2348 767/2350/2350
f 761/2351/2351 762/2352/2352 772/2353/2353
f 772/2353/2353 762/2352/2352 771/2354/2354
f 773/2355/2355 774/2356/2356 771/2357/2357
f 771/2357/2357 774/2356/2356 772/2358/2358
f 774/2356/2359 773/2359/2360 763/2360/2361
f 763/2360/2361 773/2359/2360 764/2361/2362
f 775/2362/2363 776/2363/2364 769/2364/2365
f 769/2364/2365 776/2363/2364 759/2365/2366
f 769/2364/2365 759/2365/2366 763/2366/2367
f 763/2366/2367 759/2365/2366 761/2367/2368
f 763/2366/2367 761/2367/2368 774/2368/2369
f 774/2368/2369 761/2367/2368 772/2369/2370
f 759/2365/2366 758/2370/2371 761/2367/2368
f 761/2367/2368 758/2370/2371 757/2371/2372
f 763/2366/2367 766/2372/2373 769/2364/2365
f 769/2364/2365 766/2372/2373 768/2373/2374
f 776/2374/2375 777/2375/2376 759/2376/2377
f 759/2376/2377 777/2375/2376 760/2377/2378
f 769/2378/2379 770/2379/2380 775/2380/2381
f 775/2380/2381 770/2379/2380 778/2381/2382
f 777/2382/2383 776/2383/2384 778/2384/2385
f 778/2384/2385 776/2383/2384 775/2385/2386
f 780/2386/2387 767/2387/2388 779/2388/2389
f 779/2388/2389 767/2387/2388 765/2389/2390
f 779/2388/2389 765/2389/2390 820/2390/2391
f 820/2390/2391 765/2389/2390 819/2391/2392
f 819/2391/2392 765/2389/2390 818/2392/2393
f 818/2392/2393 765/2389/2390 817/2393/2394
f 817/2393/2394 765/2389/2390 816/2394/2395
f 816/2394/2395 765/2389/2390 773/2395/2396
f 816/2394/2395 773/2395/2396 815/2396/2397
f 815/2396/2397 773/2395/2396 814/2397/2398
f 814/2397/2398 773/2395/2396 813/2398/2399
f 813/2398/2399 773/2395/2396 812/2399/2400
f 812/2399/2400 773/2395/2396 811/2400/2401
f 811/2400/2401 773/2395/2396 771/2401/2402
f 811/2400/2401 771/2401/2402 810/2402/2403
f 810/2402/2403 771/2401/2402 809/2403/2404
f 809/2403/2404 771/2401/2402 808/2404/2405
f 808/2404/2405 771/2401/2402 807/2405/2406
f 807/2405/2406 771/2401/2402 806/2406/2407
f 806/2406/2407 771/2401/2402 805/2407/2408
f 805/2407/2408 771/2401/2402 756/2408/2409
f 805/2407/2408 756/2408/2409 804/2409/2410
f 804/2409/2410 756/2408/2409 803/2410/2411
f 803/2410/2411 756/2408/2409 802/2411/2412
f 802/2411/2412 756/2408/2409 801/2412/2413
f 801/2412/2413 756/2408/2409 800/2413/2414
f 800/2413/2414 756/2408/2409 755/2414/2415
f 800/2413/2414 755/2414/2415 799/2415/2416
f 799/2415/2416 755/2414/2415 798/2416/2417
f 798/2416/2417 755/2414/2415 797/2417/2418
f 797/2417/2418 755/2414/2415 796/2418/2419
f 796/2418/2419 755/2414/2415 795/2419/2420
f 795/2419/2420 755/2414/2415 777/2420/2421
f 795/2419/2420 777/2420/2421 794/2421/2422
f 794/2421/2422 777/2420/2421 793/2422/2423
f 793/2422/2423 777/2420/2421 792/2423/2424
f 792/2423/2424 777/2420/2421 791/2424/2425
f 791/2424/2425 777/2420/2421 790/2425/2426
f 790/2425/2426 777/2420/2421 778/2426/2427
f 790/2425/2426 778/2426/2427 789/2427/2428
f 789/2427/2428 778/2426/2427 788/2428/2429
f 788/2428/2429 778/2426/2427 787/2429/2430
f 787/2429/2430 778/2426/2427 786/2430/2431
f 786/2430/2431 778/2426/2427 785/2431/2432
f 785/2431/2432 778/2426/2427 784/2432/2433
f 784/2432/2433 778/2426/2427 767/2387/2388
f 784/2432/2433 767/2387/2388 783/2433/2434
f 783/2433/2434 767/2387/2388 782/2434/2435
f 782/2434/2435 767/2387/2388 781/2435/2436
f 781/2435/2436 767/2387/2388 780/2386/2387
f 760/2436/2437 777/2420/2421 755/2414/2415
f 778/2426/2427 770/2437/2438 767/2387/2388
f 765/2389/2390 764/2438/2439 773/2395/2396
f 771/2401/2402 762/2439/2440 756/2408/2409
f 754/2440/2441 780/2441/2442 713/2442/2443
f 713/2442/2443 780/2441/2442 779/2443/2444
f 713/2442/2443 779/2443/2444 714/2444/2445
f 714/2444/2445 779/2443/2444 820/2445/2446
f 714/2444/2445 820/2445/2446 715/2446/2447
f 715/2446/2447 820/2445/2446 819/2447/2448
f 715/2446/2447 819/2447/2448 716/2448/2449
f 716/2448/2449 819/2447/2448 818/2449/2450
f 716/2448/2449 818/2449/2450 717/2450/2451
f 717/2450/2451 818/2449/2450 817/2451/2452
f 717/2450/2451 817/2451/2452 718/2452/2453
f 718/2452/2453 817/2451/2452 816/2453/2454
f 718/2452/2453 816/2453/2454 719/2454/2455
f 719/2454/2455 816/2453/2454 815/2455/2456
f 719/2454/2455 815/2455/2456 720/2456/2457
f 720/2456/2457 815/2455/2456 814/2457/2458
f 720/2456/2457 814/2457/2458 721/2458/2459
f 721/2458/2459 814/2457/2458 813/2459/2460
f 721/2458/2459 813/2459/2460 722/2460/2461
f 722/2460/2461 813/2459/2460 812/2461/2462
f 722/2460/2461 812/2461/2462 723/2462/2463
f 723/2462/2463 812/2461/2462 811/2463/2464
f 723/2462/2463 811/2463/2464 724/2464/2465
f 724/2464/2465 811/2463/2464 810/2465/2466
f 724/2464/2465 810/2465/2466 725/2466/2467
f 725/2466/2467 810/2465/2466 809/2467/2468
f 725/2466/2467 809/2467/2468 726/2468/2469
f 726/2468/2469 809/2467/2468 808/2469/2470
f 726/2468/2469 808/2469/2470 727/2470/2471
f 727/2470/2471 808/2469/2470 807/2471/2472
f 727/2470/2471 807/2471/2472 728/2472/2473
f 728/2472/2473 807/2471/2472 806/2473/2474
f 728/2472/2473 806/2473/2474 729/2474/2475
f 729/2474/2475 806/2473/2474 805/2475/2476
f 729/2474/2475 805/2475/2476 730/2476/2477
f 730/2476/2477 805/2475/2476 804/2477/2478
f 730/2476/2477 804/2477/2478 731/2478/2479
f 731/2478/2479 804/2477/2478 803/2479/2480
f 731/2478/2479 803/2479/2480 732/2480/2481
f 732/2480/2481 803/2479/2480 802/2481/2482
f 732/2480/2481 802/2481/2482 733/2482/2483
f 733/2482/2483 802/2481/2482 801/2483/2484
f 733/2482/2483 801/2483/2484 734/2484/2485
f 734/2484/2485 801/2483/2484 800/2485/2486
f 734/2486/2485 800/2487/2486 735/2488/2487
f 735/2488/2487 800/2487/2486 799/2489/2488
f 735/2488/2487 799/2489/2488 736/2490/2489
f 736/2490/2489 799/2489/2488 798/2491/2490
f 736/2490/2489 798/2491/2490 737/2492/2491
f 737/2492/2491 798/2491/2490 797/2493/2492
f 737/2492/2491 797/2493/2492 738/2494/2493
f 738/2494/2493 797/2493/2492 796/2495/2494
f 738/2494/2493 796/2495/2494 739/2496/2495
f 739/2496/2495 796/2495/2494 795/2497/2496
f 739/2496/2495 795/2497/2496 740/2498/2497
f 740/2498/2497 795/2497/2496 794/2499/2498
f 740/2498/2497 794/2499/2498 741/2500/2499
f 741/2500/2499 794/2499/2498 793/2501/2500
f 741/2500/2499 793/2501/2500 742/2502/2501
f 742/2502/2501 793/2501/2500 792/2503/2502
f 742/2502/2501 792/2503/2502 743/2504/2503
f 743/2504/2503 792/2503/2502 791/2505/2504
f 743/2504/2503 791/2505/2504 744/2506/2505
f 744/2506/2505 791/2505/2504 790/2507/2506
f 744/2506/2505 790/2507/2506 745/2508/2507
f 745/2508/2507 790/2507/2506 789/2509/2508
f 745/2508/2507 789/2509/2508 746/2510/2509
f 746/2510/2509 789/2509/2508 788/2511/2510
f 746/2510/2509 788/2511/2510 747/2512/2511
f 747/2512/2511 788/2511/2510 787/2513/2512
f 747/2512/2511 787/2513/2512 748/2514/2513
f 748/2514/2513 787/2513/2512 786/2515/2514
f 748/2514/2513 786/2515/2514 749/2516/2515
f 749/2516/2515 786/2515/2514 785/2517/2516
f 749/2516/2515 785/2517/2516 750/2518/2517
f 750/2518/2517 785/2517/2516 784/2519/2518
f 750/2518/2517 784/2519/2518 751/2520/2519
f 751/2520/2519 784/2519/2518 783/2521/2520
f 751/2520/2519 783/2521/2520 752/2522/2521
f 752/2522/2521 783/2521/2520 782/2523/2522
f 752/2522/2521 782/2523/2522 753/2524/2523
f 753/2524/2523 782/2523/2522 781/2525/2524
f 753/2524/2523 781/2525/2524 754/2440/2441
f 754/2440/2441 781/2525/2524 780/2441/2442
g Pin (For adding more Pins) (2):1

v 0.508960 -0.721500 -0.000000
v 0.272460 -0.721500 -0.000000
v 0.309458 -0.771500 0.000000
v 0.471962 -0.771500 0.000000
v 0.272460 -0.721500 -0.070000
v 0.508960 -0.721500 -0.070000
v 0.780460 -0.571500 -0.000000
v 1.016960 -0.571500 -0.000000
v 0.979962 -0.521500 -0.000000
v 0.817458 -0.521500 -0.000000
v 0.780460 -0.571500 -0.070000
v 1.016960 -0.571500 -0.070000
v 0.523960 -0.571500 -0.000000
v 0.760460 -0.571500 -0.000000
v 0.723462 -0.521500 -0.000000
v 0.560958 -0.521500 -0.000000
v 0.760460 -0.571500 -0.070000
v 0.523960 -0.571500 -0.070000
v 0.015960 -0.571500 -0.000000
v 0.252460 -0.571500 -0.000000
v 0.215462 -0.521500 -0.000000
v 0.052958 -0.521500 -0.000000
v 0.252460 -0.571500 -0.070000
v 0.015960 -0.571500 -0.070000
v 0.523960 -0.721500 -0.070000
v 0.523960 -0.721500 -0.000000
v 0.760460 -0.721500 -0.000000
v 0.760460 -0.721500 -0.070000
v 0.560958 -0.771500 0.000000
v 0.723462 -0.771500 0.000000
v 1.016960 -0.721500 -0.000000
v 0.780460 -0.721500 -0.000000
v 0.817458 -0.771500 0.000000
v 0.979962 -0.771500 0.000000
v 0.780460 -0.721500 -0.070000
v 1.016960 -0.721500 -0.070000
v 0.272460 -0.571500 -0.000000
v 0.508960 -0.571500 -0.000000
v 0.471962 -0.521500 -0.000000
v 0.309458 -0.521500 -0.000000
v 0.272460 -0.571500 -0.070000
v 0.508960 -0.571500 -0.070000
v 0.252460 -0.721500 -0.000000
v 0.015960 -0.721500 -0.000000
v 0.052958 -0.771500 0.000000
v 0.215462 -0.771500 0.000000
v 0.015960 -0.721500 -0.070000
v 0.252460 -0.721500 -0.070000
v 0.252460 -0.721500 -0.254000
v 0.272460 -0.721500 -0.254000
v 0.272460 -0.571500 -0.254000
v 0.252460 -0.571500 -0.254000
v 0.052958 -0.771500 -0.254000
v 0.215462 -0.771500 -0.254000
v 0.309458 -0.771500 -0.254000
v 0.471962 -0.771500 -0.254000
v 0.508960 -0.721500 -0.254000
v 0.309458 -0.521500 -0.254000
v 0.052958 -0.521500 -0.254000
v 0.015960 -0.571500 -0.254000
v 0.523960 -0.721500 -0.254000
v 0.760460 -0.721500 -0.254000
v 0.780460 -0.721500 -0.254000
v 1.016960 -0.721500 -0.254000
v 1.016960 -0.571500 -0.254000
v 0.780460 -0.571500 -0.254000
v 0.760460 -0.571500 -0.254000
v 0.523960 -0.571500 -0.254000
v 0.508960 -0.571500 -0.254000
v 0.723462 -0.771500 -0.254000
v 0.979962 -0.771500 -0.254000
v 0.817458 -0.521500 -0.254000
v 0.560958 -0.521500 -0.254000
v -0.004040 -0.721500 -0.254000
v 0.015960 -0.721500 -0.254000
v -0.004040 -0.721500 -0.070000
v -0.004040 -0.571500 -0.070000
v -0.004040 -0.571500 -0.254000
v 0.560958 -0.771500 -0.254000
v 0.817458 -0.771500 -0.254000
v 0.979962 -0.521500 -0.254000
v 0.723462 -0.521500 -0.254000
v 0.471962 -0.521500 -0.254000
v 0.215462 -0.521500 -0.254000
v -0.041038 -0.771500 -0.254000
v -0.041038 -0.771500 0.000000
v -0.203542 -0.771500 0.000000
v -0.203542 -0.771500 -0.254000
v -0.004040 -0.721500 -0.000000
v -0.240540 -0.721500 -0.000000
v -0.240540 -0.721500 -0.070000
v -0.240540 -0.721500 -0.254000
v -0.203542 -0.521500 -0.254000
v -0.203542 -0.521500 -0.000000
v -0.041038 -0.521500 -0.000000
v -0.041038 -0.521500 -0.254000
v -0.240540 -0.571500 -0.070000
v -0.240540 -0.571500 -0.000000
v -0.240540 -0.571500 -0.254000
v -0.004040 -0.571500 -0.000000
v -0.260540 -0.721500 -0.000000
v -0.260540 -0.721500 -0.070000
v -0.497040 -0.721500 -0.070000
v -0.497040 -0.721500 -0.000000
v -0.460042 -0.771500 0.000000
v -0.297538 -0.771500 0.000000
v -0.497040 -0.571500 -0.000000
v -0.260540 -0.571500 -0.000000
v -0.297538 -0.521500 -0.000000
v -0.460042 -0.521500 -0.000000
v -0.260540 -0.571500 -0.070000
v -0.497040 -0.571500 -0.070000
v -0.517040 -0.721500 -0.000000
v -0.517040 -0.721500 -0.070000
v -0.753540 -0.721500 -0.070000
v -0.753540 -0.721500 -0.000000
v -0.716542 -0.771500 0.000000
v -0.554038 -0.771500 0.000000
v -0.753540 -0.571500 -0.000000
v -0.517040 -0.571500 -0.000000
v -0.554038 -0.521500 -0.000000
v -0.716542 -0.521500 -0.000000
v -0.517040 -0.571500 -0.070000
v -0.753540 -0.571500 -0.070000
v -0.753540 -0.571500 -0.254000
v -0.773540 -0.571500 -0.254000
v -0.773540 -0.571500 -0.070000
v -0.773540 -0.721500 -0.070000
v -0.773540 -0.721500 -0.254000
v -0.753540 -0.721500 -0.254000
v -1.010040 -0.571500 -0.070000
v -1.010040 -0.571500 -0.254000
v -1.010040 -0.721500 -0.254000
v -1.010040 -0.721500 -0.070000
v -0.823042 -0.521500 -0.000000
v -0.823042 -0.521500 -0.070000
v -0.973042 -0.521500 -0.070000
v -0.973042 -0.521500 -0.000000
v -1.010040 -0.571500 -0.000000
v -0.973042 -0.521500 -0.254000
v -0.773540 -0.571500 -0.000000
v -0.810538 -0.521500 -0.000000
v -0.810538 -0.521500 -0.254000
v -0.823042 -0.521500 -0.254000
v -0.823042 -0.285000 -0.070000
v -0.823042 -0.265000 -0.070000
v -0.823042 -0.028500 -0.070000
v -0.973042 -0.028500 -0.070000
v -0.973042 -0.265000 -0.070000
v -0.973042 -0.285000 -0.070000
v -0.823042 -0.285000 -0.000000
v -0.773042 -0.484502 -0.000000
v -0.773042 -0.321998 -0.000000
v -0.973042 -0.285000 -0.000000
v -1.023042 -0.321998 -0.000000
v -1.023042 -0.484502 -0.000000
v -1.023042 -0.484502 -0.254000
v -0.773042 -0.484502 -0.254000
v -0.773042 -0.321998 -0.254000
v -0.823042 -0.285000 -0.254000
v -0.973042 -0.285000 -0.254000
v -1.023042 -0.321998 -0.254000
v -0.823042 -0.265000 -0.000000
v -0.823042 -0.028500 -0.000000
v -0.773042 -0.228002 -0.000000
v -0.773042 -0.065498 -0.000000
v -0.973042 -0.265000 -0.000000
v -0.973042 -0.028500 -0.000000
v -1.023042 -0.065498 -0.000000
v -1.023042 -0.228002 -0.000000
v -0.973042 -0.265000 -0.254000
v -1.023042 -0.228002 -0.254000
v -1.023042 -0.065498 -0.254000
v -0.973042 -0.028500 -0.254000
v -0.823042 -0.028500 -0.254000
v -0.773042 -0.065498 -0.254000
v -0.773042 -0.228002 -0.254000
v -0.823042 -0.265000 -0.254000
v -0.716542 -0.521500 -0.254000
v -0.554038 -0.521500 -0.254000
v -0.517040 -0.571500 -0.254000
v -0.497040 -0.571500 -0.254000
v -0.460042 -0.521500 -0.254000
v -0.297538 -0.521500 -0.254000
v -0.260540 -0.571500 -0.254000
v -0.260540 -0.721500 -0.254000
v -0.297538 -0.771500 -0.254000
v -0.460042 -0.771500 -0.254000
v -0.497040 -0.721500 -0.254000
v -0.517040 -0.721500 -0.254000
v -0.554038 -0.771500 -0.254000
v -0.716542 -0.771500 -0.254000
v -0.810538 -0.771500 -0.254000
v -0.973042 -0.771500 -0.254000
v -0.773540 -0.721500 -0.000000
v -1.010040 -0.721500 0.000000
v -0.973042 -0.771500 0.000000
v -0.810538 -0.771500 0.000000
vt 0.075000 0.503000 0.000000
vt 0.075000 0.266500 0.000000
vt 0.125000 0.466002 0.000000
vt 0.125000 0.303498 0.000000
vt -0.769500 0.070000 0.000000
vt -1.006000 0.070000 0.000000
vt -0.769500 0.000000 0.000000
vt -1.006000 -0.000000 0.000000
vt -0.075000 0.503000 0.000000
vt -0.125000 0.466002 0.000000
vt -0.075000 0.266500 0.000000
vt -0.125000 0.303498 0.000000
vt 0.769500 0.000000 0.000000
vt 1.006000 -0.000000 0.000000
vt 0.769500 0.070000 0.000000
vt 1.006000 0.070000 0.000000
vt -0.075000 0.246500 0.000000
vt -0.125000 0.209502 0.000000
vt -0.075000 0.010000 0.000000
vt -0.125000 0.046998 0.000000
vt 0.749500 0.070000 0.000000
vt 0.513000 0.070000 0.000000
vt 0.749500 0.000000 0.000000
vt 0.513000 -0.000000 0.000000
vt -0.075000 0.246500 0.000000
vt -0.125000 0.209502 0.000000
vt -0.075000 0.010000 0.000000
vt -0.125000 0.046998 0.000000
vt 0.749500 0.070000 0.000000
vt 0.513000 0.070000 0.000000
vt 0.749500 0.000000 0.000000
vt 0.513000 -0.000000 0.000000
vt -0.513000 0.070000 0.000000
vt -0.749500 0.070000 0.000000
vt -0.513000 -0.000000 0.000000
vt -0.749500 0.000000 0.000000
vt 0.075000 0.246500 0.000000
vt 0.075000 0.010000 0.000000
vt 0.125000 0.209502 0.000000
vt 0.125000 0.046998 0.000000
vt 0.075000 0.503000 0.000000
vt 0.075000 0.266500 0.000000
vt 0.125000 0.466002 0.000000
vt 0.125000 0.303498 0.000000
vt -0.769500 0.070000 0.000000
vt -1.006000 0.070000 0.000000
vt -0.769500 0.000000 0.000000
vt -1.006000 -0.000000 0.000000
vt -0.075000 0.503000 0.000000
vt -0.125000 0.466002 0.000000
vt -0.075000 0.266500 0.000000
vt -0.125000 0.303498 0.000000
vt 0.769500 0.000000 0.000000
vt 1.006000 -0.000000 0.000000
vt 0.769500 0.070000 0.000000
vt 1.006000 0.070000 0.000000
vt 0.075000 0.246500 0.000000
vt 0.075000 0.010000 0.000000
vt 0.125000 0.209502 0.000000
vt 0.125000 0.046998 0.000000
vt -0.513000 0.070000 0.000000
vt -0.749500 0.070000 0.000000
vt -0.513000 -0.000000 0.000000
vt -0.749500 0.000000 0.000000
vt -0.020000 -0.000000 0.000000
vt -0.000000 0.000000 0.000000
vt -0.020000 0.184000 0.000000
vt -0.000000 0.184000 0.000000
vt -0.020000 0.000000 0.000000
vt -0.000000 0.000000 0.000000
vt -0.020000 0.184000 0.000000
vt 0.000000 0.184000 0.000000
vt -0.162504 -0.000000 0.000000
vt -0.000000 0.000000 0.000000
vt -0.162504 0.254000 0.000000
vt -0.000000 0.254000 0.000000
vt -0.000000 0.254000 0.000000
vt -0.062200 0.254000 0.000000
vt 0.000000 0.184000 0.000000
vt -0.062200 0.000000 0.000000
vt -0.000000 0.000000 0.000000
vt -0.162504 -0.000000 0.000000
vt -0.000000 0.000000 0.000000
vt -0.162504 0.254000 0.000000
vt -0.000000 0.254000 0.000000
vt -0.000000 0.254000 0.000000
vt -0.062200 0.254000 0.000000
vt -0.000000 0.184000 0.000000
vt -0.062200 0.000000 0.000000
vt -0.000000 0.000000 0.000000
vt 0.000000 0.254000 0.000000
vt -0.062200 0.254000 0.000000
vt -0.000000 0.184000 0.000000
vt -0.062200 -0.000000 0.000000
vt -0.000000 0.000000 0.000000
vt -0.000000 0.254000 0.000000
vt -0.062200 0.254000 0.000000
vt -0.000000 0.184000 0.000000
vt -0.062200 -0.000000 0.000000
vt -0.000000 0.000000 0.000000
vt 0.000000 0.184000 0.000000
vt -0.015000 0.184000 0.000000
vt -0.000000 0.000000 0.000000
vt -0.015000 -0.000000 0.000000
vt -0.020000 -0.000000 0.000000
vt -0.000000 0.000000 0.000000
vt -0.020000 0.184000 0.000000
vt -0.000000 0.184000 0.000000
vt -0.150000 -0.000000 0.000000
vt -0.000000 0.000000 0.000000
vt -0.150000 0.184000 0.000000
vt 0.000000 0.184000 0.000000
vt -0.020000 0.000000 0.000000
vt -0.000000 0.000000 0.000000
vt -0.020000 0.184000 0.000000
vt 0.000000 0.184000 0.000000
vt -0.020000 0.000000 0.000000
vt -0.005000 0.000000 0.000000
vt -0.020000 0.184000 0.000000
vt -0.005000 0.184000 0.000000
vt -0.000000 0.254000 0.000000
vt -0.062200 0.254000 0.000000
vt 0.000000 0.184000 0.000000
vt -0.062200 0.000000 0.000000
vt -0.000000 0.000000 0.000000
vt -0.000000 0.254000 0.000000
vt -0.062200 0.254000 0.000000
vt -0.000000 0.184000 0.000000
vt -0.062200 0.000000 0.000000
vt -0.000000 0.000000 0.000000
vt 0.000000 0.254000 0.000000
vt -0.062200 0.254000 0.000000
vt -0.000000 0.184000 0.000000
vt -0.062200 -0.000000 0.000000
vt -0.000000 0.000000 0.000000
vt -0.000000 0.254000 0.000000
vt -0.062200 0.254000 0.000000
vt -0.000000 0.184000 0.000000
vt -0.062200 -0.000000 0.000000
vt -0.000000 0.000000 0.000000
vt -0.020000 -0.000000 0.000000
vt -0.000000 0.000000 0.000000
vt -0.020000 0.184000 0.000000
vt 0.000000 0.184000 0.000000
vt 0.000000 0.184000 0.000000
vt -0.020000 0.184000 0.000000
vt -0.000000 0.000000 0.000000
vt -0.020000 0.000000 0.000000
vt -0.062200 -0.000000 0.000000
vt -0.000000 0.000000 0.000000
vt -0.062200 0.184000 0.000000
vt 0.000000 0.254000 0.000000
vt -0.062200 0.254000 0.000000
vt -0.162504 -0.000000 0.000000
vt -0.000000 0.000000 0.000000
vt -0.162504 0.254000 0.000000
vt -0.000000 0.254000 0.000000
vt -0.062200 -0.000000 0.000000
vt -0.000000 0.000000 0.000000
vt -0.062200 0.184000 0.000000
vt 0.000000 0.254000 0.000000
vt -0.062200 0.254000 0.000000
vt -0.162504 -0.000000 0.000000
vt -0.000000 0.000000 0.000000
vt -0.162504 0.254000 0.000000
vt -0.000000 0.254000 0.000000
vt -0.062200 -0.000000 0.000000
vt -0.000000 0.000000 0.000000
vt -0.062200 0.184000 0.000000
vt 0.000000 0.254000 0.000000
vt -0.062200 0.254000 0.000000
vt -0.062200 0.000000 0.000000
vt -0.000000 0.000000 0.000000
vt -0.062200 0.184000 0.000000
vt -0.000000 0.254000 0.000000
vt -0.062200 0.254000 0.000000
vt -0.162504 0.000000 0.000000
vt -0.000000 0.000000 0.000000
vt -0.162504 0.254000 0.000000
vt 0.000000 0.254000 0.000000
vt -0.062200 -0.000000 0.000000
vt -0.000000 0.000000 0.000000
vt -0.062200 0.184000 0.000000
vt 0.000000 0.254000 0.000000
vt -0.062200 0.254000 0.000000
vt -0.062200 0.000000 0.000000
vt -0.000000 0.000000 0.000000
vt -0.062200 0.184000 0.000000
vt 0.000000 0.254000 0.000000
vt -0.062200 0.254000 0.000000
vt -0.162504 0.000000 0.000000
vt -0.000000 0.000000 0.000000
vt -0.162504 0.254000 0.000000
vt 0.000000 0.254000 0.000000
vt -0.062200 0.000000 0.000000
vt -0.000000 0.000000 0.000000
vt -0.062200 0.184000 0.000000
vt -0.000000 0.254000 0.000000
vt -0.062200 0.254000 0.000000
vt -0.162504 0.000000 0.000000
vt -0.000000 0.000000 0.000000
vt -0.162504 0.254000 0.000000
vt 0.000000 0.254000 0.000000
vt -0.062200 0.000000 0.000000
vt -0.000000 0.000000 0.000000
vt -0.062200 0.184000 0.000000
vt 0.000000 0.254000 0.000000
vt -0.062200 0.254000 0.000000
vt -0.162504 0.000000 0.000000
vt -0.000000 0.000000 0.000000
vt -0.162504 0.254000 0.000000
vt -0.000000 0.254000 0.000000
vt 0.000000 0.254000 0.000000
vt -0.162504 0.254000 0.000000
vt -0.000000 0.000000 0.000000
vt -0.162504 -0.000000 0.000000
vt 0.000000 0.254000 0.000000
vt -0.062200 0.254000 0.000000
vt -0.000000 0.184000 0.000000
vt -0.062200 0.000000 0.000000
vt -0.000000 0.000000 0.000000
vt 0.075000 -0.010000 0.000000
vt 0.075000 -0.246500 0.000000
vt 0.125000 -0.046998 0.000000
vt 0.125000 -0.209502 0.000000
vt -0.062200 -0.000000 0.000000
vt -0.000000 0.000000 0.000000
vt -0.062200 0.184000 0.000000
vt 0.000000 0.254000 0.000000
vt -0.062200 0.254000 0.000000
vt -0.256500 0.070000 0.000000
vt -0.493000 0.070000 0.000000
vt -0.256500 -0.000000 0.000000
vt -0.493000 -0.000000 0.000000
vt 0.000000 0.254000 0.000000
vt -0.162504 0.254000 0.000000
vt -0.000000 0.000000 0.000000
vt -0.162504 0.000000 0.000000
vt -0.000000 0.254000 0.000000
vt -0.062200 0.254000 0.000000
vt -0.000000 0.184000 0.000000
vt -0.062200 -0.000000 0.000000
vt -0.000000 0.000000 0.000000
vt -0.075000 -0.010000 0.000000
vt -0.125000 -0.046998 0.000000
vt -0.075000 -0.246500 0.000000
vt -0.125000 -0.209502 0.000000
vt -0.062200 0.000000 0.000000
vt -0.000000 0.000000 0.000000
vt -0.062200 0.184000 0.000000
vt -0.000000 0.254000 0.000000
vt -0.062200 0.254000 0.000000
vt 0.493000 0.070000 0.000000
vt 0.256500 0.070000 0.000000
vt 0.493000 -0.000000 0.000000
vt 0.256500 -0.000000 0.000000
vt -0.236500 -0.000000 0.000000
vt 0.000000 0.000000 0.000000
vt -0.236500 0.070000 0.000000
vt 0.000000 0.070000 0.000000
vt 0.075000 -0.266500 0.000000
vt 0.075000 -0.503000 0.000000
vt 0.125000 -0.303498 0.000000
vt 0.125000 -0.466002 0.000000
vt -0.075000 -0.266500 0.000000
vt -0.125000 -0.303498 0.000000
vt -0.075000 -0.503000 0.000000
vt -0.125000 -0.466002 0.000000
vt 0.236500 0.070000 0.000000
vt -0.000000 0.070000 0.000000
vt 0.236500 -0.000000 0.000000
vt 0.000000 0.000000 0.000000
vt -0.236500 0.000000 0.000000
vt 0.000000 0.000000 0.000000
vt -0.236500 0.070000 0.000000
vt 0.000000 0.070000 0.000000
vt 0.075000 -0.266500 0.000000
vt 0.075000 -0.503000 0.000000
vt 0.125000 -0.303498 0.000000
vt 0.125000 -0.466002 0.000000
vt -0.075000 -0.266500 0.000000
vt -0.125000 -0.303498 0.000000
vt -0.075000 -0.503000 0.000000
vt -0.125000 -0.466002 0.000000
vt 0.236500 0.070000 0.000000
vt -0.000000 0.070000 0.000000
vt 0.236500 0.000000 0.000000
vt 0.000000 0.000000 0.000000
vt -0.020000 0.000000 0.000000
vt -0.000000 0.000000 0.000000
vt -0.020000 0.184000 0.000000
vt 0.000000 0.184000 0.000000
vt -0.020000 -0.000000 0.000000
vt 0.000000 0.000000 0.000000
vt -0.020000 0.184000 0.000000
vt 0.000000 0.184000 0.000000
vt -0.150000 0.000000 0.000000
vt -0.000000 0.000000 0.000000
vt -0.150000 0.184000 0.000000
vt 0.000000 0.184000 0.000000
vt -0.150000 0.184000 0.000000
vt -0.000000 0.184000 0.000000
vt -0.150000 0.254000 0.000000
vt -0.000000 0.254000 0.000000
vt -0.000000 0.254000 0.000000
vt -0.062200 0.254000 0.000000
vt -0.000000 0.184000 0.000000
vt -0.062200 0.184000 0.000000
vt -0.000000 0.000000 0.000000
vt -0.062200 -0.000000 0.000000
vt -0.125000 -0.466002 0.000000
vt -0.075000 -0.503000 0.000000
vt -0.125000 -0.316002 0.000000
vt -0.075000 -0.266500 0.000000
vt -0.125000 -0.303498 0.000000
vt -0.062200 0.000000 0.000000
vt -0.000000 0.000000 0.000000
vt -0.062200 0.184000 0.000000
vt -0.000000 0.254000 0.000000
vt -0.062200 0.254000 0.000000
vt -0.150000 0.254000 0.000000
vt -0.162504 0.254000 0.000000
vt -0.150000 0.184000 0.000000
vt -0.162504 0.000000 0.000000
vt -0.150000 0.000000 0.000000
vt 0.236500 0.070000 0.000000
vt -0.000000 0.070000 0.000000
vt 0.236500 -0.000000 0.000000
vt 0.000000 0.000000 0.000000
vt 0.075000 -0.010000 0.000000
vt -0.075000 -0.010000 0.000000
vt 0.075000 -0.246500 0.000000
vt -0.075000 -0.246500 0.000000
vt 0.075000 -0.266500 0.000000
vt -0.075000 -0.266500 0.000000
vt 0.075000 -0.503000 0.000000
vt -0.075000 -0.503000 0.000000
vt 0.236500 0.070000 0.000000
vt -0.000000 0.070000 0.000000
vt 0.236500 -0.000000 0.000000
vt -0.000000 0.000000 0.000000
vt -0.075000 -0.266500 0.000000
vt -0.125000 -0.303498 0.000000
vt -0.075000 -0.503000 0.000000
vt -0.125000 -0.466002 0.000000
vt 0.075000 -0.266500 0.000000
vt 0.075000 -0.503000 0.000000
vt 0.125000 -0.303498 0.000000
vt 0.125000 -0.466002 0.000000
vt -0.236500 0.000000 0.000000
vt 0.000000 0.000000 0.000000
vt -0.236500 0.070000 0.000000
vt 0.000000 0.070000 0.000000
vt -0.000000 0.254000 0.000000
vt -0.062200 0.254000 0.000000
vt -0.000000 0.184000 0.000000
vt -0.062200 0.000000 0.000000
vt -0.000000 0.000000 0.000000
vt -0.062200 0.000000 0.000000
vt -0.000000 0.000000 0.000000
vt -0.062200 0.184000 0.000000
vt 0.000000 0.254000 0.000000
vt -0.062200 0.254000 0.000000
vt -0.162504 0.000000 0.000000
vt -0.000000 0.000000 0.000000
vt -0.162504 0.254000 0.000000
vt -0.000000 0.254000 0.000000
vt -0.000000 0.254000 0.000000
vt -0.062200 0.254000 0.000000
vt 0.000000 0.184000 0.000000
vt -0.062200 -0.000000 0.000000
vt 0.000000 0.000000 0.000000
vt -0.062200 -0.000000 0.000000
vt -0.000000 0.000000 0.000000
vt -0.062200 0.184000 0.000000
vt 0.000000 0.254000 0.000000
vt -0.062200 0.254000 0.000000
vt -0.162504 -0.000000 0.000000
vt -0.000000 0.000000 0.000000
vt -0.162504 0.254000 0.000000
vt 0.000000 0.254000 0.000000
vt 0.236500 0.070000 0.000000
vt 0.000000 0.070000 0.000000
vt 0.236500 -0.000000 0.000000
vt 0.000000 0.000000 0.000000
vt -0.075000 -0.266500 0.000000
vt -0.125000 -0.303498 0.000000
vt -0.075000 -0.503000 0.000000
vt -0.125000 -0.466002 0.000000
vt 0.075000 -0.266500 0.000000
vt 0.075000 -0.503000 0.000000
vt 0.125000 -0.303498 0.000000
vt 0.125000 -0.466002 0.000000
vt -0.236500 -0.000000 0.000000
vt 0.000000 0.000000 0.000000
vt -0.236500 0.070000 0.000000
vt -0.000000 0.070000 0.000000
vt -0.125000 -0.046998 0.000000
vt 0.125000 -0.046998 0.000000
vt -0.075000 -0.010000 0.000000
vt 0.075000 -0.010000 0.000000
vt -0.111998 0.040000 0.000000
vt 0.124502 0.040000 0.000000
vt -0.111998 0.190000 0.000000
vt 0.124502 0.190000 0.000000
vt -0.075000 0.240000 0.000000
vt 0.087504 0.240000 0.000000
vt 0.125000 -0.209502 0.000000
vt -0.125000 -0.209502 0.000000
vt 0.075000 -0.246500 0.000000
vt -0.075000 -0.246500 0.000000
vt 0.075000 -0.266500 0.000000
vt -0.075000 -0.266500 0.000000
vt 0.125000 -0.303498 0.000000
vt -0.125000 -0.303498 0.000000
vt 0.125000 -0.466002 0.000000
vt -0.125000 -0.466002 0.000000
vt 0.075000 -0.503000 0.000000
vt -0.075000 -0.503000 0.000000
vt 0.087504 -0.010000 0.000000
vt 0.144502 0.040000 0.000000
vt 0.144502 0.190000 0.000000
vt 0.381002 0.040000 0.000000
vt 0.381002 0.190000 0.000000
vt 0.401002 0.040000 0.000000
vt 0.401002 0.190000 0.000000
vt 0.637502 0.040000 0.000000
vt 0.637502 0.190000 0.000000
vt 0.657502 0.040000 0.000000
vt 0.657502 0.190000 0.000000
vt 0.894002 0.040000 0.000000
vt 0.894002 0.190000 0.000000
vt 0.914002 0.040000 0.000000
vt 0.914002 0.190000 0.000000
vt 1.150502 0.040000 0.000000
vt 1.150502 0.190000 0.000000
vt 1.170502 0.040000 0.000000
vt 1.170502 0.190000 0.000000
vt 1.407002 0.040000 0.000000
vt 1.407002 0.190000 0.000000
vt 1.422002 0.040000 0.000000
vt 1.422002 0.190000 0.000000
vt 1.658502 0.040000 0.000000
vt 1.658502 0.190000 0.000000
vt 1.678502 0.040000 0.000000
vt 1.678502 0.190000 0.000000
vt 1.915002 0.040000 0.000000
vt 1.915002 0.190000 0.000000
vt 0.181500 -0.010000 0.000000
vt 0.344004 -0.010000 0.000000
vt 0.438000 -0.010000 0.000000
vt 0.600504 -0.010000 0.000000
vt 0.694500 -0.010000 0.000000
vt 0.857004 -0.010000 0.000000
vt 0.951000 -0.010000 0.000000
vt 1.113504 -0.010000 0.000000
vt 1.207500 -0.010000 0.000000
vt 1.370004 -0.010000 0.000000
vt 1.459000 -0.010000 0.000000
vt 1.621504 -0.010000 0.000000
vt 1.715500 -0.010000 0.000000
vt 1.878004 -0.010000 0.000000
vt 1.878004 0.240000 0.000000
vt 1.715500 0.240000 0.000000
vt 1.621504 0.240000 0.000000
vt 1.459000 0.240000 0.000000
vt 1.370004 0.240000 0.000000
vt 1.207500 0.240000 0.000000
vt 1.113504 0.240000 0.000000
vt 0.951000 0.240000 0.000000
vt 0.857004 0.240000 0.000000
vt 0.694500 0.240000 0.000000
vt 0.600504 0.240000 0.000000
vt 0.438000 0.240000 0.000000
vt 0.344004 0.240000 0.000000
vt 0.181500 0.240000 0.000000
vt -0.150000 0.000000 0.000000
vt -0.000000 0.000000 0.000000
vt -0.150000 0.184000 0.000000
vt 0.000000 0.184000 0.000000
vt -0.020000 0.000000 0.000000
vt -0.000000 0.000000 0.000000
vt -0.020000 0.184000 0.000000
vt 0.000000 0.184000 0.000000
vt -0.020000 -0.000000 0.000000
vt -0.000000 0.000000 0.000000
vt -0.020000 0.184000 0.000000
vt -0.000000 0.184000 0.000000
vt -0.000000 0.254000 0.000000
vt -0.062200 0.254000 0.000000
vt 0.000000 0.184000 0.000000
vt -0.062200 -0.000000 0.000000
vt -0.000000 0.000000 0.000000
vt -0.062200 0.000000 0.000000
vt -0.000000 0.000000 0.000000
vt -0.062200 0.184000 0.000000
vt -0.000000 0.254000 0.000000
vt -0.062200 0.254000 0.000000
vt -0.162504 0.000000 0.000000
vt -0.000000 0.000000 0.000000
vt -0.162504 0.254000 0.000000
vt -0.000000 0.254000 0.000000
vt -0.000000 0.254000 0.000000
vt -0.062200 0.254000 0.000000
vt -0.000000 0.184000 0.000000
vt -0.062200 0.000000 0.000000
vt -0.000000 0.000000 0.000000
vt -0.062200 -0.000000 0.000000
vt -0.000000 0.000000 0.000000
vt -0.062200 0.184000 0.000000
vt 0.000000 0.254000 0.000000
vt -0.062200 0.254000 0.000000
vt -0.162504 0.000000 0.000000
vt -0.000000 0.000000 0.000000
vt -0.162504 0.254000 0.000000
vt 0.000000 0.254000 0.000000
vt -0.000000 0.254000 0.000000
vt -0.062200 0.254000 0.000000
vt -0.000000 0.184000 0.000000
vt -0.062200 0.000000 0.000000
vt -0.000000 0.000000 0.000000
vt -0.162504 -0.000000 0.000000
vt -0.000000 0.000000 0.000000
vt -0.162504 0.254000 0.000000
vt -0.000000 0.254000 0.000000
vt -0.000000 0.254000 0.000000
vt -0.062200 0.254000 0.000000
vt -0.000000 0.184000 0.000000
vt -0.062200 -0.000000 0.000000
vt -0.000000 0.000000 0.000000
vt -0.020000 0.000000 0.000000
vt -0.000000 0.000000 0.000000
vt -0.020000 0.184000 0.000000
vt 0.000000 0.184000 0.000000
vt -0.020000 -0.000000 0.000000
vt 0.000000 0.000000 0.000000
vt -0.020000 0.184000 0.000000
vt 0.000000 0.184000 0.000000
vt -0.062200 0.000000 0.000000
vt -0.000000 0.000000 0.000000
vt -0.062200 0.184000 0.000000
vt 0.000000 0.254000 0.000000
vt -0.062200 0.254000 0.000000
vt -0.162504 0.000000 0.000000
vt -0.000000 0.000000 0.000000
vt -0.162504 0.254000 0.000000
vt 0.000000 0.254000 0.000000
vt -0.062200 -0.000000 0.000000
vt -0.000000 0.000000 0.000000
vt -0.062200 0.184000 0.000000
vt 0.000000 0.254000 0.000000
vt -0.062200 0.254000 0.000000
vt 0.075000 0.503000 0.000000
vt -0.075000 0.503000 0.000000
vt 0.075000 0.266500 0.000000
vt -0.075000 0.266500 0.000000
vt 0.075000 0.246500 0.000000
vt -0.075000 0.246500 0.000000
vt 0.075000 0.010000 0.000000
vt -0.075000 0.010000 0.000000
vt 0.075000 -0.010000 0.000000
vt -0.075000 -0.010000 0.000000
vt 0.075000 -0.246500 0.000000
vt -0.075000 -0.246500 0.000000
vt 0.075000 -0.266500 0.000000
vt -0.075000 -0.266500 0.000000
vt 0.075000 -0.503000 0.000000
vt -0.075000 -0.503000 0.000000
vt 0.075000 -0.523000 0.000000
vt -0.075000 -0.523000 0.000000
vt 0.075000 -0.759500 0.000000
vt -0.075000 -0.759500 0.000000
vt 0.075000 -0.779500 0.000000
vt -0.075000 -0.779500 0.000000
vt 0.075000 -1.016000 0.000000
vt -0.075000 -1.016000 0.000000
vt -0.075000 0.518000 0.000000
vt 0.075000 0.518000 0.000000
vt -0.075000 0.754500 0.000000
vt 0.075000 0.754500 0.000000
vt -0.075000 0.774500 0.000000
vt 0.075000 0.774500 0.000000
vt -0.075000 1.011000 0.000000
vt 0.075000 1.011000 0.000000
vt -0.000000 0.254000 0.000000
vt -0.062200 0.254000 0.000000
vt -0.000000 0.184000 0.000000
vt -0.062200 0.000000 0.000000
vt -0.000000 0.000000 0.000000
vt -0.162504 -0.000000 0.000000
vt -0.000000 0.000000 0.000000
vt -0.162504 0.254000 0.000000
vt -0.000000 0.254000 0.000000
vt -0.000000 0.254000 0.000000
vt -0.062200 0.254000 0.000000
vt -0.000000 0.184000 0.000000
vt -0.062200 -0.000000 0.000000
vt -0.000000 0.000000 0.000000
vt -0.020000 0.000000 0.000000
vt -0.000000 0.000000 0.000000
vt -0.020000 0.184000 0.000000
vt 0.000000 0.184000 0.000000
vt -0.020000 -0.000000 0.000000
vt -0.000000 0.000000 0.000000
vt -0.020000 0.184000 0.000000
vt -0.000000 0.184000 0.000000
vt -0.062200 0.000000 0.000000
vt -0.000000 0.000000 0.000000
vt -0.062200 0.184000 0.000000
vt -0.000000 0.254000 0.000000
vt -0.062200 0.254000 0.000000
vt -0.162504 0.000000 0.000000
vt -0.000000 0.000000 0.000000
vt -0.162504 0.254000 0.000000
vt 0.000000 0.254000 0.000000
vt -0.062200 -0.000000 0.000000
vt -0.000000 0.000000 0.000000
vt -0.062200 0.184000 0.000000
vt 0.000000 0.254000 0.000000
vt -0.062200 0.254000 0.000000
vt -0.236500 -0.000000 0.000000
vt 0.000000 0.000000 0.000000
vt -0.236500 0.070000 0.000000
vt 0.000000 0.070000 0.000000
vt -0.062200 -0.000000 0.000000
vt -0.000000 0.000000 0.000000
vt -0.062200 0.184000 0.000000
vt 0.000000 0.254000 0.000000
vt -0.062200 0.254000 0.000000
vt 0.075000 -0.266500 0.000000
vt 0.075000 -0.503000 0.000000
vt 0.125000 -0.303498 0.000000
vt 0.125000 -0.466002 0.000000
vt -0.000000 0.254000 0.000000
vt -0.062200 0.254000 0.000000
vt -0.000000 0.184000 0.000000
vt -0.062200 0.000000 0.000000
vt -0.000000 0.000000 0.000000
vt -0.000000 0.254000 0.000000
vt -0.162504 0.254000 0.000000
vt -0.000000 0.000000 0.000000
vt -0.162504 -0.000000 0.000000
vn 0.000000 0.000000 1.000000
vn 0.000000 0.000000 1.000000
vn 0.000000 0.000000 1.000000
vn 0.000000 0.000000 1.000000
vn 0.000000 1.000000 -0.000000
vn 0.000000 1.000000 -0.000000
vn 0.000000 1.000000 -0.000000
vn 0.000000 1.000000 -0.000000
vn 0.000000 0.000000 1.000000
vn 0.000000 0.000000 1.000000
vn 0.000000 0.000000 1.000000
vn 0.000000 0.000000 1.000000
vn -0.000000 -1.000000 0.000000
vn -0.000000 -1.000000 0.000000
vn -0.000000 -1.000000 0.000000
vn -0.000000 -1.000000 0.000000
vn 0.000000 0.000000 1.000000
vn 0.000000 0.000000 1.000000
vn 0.000000 0.000000 1.000000
vn 0.000000 0.000000 1.000000
vn -0.000000 -1.000000 0.000000
vn -0.000000 -1.000000 0.000000
vn -0.000000 -1.000000 0.000000
vn -0.000000 -1.000000 0.000000
vn 0.000000 0.000000 1.000000
vn 0.000000 0.000000 1.000000
vn 0.000000 0.000000 1.000000
vn 0.000000 0.000000 1.000000
vn -0.000000 -1.000000 0.000000
vn -0.000000 -1.000000 0.000000
vn -0.000000 -1.000000 0.000000
vn -0.000000 -1.000000 0.000000
vn 0.000000 1.000000 -0.000000
vn 0.000000 1.000000 -0.000000
vn 0.000000 1.000000 -0.000000
vn 0.000000 1.000000 -0.000000
vn 0.000000 0.000000 1.000000
vn 0.000000 0.000000 1.000000
vn 0.000000 0.000000 1.000000
vn 0.000000 0.000000 1.000000
vn 0.000000 0.000000 1.000000
vn 0.000000 0.000000 1.000000
vn 0.000000 0.000000 1.000000
vn 0.000000 0.000000 1.000000
vn 0.000000 1.000000 -0.000000
vn 0.000000 1.000000 -0.000000
vn 0.000000 1.000000 -0.000000
vn 0.000000 1.000000 -0.000000
vn 0.000000 0.000000 1.000000
vn 0.000000 0.000000 1.000000
vn 0.000000 0.000000 1.000000
vn 0.000000 0.000000 1.000000
vn -0.000000 -1.000000 0.000000
vn -0.000000 -1.000000 0.000000
vn -0.000000 -1.000000 0.000000
vn -0.000000 -1.000000 0.000000
vn 0.000000 0.000000 1.000000
vn 0.000000 0.000000 1.000000
vn 0.000000 0.000000 1.000000
vn 0.000000 0.000000 1.000000
vn 0.000000 1.000000 -0.000000
vn 0.000000 1.000000 -0.000000
vn 0.000000 1.000000 -0.000000
vn 0.000000 1.000000 -0.000000
vn -0.000000 -1.000000 0.000000
vn -0.000000 -1.000000 0.000000
vn -0.000000 -1.000000 0.000000
vn -0.000000 -1.000000 0.000000
vn 0.000000 1.000000 -0.000000
vn 0.000000 1.000000 -0.000000
vn 0.000000 1.000000 -0.000000
vn 0.000000 1.000000 -0.000000
vn -0.000000 -1.000000 0.000000
vn -0.000000 -1.000000 0.000000
vn -0.000000 -1.000000 0.000000
vn -0.000000 -1.000000 0.000000
vn 0.803857 -0.594823 0.000000
vn 0.803857 -0.594823 0.000000
vn 0.803857 -0.594823 0.000000
vn 0.803857 -0.594823 0.000000
vn 0.803857 -0.594823 0.000000
vn -0.000000 -1.000000 0.000000
vn -0.000000 -1.000000 0.000000
vn -0.000000 -1.000000 0.000000
vn -0.000000 -1.000000 0.000000
vn 0.803857 -0.594823 0.000000
vn 0.803857 -0.594823 0.000000
vn 0.803857 -0.594823 0.000000
vn 0.803857 -0.594823 0.000000
vn 0.803857 -0.594823 0.000000
vn -0.803857 0.594823 -0.000000
vn -0.803857 0.594823 -0.000000
vn -0.803857 0.594823 -0.000000
vn -0.803857 0.594823 -0.000000
vn -0.803857 0.594823 -0.000000
vn -0.803857 0.594823 -0.000000
vn -0.803857 0.594823 -0.000000
vn -0.803857 0.594823 -0.000000
vn -0.803857 0.594823 -0.000000
vn -0.803857 0.594823 -0.000000
vn -0.000000 -1.000000 0.000000
vn -0.000000 -1.000000 0.000000
vn -0.000000 -1.000000 0.000000
vn -0.000000 -1.000000 0.000000
vn -0.000000 -1.000000 0.000000
vn -0.000000 -1.000000 0.000000
vn -0.000000 -1.000000 0.000000
vn -0.000000 -1.000000 0.000000
vn 1.000000 -0.000000 -0.000000
vn 1.000000 -0.000000 -0.000000
vn 1.000000 -0.000000 -0.000000
vn 1.000000 -0.000000 -0.000000
vn 0.000000 1.000000 -0.000000
vn 0.000000 1.000000 -0.000000
vn 0.000000 1.000000 -0.000000
vn 0.000000 1.000000 -0.000000
vn 0.000000 1.000000 -0.000000
vn 0.000000 1.000000 -0.000000
vn 0.000000 1.000000 -0.000000
vn 0.000000 1.000000 -0.000000
vn 0.803857 -0.594823 0.000000
vn 0.803857 -0.594823 0.000000
vn 0.803857 -0.594823 0.000000
vn 0.803857 -0.594823 0.000000
vn 0.803857 -0.594823 0.000000
vn 0.803857 -0.594823 0.000000
vn 0.803857 -0.594823 0.000000
vn 0.803857 -0.594823 0.000000
vn 0.803857 -0.594823 0.000000
vn 0.803857 -0.594823 0.000000
vn -0.803857 0.594823 -0.000000
vn -0.803857 0.594823 -0.000000
vn -0.803857 0.594823 -0.000000
vn -0.803857 0.594823 -0.000000
vn -0.803857 0.594823 -0.000000
vn -0.803857 0.594823 -0.000000
vn -0.803857 0.594823 -0.000000
vn -0.803857 0.594823 -0.000000
vn -0.803857 0.594823 -0.000000
vn -0.803857 0.594823 -0.000000
vn -0.000000 -1.000000 0.000000
vn -0.000000 -1.000000 0.000000
vn -0.000000 -1.000000 0.000000
vn -0.000000 -1.000000 0.000000
vn 0.000000 1.000000 -0.000000
vn 0.000000 1.000000 -0.000000
vn 0.000000 1.000000 -0.000000
vn 0.000000 1.000000 -0.000000
vn -0.803857 -0.594823 0.000000
vn -0.803857 -0.594823 0.000000
vn -0.803857 -0.594823 0.000000
vn -0.803857 -0.594823 0.000000
vn -0.803857 -0.594823 0.000000
vn -0.000000 -1.000000 0.000000
vn -0.000000 -1.000000 0.000000
vn -0.000000 -1.000000 0.000000
vn -0.000000 -1.000000 0.000000
vn -0.803857 -0.594823 0.000000
vn -0.803857 -0.594823 0.000000
vn -0.803857 -0.594823 0.000000
vn -0.803857 -0.594823 0.000000
vn -0.803857 -0.594823 0.000000
vn -0.000000 -1.000000 0.000000
vn -0.000000 -1.000000 0.000000
vn -0.000000 -1.000000 0.000000
vn -0.000000 -1.000000 0.000000
vn -0.803857 -0.594823 0.000000
vn -0.803857 -0.594823 0.000000
vn -0.803857 -0.594823 0.000000
vn -0.803857 -0.594823 0.000000
vn -0.803857 -0.594823 0.000000
vn 0.803857 0.594823 -0.000000
vn 0.803857 0.594823 -0.000000
vn 0.803857 0.594823 -0.000000
vn 0.803857 0.594823 -0.000000
vn 0.803857 0.594823 -0.000000
vn 0.000000 1.000000 -0.000000
vn 0.000000 1.000000 -0.000000
vn 0.000000 1.000000 -0.000000
vn 0.000000 1.000000 -0.000000
vn -0.803857 -0.594823 0.000000
vn -0.803857 -0.594823 0.000000
vn -0.803857 -0.594823 0.000000
vn -0.803857 -0.594823 0.000000
vn -0.803857 -0.594823 0.000000
vn 0.803857 0.594823 -0.000000
vn 0.803857 0.594823 -0.000000
vn 0.803857 0.594823 -0.000000
vn 0.803857 0.594823 -0.000000
vn 0.803857 0.594823 -0.000000
vn 0.000000 1.000000 -0.000000
vn 0.000000 1.000000 -0.000000
vn 0.000000 1.000000 -0.000000
vn 0.000000 1.000000 -0.000000
vn 0.803857 0.594823 -0.000000
vn 0.803857 0.594823 -0.000000
vn 0.803857 0.594823 -0.000000
vn 0.803857 0.594823 -0.000000
vn 0.803857 0.594823 -0.000000
vn 0.000000 1.000000 -0.000000
vn 0.000000 1.000000 -0.000000
vn 0.000000 1.000000 -0.000000
vn 0.000000 1.000000 -0.000000
vn 0.803857 0.594823 -0.000000
vn 0.803857 0.594823 -0.000000
vn 0.803857 0.594823 -0.000000
vn 0.803857 0.594823 -0.000000
vn 0.803857 0.594823 -0.000000
vn 0.000000 1.000000 -0.000000
vn 0.000000 1.000000 -0.000000
vn 0.000000 1.000000 -0.000000
vn 0.000000 1.000000 -0.000000
vn -0.000000 -1.000000 0.000000
vn -0.000000 -1.000000 0.000000
vn -0.000000 -1.000000 0.000000
vn -0.000000 -1.000000 0.000000
vn 0.803857 -0.594823 0.000000
vn 0.803857 -0.594823 0.000000
vn 0.803857 -0.594823 0.000000
vn 0.803857 -0.594823 0.000000
vn 0.803857 -0.594823 0.000000
vn 0.000000 0.000000 1.000000
vn 0.000000 0.000000 1.000000
vn 0.000000 0.000000 1.000000
vn 0.000000 0.000000 1.000000
vn -0.803857 -0.594823 0.000000
vn -0.803857 -0.594823 0.000000
vn -0.803857 -0.594823 0.000000
vn -0.803857 -0.594823 0.000000
vn -0.803857 -0.594823 0.000000
vn 0.000000 1.000000 -0.000000
vn 0.000000 1.000000 -0.000000
vn 0.000000 1.000000 -0.000000
vn 0.000000 1.000000 -0.000000
vn 0.000000 1.000000 -0.000000
vn 0.000000 1.000000 -0.000000
vn 0.000000 1.000000 -0.000000
vn 0.000000 1.000000 -0.000000
vn -0.803857 0.594823 -0.000000
vn -0.803857 0.594823 -0.000000
vn -0.803857 0.594823 -0.000000
vn -0.803857 0.594823 -0.000000
vn -0.803857 0.594823 -0.000000
vn 0.000000 0.000000 1.000000
vn 0.000000 0.000000 1.000000
vn 0.000000 0.000000 1.000000
vn 0.000000 0.000000 1.000000
vn 0.803857 0.594823 -0.000000
vn 0.803857 0.594823 -0.000000
vn 0.803857 0.594823 -0.000000
vn 0.803857 0.594823 -0.000000
vn 0.803857 0.594823 -0.000000
vn -0.000000 -1.000000 0.000000
vn -0.000000 -1.000000 0.000000
vn -0.000000 -1.000000 0.000000
vn -0.000000 -1.000000 0.000000
vn 0.000000 1.000000 -0.000000
vn 0.000000 1.000000 -0.000000
vn 0.000000 1.000000 -0.000000
vn 0.000000 1.000000 -0.000000
vn 0.000000 0.000000 1.000000
vn 0.000000 0.000000 1.000000
vn 0.000000 0.000000 1.000000
vn 0.000000 0.000000 1.000000
vn 0.000000 0.000000 1.000000
vn 0.000000 0.000000 1.000000
vn 0.000000 0.000000 1.000000
vn 0.000000 0.000000 1.000000
vn -0.000000 -1.000000 0.000000
vn -0.000000 -1.000000 0.000000
vn -0.000000 -1.000000 0.000000
vn -0.000000 -1.000000 0.000000
vn 0.000000 1.000000 -0.000000
vn 0.000000 1.000000 -0.000000
vn 0.000000 1.000000 -0.000000
vn 0.000000 1.000000 -0.000000
vn 0.000000 0.000000 1.000000
vn 0.000000 0.000000 1.000000
vn 0.000000 0.000000 1.000000
vn 0.000000 0.000000 1.000000
vn 0.000000 0.000000 1.000000
vn 0.000000 0.000000 1.000000
vn 0.000000 0.000000 1.000000
vn 0.000000 0.000000 1.000000
vn -0.000000 -1.000000 0.000000
vn -0.000000 -1.000000 0.000000
vn -0.000000 -1.000000 0.000000
vn -0.000000 -1.000000 0.000000
vn 0.000000 1.000000 -0.000000
vn 0.000000 1.000000 -0.000000
vn 0.000000 1.000000 -0.000000
vn 0.000000 1.000000 -0.000000
vn -0.000000 -1.000000 0.000000
vn -0.000000 -1.000000 0.000000
vn -0.000000 -1.000000 0.000000
vn -0.000000 -1.000000 0.000000
vn -1.000000 0.000000 0.000000
vn -1.000000 0.000000 0.000000
vn -1.000000 0.000000 0.000000
vn -1.000000 0.000000 0.000000
vn 0.000000 1.000000 -0.000000
vn 0.000000 1.000000 -0.000000
vn 0.000000 1.000000 -0.000000
vn 0.000000 1.000000 -0.000000
vn -0.803857 0.594823 -0.000000
vn -0.803857 0.594823 -0.000000
vn -0.803857 0.594823 -0.000000
vn -0.803857 0.594823 -0.000000
vn -0.803857 0.594823 -0.000000
vn -0.803857 0.594823 -0.000000
vn 0.000000 0.000000 1.000000
vn 0.000000 0.000000 1.000000
vn 0.000000 0.000000 1.000000
vn 0.000000 0.000000 1.000000
vn 0.000000 0.000000 1.000000
vn 0.803857 0.594823 -0.000000
vn 0.803857 0.594823 -0.000000
vn 0.803857 0.594823 -0.000000
vn 0.803857 0.594823 -0.000000
vn 0.803857 0.594823 -0.000000
vn 0.000000 1.000000 -0.000000
vn 0.000000 1.000000 -0.000000
vn 0.000000 1.000000 -0.000000
vn -0.000000 -1.000000 0.000000
vn -0.000000 -1.000000 0.000000
vn -0.000000 -1.000000 0.000000
vn -0.000000 -1.000000 0.000000
vn 0.000000 0.000000 1.000000
vn 0.000000 0.000000 1.000000
vn 0.000000 0.000000 1.000000
vn 0.000000 0.000000 1.000000
vn 0.000000 0.000000 1.000000
vn 0.000000 0.000000 1.000000
vn 0.000000 0.000000 1.000000
vn 0.000000 0.000000 1.000000
vn -1.000000 0.000000 0.000000
vn -1.000000 0.000000 0.000000
vn -1.000000 0.000000 0.000000
vn -1.000000 0.000000 0.000000
vn 0.000000 0.000000 1.000000
vn 0.000000 0.000000 1.000000
vn 0.000000 0.000000 1.000000
vn 0.000000 0.000000 1.000000
vn 0.000000 0.000000 1.000000
vn 0.000000 0.000000 1.000000
vn 1.000000 -0.000000 -0.000000
vn 1.000000 -0.000000 -0.000000
vn 1.000000 -0.000000 -0.000000
vn 1.000000 -0.000000 -0.000000
vn -0.594823 -0.803857 0.000000
vn -0.594823 -0.803857 0.000000
vn -0.594823 -0.803857 0.000000
vn -0.594823 -0.803857 0.000000
vn -0.594823 -0.803857 0.000000
vn 0.594823 -0.803857 0.000000
vn 0.594823 -0.803857 0.000000
vn 0.594823 -0.803857 0.000000
vn 0.594823 -0.803857 0.000000
vn 0.594823 -0.803857 0.000000
vn 1.000000 -0.000000 -0.000000
vn 1.000000 -0.000000 -0.000000
vn 1.000000 -0.000000 -0.000000
vn 1.000000 -0.000000 -0.000000
vn 0.594823 0.803857 -0.000000
vn 0.594823 0.803857 -0.000000
vn 0.594823 0.803857 -0.000000
vn 0.594823 0.803857 -0.000000
vn 0.594823 0.803857 -0.000000
vn -0.594823 0.803857 -0.000000
vn -0.594823 0.803857 -0.000000
vn -0.594823 0.803857 -0.000000
vn -0.594823 0.803857 -0.000000
vn -0.594823 0.803857 -0.000000
vn -1.000000 0.000000 0.000000
vn -1.000000 0.000000 0.000000
vn -1.000000 0.000000 0.000000
vn -1.000000 0.000000 0.000000
vn -1.000000 0.000000 0.000000
vn -1.000000 0.000000 0.000000
vn -1.000000 0.000000 0.000000
vn -1.000000 0.000000 0.000000
vn 0.000000 0.000000 1.000000
vn 0.000000 0.000000 1.000000
vn 0.000000 0.000000 1.000000
vn 0.000000 0.000000 1.000000
vn 0.000000 0.000000 1.000000
vn 0.000000 0.000000 1.000000
vn 0.000000 0.000000 1.000000
vn 0.000000 0.000000 1.000000
vn 1.000000 -0.000000 -0.000000
vn 1.000000 -0.000000 -0.000000
vn 1.000000 -0.000000 -0.000000
vn 1.000000 -0.000000 -0.000000
vn -0.000000 -0.000000 -1.000000
vn -0.000000 -0.000000 -1.000000
vn -0.000000 -0.000000 -1.000000
vn -0.000000 -0.000000 -1.000000
vn -0.000000 -0.000000 -1.000000
vn -0.000000 -0.000000 -1.000000
vn -0.000000 -0.000000 -1.000000
vn -0.000000 -0.000000 -1.000000
vn -0.000000 -0.000000 -1.000000
vn -0.000000 -0.000000 -1.000000
vn -0.000000 -0.000000 -1.000000
vn -0.000000 -0.000000 -1.000000
vn -0.000000 -0.000000 -1.000000
vn -0.000000 -0.000000 -1.000000
vn -0.000000 -0.000000 -1.000000
vn -0.000000 -0.000000 -1.000000
vn -0.000000 -0.000000 -1.000000
vn -0.000000 -0.000000 -1.000000
vn -0.000000 -0.000000 -1.000000
vn -0.000000 -0.000000 -1.000000
vn -0.000000 -0.000000 -1.000000
vn -0.000000 -0.000000 -1.000000
vn -0.000000 -0.000000 -1.000000
vn -0.000000 -0.000000 -1.000000
vn -0.000000 -0.000000 -1.000000
vn -0.000000 -0.000000 -1.000000
vn -0.000000 -0.000000 -1.000000
vn -0.000000 -0.000000 -1.000000
vn -0.000000 -0.000000 -1.000000
vn -0.000000 -0.000000 -1.000000
vn -0.000000 -0.000000 -1.000000
vn -0.000000 -0.000000 -1.000000
vn -0.000000 -0.000000 -1.000000
vn -0.000000 -0.000000 -1.000000
vn -0.000000 -0.000000 -1.000000
vn -0.000000 -0.000000 -1.000000
vn -0.000000 -0.000000 -1.000000
vn -0.000000 -0.000000 -1.000000
vn -0.000000 -0.000000 -1.000000
vn -0.000000 -0.000000 -1.000000
vn -0.000000 -0.000000 -1.000000
vn -0.000000 -0.000000 -1.000000
vn -0.000000 -0.000000 -1.000000
vn -0.000000 -0.000000 -1.000000
vn -0.000000 -0.000000 -1.000000
vn -0.000000 -0.000000 -1.000000
vn -0.000000 -0.000000 -1.000000
vn -0.000000 -0.000000 -1.000000
vn -0.000000 -0.000000 -1.000000
vn -0.000000 -0.000000 -1.000000
vn -0.000000 -0.000000 -1.000000
vn -0.000000 -0.000000 -1.000000
vn -0.000000 -0.000000 -1.000000
vn -0.000000 -0.000000 -1.000000
vn -0.000000 -0.000000 -1.000000
vn -0.000000 -0.000000 -1.000000
vn -0.000000 -0.000000 -1.000000
vn -0.000000 -0.000000 -1.000000
vn -0.000000 -0.000000 -1.000000
vn -0.000000 -0.000000 -1.000000
vn -0.000000 -0.000000 -1.000000
vn -0.000000 -0.000000 -1.000000
vn -0.000000 -0.000000 -1.000000
vn -0.000000 -0.000000 -1.000000
vn -0.000000 -0.000000 -1.000000
vn -0.000000 -0.000000 -1.000000
vn -0.000000 -0.000000 -1.000000
vn -0.000000 -0.000000 -1.000000
vn -0.000000 -0.000000 -1.000000
vn -0.000000 -0.000000 -1.000000
vn -0.000000 -0.000000 -1.000000
vn -0.000000 -0.000000 -1.000000
vn -0.000000 -0.000000 -1.000000
vn -0.000000 -0.000000 -1.000000
vn -0.000000 -0.000000 -1.000000
vn -0.000000 -0.000000 -1.000000
vn -0.000000 -0.000000 -1.000000
vn -0.000000 -0.000000 -1.000000
vn -0.000000 -0.000000 -1.000000
vn 0.000000 1.000000 -0.000000
vn 0.000000 1.000000 -0.000000
vn 0.000000 1.000000 -0.000000
vn 0.000000 1.000000 -0.000000
vn -1.000000 0.000000 0.000000
vn -1.000000 0.000000 0.000000
vn -1.000000 0.000000 0.000000
vn -1.000000 0.000000 0.000000
vn 1.000000 -0.000000 -0.000000
vn 1.000000 -0.000000 -0.000000
vn 1.000000 -0.000000 -0.000000
vn 1.000000 -0.000000 -0.000000
vn -0.594823 -0.803857 0.000000
vn -0.594823 -0.803857 0.000000
vn -0.594823 -0.803857 0.000000
vn -0.594823 -0.803857 0.000000
vn -0.594823 -0.803857 0.000000
vn 0.594823 -0.803857 0.000000
vn 0.594823 -0.803857 0.000000
vn 0.594823 -0.803857 0.000000
vn 0.594823 -0.803857 0.000000
vn 0.594823 -0.803857 0.000000
vn 1.000000 -0.000000 -0.000000
vn 1.000000 -0.000000 -0.000000
vn 1.000000 -0.000000 -0.000000
vn 1.000000 -0.000000 -0.000000
vn 0.594823 0.803857 -0.000000
vn 0.594823 0.803857 -0.000000
vn 0.594823 0.803857 -0.000000
vn 0.594823 0.803857 -0.000000
vn 0.594823 0.803857 -0.000000
vn -0.594823 0.803857 -0.000000
vn -0.594823 0.803857 -0.000000
vn -0.594823 0.803857 -0.000000
vn -0.594823 0.803857 -0.000000
vn -0.594823 0.803857 -0.000000
vn -1.000000 0.000000 0.000000
vn -1.000000 0.000000 0.000000
vn -1.000000 0.000000 0.000000
vn -1.000000 0.000000 0.000000
vn 0.803857 -0.594823 0.000000
vn 0.803857 -0.594823 0.000000
vn 0.803857 -0.594823 0.000000
vn 0.803857 -0.594823 0.000000
vn 0.803857 -0.594823 0.000000
vn -0.000000 -1.000000 0.000000
vn -0.000000 -1.000000 0.000000
vn -0.000000 -1.000000 0.000000
vn -0.000000 -1.000000 0.000000
vn -0.803857 0.594823 -0.000000
vn -0.803857 0.594823 -0.000000
vn -0.803857 0.594823 -0.000000
vn -0.803857 0.594823 -0.000000
vn -0.803857 0.594823 -0.000000
vn 0.000000 1.000000 -0.000000
vn 0.000000 1.000000 -0.000000
vn 0.000000 1.000000 -0.000000
vn 0.000000 1.000000 -0.000000
vn -0.000000 -1.000000 0.000000
vn -0.000000 -1.000000 0.000000
vn -0.000000 -1.000000 0.000000
vn -0.000000 -1.000000 0.000000
vn 0.803857 0.594823 -0.000000
vn 0.803857 0.594823 -0.000000
vn 0.803857 0.594823 -0.000000
vn 0.803857 0.594823 -0.000000
vn 0.803857 0.594823 -0.000000
vn 0.000000 1.000000 -0.000000
vn 0.000000 1.000000 -0.000000
vn 0.000000 1.000000 -0.000000
vn 0.000000 1.000000 -0.000000
vn -0.803857 -0.594823 0.000000
vn -0.803857 -0.594823 0.000000
vn -0.803857 -0.594823 0.000000
vn -0.803857 -0.594823 0.000000
vn -0.803857 -0.594823 0.000000
vn 0.000000 0.000000 1.000000
vn 0.000000 0.000000 1.000000
vn 0.000000 0.000000 1.000000
vn 0.000000 0.000000 1.000000
vn 0.000000 0.000000 1.000000
vn 0.000000 0.000000 1.000000
vn 0.000000 0.000000 1.000000
vn 0.000000 0.000000 1.000000
vn 0.000000 0.000000 1.000000
vn 0.000000 0.000000 1.000000
vn 0.000000 0.000000 1.000000
vn 0.000000 0.000000 1.000000
vn 0.000000 0.000000 1.000000
vn 0.000000 0.000000 1.000000
vn 0.000000 0.000000 1.000000
vn 0.000000 0.000000 1.000000
vn 0.000000 0.000000 1.000000
vn 0.000000 0.000000 1.000000
vn 0.000000 0.000000 1.000000
vn 0.000000 0.000000 1.000000
vn 0.000000 0.000000 1.000000
vn 0.000000 0.000000 1.000000
vn 0.000000 0.000000 1.000000
vn 0.000000 0.000000 1.000000
vn 0.000000 0.000000 1.000000
vn 0.000000 0.000000 1.000000
vn 0.000000 0.000000 1.000000
vn 0.000000 0.000000 1.000000
vn 0.000000 0.000000 1.000000
vn 0.000000 0.000000 1.000000
vn 0.000000 0.000000 1.000000
vn 0.000000 0.000000 1.000000
vn 0.803857 -0.594823 0.000000
vn 0.803857 -0.594823 0.000000
vn 0.803857 -0.594823 0.000000
vn 0.803857 -0.594823 0.000000
vn 0.803857 -0.594823 0.000000
vn -0.000000 -1.000000 0.000000
vn -0.000000 -1.000000 0.000000
vn -0.000000 -1.000000 0.000000
vn -0.000000 -1.000000 0.000000
vn -0.803857 0.594823 -0.000000
vn -0.803857 0.594823 -0.000000
vn -0.803857 0.594823 -0.000000
vn -0.803857 0.594823 -0.000000
vn -0.803857 0.594823 -0.000000
vn 0.000000 1.000000 -0.000000
vn 0.000000 1.000000 -0.000000
vn 0.000000 1.000000 -0.000000
vn 0.000000 1.000000 -0.000000
vn -0.000000 -1.000000 0.000000
vn -0.000000 -1.000000 0.000000
vn -0.000000 -1.000000 0.000000
vn -0.000000 -1.000000 0.000000
vn 0.803857 0.594823 -0.000000
vn 0.803857 0.594823 -0.000000
vn 0.803857 0.594823 -0.000000
vn 0.803857 0.594823 -0.000000
vn 0.803857 0.594823 -0.000000
vn 0.000000 1.000000 -0.000000
vn 0.000000 1.000000 -0.000000
vn 0.000000 1.000000 -0.000000
vn 0.000000 1.000000 -0.000000
vn -0.803857 -0.594823 0.000000
vn -0.803857 -0.594823 0.000000
vn -0.803857 -0.594823 0.000000
vn -0.803857 -0.594823 0.000000
vn -0.803857 -0.594823 0.000000
vn 0.000000 1.000000 -0.000000
vn 0.000000 1.000000 -0.000000
vn 0.000000 1.000000 -0.000000
vn 0.000000 1.000000 -0.000000
vn -0.803857 -0.594823 0.000000
vn -0.803857 -0.594823 0.000000
vn -0.803857 -0.594823 0.000000
vn -0.803857 -0.594823 0.000000
vn -0.803857 -0.594823 0.000000
vn 0.000000 0.000000 1.000000
vn 0.000000 0.000000 1.000000
vn 0.000000 0.000000 1.000000
vn 0.000000 0.000000 1.000000
vn 0.803857 -0.594823 0.000000
vn 0.803857 -0.594823 0.000000
vn 0.803857 -0.594823 0.000000
vn 0.803857 -0.594823 0.000000
vn 0.803857 -0.594823 0.000000
vn -0.000000 -1.000000 0.000000
vn -0.000000 -1.000000 0.000000
vn -0.000000 -1.000000 0.000000
vn -0.000000 -1.000000 0.000000
usemtl Paint_-_Enamel_Glossy_(Red)
f 821/2526/2525 822/2527/2526 824/2528/2527
f 824/2528/2527 822/2527/2526 823/2529/2528
f 822/2530/2529 821/2531/2530 825/2532/2531
f 825/2532/2531 821/2531/2530 826/2533/2532
f 828/2534/2533 829/2535/2534 827/2536/2535
f 827/2536/2535 829/2535/2534 830/2537/2536
f 831/2538/2537 832/2539/2538 827/2540/2539
f 827/2540/2539 832/2539/2538 828/2541/2540
f 834/2542/2541 835/2543/2542 833/2544/2543
f 833/2544/2543 835/2543/2542 836/2545/2544
f 834/2546/2545 833/2547/2546 837/2548/2547
f 837/2548/2547 833/2547/2546 838/2549/2548
f 840/2550/2549 841/2551/2550 839/2552/2551
f 839/2552/2551 841/2551/2550 842/2553/2552
f 840/2554/2553 839/2555/2554 843/2556/2555
f 843/2556/2555 839/2555/2554 844/2557/2556
f 846/2558/2557 847/2559/2558 845/2560/2559
f 845/2560/2559 847/2559/2558 848/2561/2560
f 847/2562/2561 846/2563/2562 850/2564/2563
f 850/2564/2563 846/2563/2562 849/2565/2564
f 851/2566/2565 852/2567/2566 854/2568/2567
f 854/2568/2567 852/2567/2566 853/2569/2568
f 852/2570/2569 851/2571/2570 855/2572/2571
f 855/2572/2571 851/2571/2570 856/2573/2572
f 858/2574/2573 859/2575/2574 857/2576/2575
f 857/2576/2575 859/2575/2574 860/2577/2576
f 861/2578/2577 862/2579/2578 857/2580/2579
f 857/2580/2579 862/2579/2578 858/2581/2580
f 863/2582/2581 864/2583/2582 866/2584/2583
f 866/2584/2583 864/2583/2582 865/2585/2584
f 864/2586/2585 863/2587/2586 867/2588/2587
f 867/2588/2587 863/2587/2586 868/2589/2588
f 869/2590/2589 870/2591/2590 868/2592/2591
f 868/2592/2591 870/2591/2590 825/2593/2592
f 871/2594/2593 872/2595/2594 861/2596/2595
f 861/2596/2595 872/2595/2594 843/2597/2596
f 873/2598/2597 874/2599/2598 865/2600/2599
f 865/2600/2599 874/2599/2598 866/2601/2600
f 863/2602/2601 866/2603/2602 868/2604/2603
f 868/2604/2603 866/2603/2602 874/2605/2604
f 868/2604/2603 874/2605/2604 869/2606/2605
f 875/2607/2606 876/2608/2607 823/2609/2608
f 823/2609/2608 876/2608/2607 824/2610/2609
f 821/2611/2610 824/2612/2611 826/2613/2612
f 826/2613/2612 824/2612/2611 876/2614/2613
f 826/2613/2612 876/2614/2613 877/2615/2614
f 857/2616/2615 860/2617/2616 861/2618/2617
f 861/2618/2617 860/2617/2616 878/2619/2618
f 861/2618/2617 878/2619/2618 871/2620/2619
f 839/2621/2620 842/2622/2621 844/2623/2622
f 844/2623/2622 842/2622/2621 879/2624/2623
f 844/2623/2622 879/2624/2623 880/2625/2624
f 845/2626/2625 826/2627/2626 881/2628/2627
f 881/2628/2627 826/2627/2626 877/2629/2628
f 882/2630/2629 883/2631/2630 848/2632/2631
f 848/2632/2631 883/2631/2630 855/2633/2632
f 884/2634/2633 885/2635/2634 856/2636/2635
f 856/2636/2635 885/2635/2634 832/2637/2636
f 886/2638/2637 887/2639/2638 831/2640/2639
f 831/2640/2639 887/2639/2638 837/2641/2640
f 888/2642/2641 889/2643/2642 838/2644/2643
f 838/2644/2643 889/2643/2642 862/2645/2644
f 847/2646/2645 850/2647/2646 848/2648/2647
f 848/2648/2647 850/2647/2646 890/2649/2648
f 848/2648/2647 890/2649/2648 882/2650/2649
f 851/2651/2650 854/2652/2651 856/2653/2652
f 856/2653/2652 854/2652/2651 891/2654/2653
f 856/2653/2652 891/2654/2653 884/2655/2654
f 827/2656/2655 830/2657/2656 831/2658/2657
f 831/2658/2657 830/2657/2656 892/2659/2658
f 831/2658/2657 892/2659/2658 886/2660/2659
f 833/2661/2660 836/2662/2661 838/2663/2662
f 838/2663/2662 836/2662/2661 893/2664/2663
f 838/2663/2662 893/2664/2663 888/2665/2664
f 894/2666/2665 895/2667/2666 896/2668/2667
f 896/2668/2667 895/2667/2666 867/2669/2668
f 897/2670/2669 844/2671/2670 898/2672/2671
f 898/2672/2671 844/2671/2670 880/2673/2672
f 881/2674/2673 899/2675/2674 845/2676/2675
f 845/2676/2675 899/2675/2674 849/2677/2676
f 845/2676/2675 849/2677/2676 846/2678/2677
f 899/2679/2678 890/2680/2679 849/2681/2680
f 849/2681/2680 890/2680/2679 850/2682/2681
f 883/2683/2682 900/2684/2683 855/2685/2684
f 855/2685/2684 900/2684/2683 853/2686/2685
f 855/2685/2684 853/2686/2685 852/2687/2686
f 900/2688/2687 891/2689/2688 853/2690/2689
f 853/2690/2689 891/2689/2688 854/2691/2690
f 870/2692/2691 875/2693/2692 825/2694/2693
f 825/2694/2693 875/2693/2692 823/2695/2694
f 825/2694/2693 823/2695/2694 822/2696/2695
f 885/2697/2696 901/2698/2697 832/2699/2698
f 832/2699/2698 901/2698/2697 829/2700/2699
f 832/2699/2698 829/2700/2699 828/2701/2700
f 901/2702/2701 892/2703/2702 829/2704/2703
f 829/2704/2703 892/2703/2702 830/2705/2704
f 895/2706/2705 873/2707/2706 867/2708/2707
f 867/2708/2707 873/2707/2706 865/2709/2708
f 867/2708/2707 865/2709/2708 864/2710/2709
f 887/2711/2710 902/2712/2711 837/2713/2712
f 837/2713/2712 902/2712/2711 835/2714/2713
f 837/2713/2712 835/2714/2713 834/2715/2714
f 902/2716/2715 893/2717/2716 835/2718/2717
f 835/2718/2717 893/2717/2716 836/2719/2718
f 889/2720/2719 903/2721/2720 862/2722/2721
f 862/2722/2721 903/2721/2720 859/2723/2722
f 862/2722/2721 859/2723/2722 858/2724/2723
f 903/2725/2724 878/2726/2725 859/2727/2726
f 859/2727/2726 878/2726/2725 860/2728/2727
f 872/2729/2728 904/2730/2729 843/2731/2730
f 843/2731/2730 904/2730/2729 841/2732/2731
f 843/2731/2730 841/2732/2731 840/2733/2732
f 904/2734/2733 879/2735/2734 841/2736/2735
f 841/2736/2735 879/2735/2734 842/2737/2736
f 906/2738/2737 907/2739/2738 905/2740/2739
f 905/2740/2739 907/2739/2738 908/2741/2740
f 909/2742/2741 906/2743/2742 896/2744/2743
f 896/2744/2743 906/2743/2742 905/2745/2744
f 896/2744/2743 905/2745/2744 894/2746/2745
f 909/2747/2746 910/2748/2747 906/2749/2748
f 906/2749/2748 910/2748/2747 907/2750/2749
f 912/2751/2750 908/2752/2751 911/2753/2752
f 911/2753/2752 908/2752/2751 907/2754/2753
f 911/2753/2752 907/2754/2753 910/2755/2754
f 910/2756/2755 909/2757/2756 911/2758/2757
f 911/2758/2757 909/2757/2756 896/2759/2758
f 914/2760/2759 915/2761/2760 913/2762/2761
f 913/2762/2761 915/2761/2760 916/2763/2762
f 918/2764/2763 914/2765/2764 917/2766/2765
f 917/2766/2765 914/2765/2764 913/2767/2766
f 917/2766/2765 913/2767/2766 919/2768/2767
f 920/2769/2768 915/2770/2769 918/2771/2770
f 918/2771/2770 915/2770/2769 914/2772/2771
f 898/2773/2772 916/2774/2773 897/2775/2774
f 897/2775/2774 916/2774/2773 915/2776/2775
f 897/2775/2774 915/2776/2775 920/2777/2776
f 920/2778/2777 918/2779/2778 897/2780/2779
f 897/2780/2779 918/2779/2778 917/2781/2780
f 922/2782/2781 923/2783/2782 921/2784/2783
f 921/2784/2783 923/2783/2782 924/2785/2784
f 921/2786/2785 924/2787/2786 926/2788/2787
f 926/2788/2787 924/2787/2786 925/2789/2788
f 928/2790/2789 929/2791/2790 927/2792/2791
f 927/2792/2791 929/2791/2790 930/2793/2792
f 928/2794/2793 927/2795/2794 931/2796/2795
f 931/2796/2795 927/2795/2794 932/2797/2796
f 934/2798/2797 935/2799/2798 933/2800/2799
f 933/2800/2799 935/2799/2798 936/2801/2800
f 933/2802/2801 936/2803/2802 938/2804/2803
f 938/2804/2803 936/2803/2802 937/2805/2804
f 940/2806/2805 941/2807/2806 939/2808/2807
f 939/2808/2807 941/2807/2806 942/2809/2808
f 940/2810/2809 939/2811/2810 943/2812/2811
f 943/2812/2811 939/2811/2810 944/2813/2812
f 945/2814/2813 946/2815/2814 944/2816/2815
f 944/2816/2815 946/2815/2814 947/2817/2816
f 949/2818/2817 950/2819/2818 948/2820/2819
f 948/2820/2819 950/2819/2818 935/2821/2820
f 952/2822/2821 953/2823/2822 951/2824/2823
f 951/2824/2823 953/2823/2822 954/2825/2824
f 956/2826/2825 957/2827/2826 955/2828/2827
f 955/2828/2827 957/2827/2826 958/2829/2828
f 959/2830/2829 958/2831/2830 951/2832/2831
f 951/2832/2831 958/2831/2830 957/2833/2832
f 951/2832/2831 957/2833/2832 952/2834/2833
f 952/2834/2833 957/2833/2832 960/2835/2834
f 958/2836/2835 959/2837/2836 955/2838/2837
f 955/2838/2837 959/2837/2836 961/2839/2838
f 955/2838/2837 961/2839/2838 962/2840/2839
f 946/2841/2840 963/2842/2841 947/2843/2842
f 947/2843/2842 963/2842/2841 962/2844/2843
f 947/2843/2842 962/2844/2843 961/2845/2844
f 955/2846/2827 962/2847/2845 956/2848/2825
f 956/2848/2825 962/2847/2845 963/2849/2846
f 956/2848/2825 963/2849/2846 964/2850/2847
f 961/2851/2848 959/2852/2849 947/2853/2850
f 947/2853/2850 959/2852/2849 951/2854/2851
f 957/2855/2852 956/2856/2853 970/2857/2854
f 970/2857/2854 956/2856/2853 965/2858/2855
f 970/2857/2854 965/2858/2855 969/2859/2856
f 969/2859/2856 965/2858/2855 966/2860/2857
f 969/2859/2856 966/2860/2857 968/2861/2858
f 968/2861/2858 966/2860/2857 967/2862/2859
f 955/2863/2860 971/2864/2861 956/2865/2862
f 956/2865/2862 971/2864/2861 965/2866/2863
f 955/2867/2837 972/2868/2864 971/2869/2865
f 971/2869/2865 972/2868/2864 973/2870/2866
f 958/2871/2835 974/2872/2867 976/2873/2868
f 976/2873/2868 974/2872/2867 975/2874/2869
f 957/2875/2870 970/2876/2871 958/2877/2872
f 958/2877/2872 970/2876/2871 974/2878/2873
f 958/2879/2874 976/2880/2875 957/2881/2876
f 957/2881/2876 976/2880/2875 977/2882/2877
f 957/2881/2876 977/2882/2877 960/2883/2878
f 964/2884/2879 978/2885/2880 956/2886/2881
f 956/2886/2881 978/2885/2880 972/2887/2882
f 956/2886/2881 972/2887/2882 955/2888/2883
f 978/2889/2884 979/2890/2885 972/2891/2886
f 972/2891/2886 979/2890/2885 973/2892/2887
f 971/2893/2888 973/2894/2889 965/2895/2890
f 965/2895/2890 973/2894/2889 979/2896/2891
f 965/2895/2890 979/2896/2891 980/2897/2892
f 981/2898/2893 982/2899/2894 970/2900/2895
f 970/2900/2895 982/2899/2894 975/2901/2896
f 970/2900/2895 975/2901/2896 974/2902/2897
f 982/2903/2898 977/2904/2899 975/2905/2900
f 975/2905/2900 977/2904/2899 976/2906/2901
f 983/2907/2902 984/2908/2903 966/2909/2904
f 966/2909/2904 984/2908/2903 967/2910/2905
f 983/2911/2906 985/2912/2907 984/2913/2908
f 984/2913/2908 985/2912/2907 986/2914/2909
f 987/2915/2910 988/2916/2911 990/2917/2912
f 990/2917/2912 988/2916/2911 989/2918/2913
f 969/2919/2914 968/2920/2915 987/2921/2916
f 987/2921/2916 968/2920/2915 988/2922/2917
f 977/2923/2918 978/2924/2919 960/2925/2920
f 960/2925/2920 978/2924/2919 964/2926/2921
f 960/2925/2920 964/2926/2921 952/2927/2922
f 952/2927/2922 964/2926/2921 946/2928/2923
f 952/2927/2922 946/2928/2923 953/2929/2924
f 953/2929/2924 946/2928/2923 949/2930/2925
f 953/2929/2924 949/2930/2925 1014/2931/2926
f 1014/2931/2926 949/2930/2925 1013/2932/2927
f 978/2924/2919 977/2923/2918 979/2933/2928
f 979/2933/2928 977/2923/2918 982/2934/2929
f 979/2933/2928 982/2934/2929 980/2935/2930
f 980/2935/2930 982/2934/2929 981/2936/2931
f 980/2935/2930 981/2936/2931 998/2937/2932
f 998/2937/2932 981/2936/2931 991/2938/2933
f 998/2937/2932 991/2938/2933 997/2939/2934
f 997/2939/2934 991/2938/2933 992/2940/2935
f 997/2939/2934 992/2940/2935 996/2941/2936
f 996/2941/2936 992/2940/2935 993/2942/2937
f 996/2941/2936 993/2942/2937 995/2943/2938
f 995/2943/2938 993/2942/2937 994/2944/2939
f 964/2926/2921 963/2945/2940 946/2928/2923
f 946/2928/2923 945/2946/2941 949/2930/2925
f 949/2930/2925 945/2946/2941 950/2947/2942
f 950/2947/2942 945/2946/2941 1001/2948/2943
f 950/2947/2942 1001/2948/2943 1010/2949/2944
f 1010/2949/2944 1001/2948/2943 1002/2950/2945
f 1010/2949/2944 1002/2950/2945 1009/2951/2946
f 1009/2951/2946 1002/2950/2945 1005/2952/2947
f 1009/2951/2946 1005/2952/2947 1006/2953/2948
f 1006/2953/2948 1005/2952/2947 919/2954/2949
f 1006/2953/2948 919/2954/2949 912/2955/2950
f 912/2955/2950 919/2954/2949 898/2956/2951
f 912/2955/2950 898/2956/2951 894/2957/2952
f 894/2957/2952 898/2956/2951 880/2958/2953
f 894/2957/2952 880/2958/2953 895/2959/2954
f 895/2959/2954 880/2958/2953 872/2960/2955
f 895/2959/2954 872/2960/2955 869/2961/2956
f 869/2961/2956 872/2960/2955 871/2962/2957
f 869/2961/2956 871/2962/2957 870/2963/2958
f 870/2963/2958 871/2962/2957 889/2964/2959
f 870/2963/2958 889/2964/2959 877/2965/2960
f 877/2965/2960 889/2964/2959 888/2966/2961
f 877/2965/2960 888/2966/2961 881/2967/2962
f 881/2967/2962 888/2966/2961 887/2968/2963
f 881/2967/2962 887/2968/2963 882/2969/2964
f 882/2969/2964 887/2968/2963 886/2970/2965
f 882/2969/2964 886/2970/2965 883/2971/2966
f 883/2971/2966 886/2970/2965 885/2972/2967
f 883/2971/2966 885/2972/2967 884/2973/2968
f 999/2974/2969 1000/2975/2970 945/2946/2941
f 945/2946/2941 1000/2975/2970 1001/2948/2943
f 1003/2976/2971 1004/2977/2972 1002/2950/2945
f 1002/2950/2945 1004/2977/2972 1005/2952/2947
f 913/2978/2973 916/2979/2974 919/2954/2949
f 919/2954/2949 916/2979/2974 898/2956/2951
f 879/2980/2975 904/2981/2976 880/2958/2953
f 880/2958/2953 904/2981/2976 872/2960/2955
f 878/2982/2977 903/2983/2978 871/2962/2957
f 871/2962/2957 903/2983/2978 889/2964/2959
f 893/2984/2979 902/2985/2980 888/2966/2961
f 888/2966/2961 902/2985/2980 887/2968/2963
f 892/2986/2981 901/2987/2982 886/2970/2965
f 886/2970/2965 901/2987/2982 885/2972/2967
f 891/2988/2983 900/2989/2984 884/2973/2968
f 884/2973/2968 900/2989/2984 883/2971/2966
f 890/2990/2985 899/2991/2986 882/2969/2964
f 882/2969/2964 899/2991/2986 881/2967/2962
f 876/2992/2987 875/2993/2988 877/2965/2960
f 877/2965/2960 875/2993/2988 870/2963/2958
f 874/2994/2989 873/2995/2990 869/2961/2956
f 869/2961/2956 873/2995/2990 895/2959/2954
f 905/2996/2991 908/2997/2992 894/2957/2952
f 894/2957/2952 908/2997/2992 912/2955/2950
f 1007/2998/2993 1008/2999/2994 1006/2953/2948
f 1006/2953/2948 1008/2999/2994 1009/2951/2946
f 1011/3000/2995 1012/3001/2996 1010/2949/2944
f 1010/2949/2944 1012/3001/2996 950/2947/2942
f 995/3002/2997 994/3003/2998 967/3004/2999
f 967/3004/2999 994/3003/2998 968/3005/3000
f 991/3006/3001 981/3007/3002 969/3008/3003
f 969/3008/3003 981/3007/3002 970/3009/3004
f 980/3010/3005 998/3011/3006 965/3012/3007
f 965/3012/3007 998/3011/3006 966/3013/3008
f 987/3014/3009 990/3015/3010 969/3016/3011
f 969/3016/3011 990/3015/3010 992/3017/3012
f 969/3016/3011 992/3017/3012 991/3018/3013
f 998/3019/3014 997/3020/3015 966/3021/3016
f 966/3021/3016 997/3020/3015 985/3022/3017
f 966/3021/3016 985/3022/3017 983/3023/3018
f 997/3024/3019 996/3025/3020 985/3026/3021
f 985/3026/3021 996/3025/3020 986/3027/3022
f 984/3028/3023 986/3029/3024 967/3030/3025
f 967/3030/3025 986/3029/3024 996/3031/3026
f 967/3030/3025 996/3031/3026 995/3032/3027
f 994/3033/3028 993/3034/3029 968/3035/3030
f 968/3035/3030 993/3034/3029 989/3036/3031
f 968/3035/3030 989/3036/3031 988/3037/3032
f 993/3038/3033 992/3039/3034 989/3040/3035
f 989/3040/3035 992/3039/3034 990/3041/3036
f 933/3042/3037 938/3043/3038 934/3044/3039
f 934/3044/3039 938/3043/3038 1011/3045/3040
f 934/3044/3039 1011/3045/3040 1010/3046/3041
f 1012/3047/3042 1011/3048/3043 937/3049/3044
f 937/3049/3044 1011/3048/3043 938/3050/3045
f 939/3051/3046 942/3052/3047 944/3053/3048
f 944/3053/3048 942/3052/3047 999/3054/3049
f 944/3053/3048 999/3054/3049 945/3055/3050
f 1002/3056/3051 1001/3057/3052 932/3058/3053
f 932/3058/3053 1001/3057/3052 943/3059/3054
f 1010/3060/3055 1009/3061/3056 934/3062/3057
f 934/3062/3057 1009/3061/3056 923/3063/3058
f 1001/3064/3059 1000/3065/3060 943/3066/3061
f 943/3066/3061 1000/3065/3060 941/3067/3062
f 943/3066/3061 941/3067/3062 940/3068/3063
f 1000/3069/3064 999/3070/3065 941/3071/3066
f 941/3071/3066 999/3070/3065 942/3072/3067
f 950/3073/3068 1012/3074/3069 935/3075/3070
f 935/3075/3070 1012/3074/3069 937/3076/3071
f 935/3075/3070 937/3076/3071 936/3077/3072
f 826/3078/3073 862/3079/3074 825/3080/3075
f 825/3080/3075 862/3079/3074 861/3081/3076
f 825/3080/3075 861/3081/3076 868/3082/3077
f 868/3082/3077 861/3081/3076 843/3083/3078
f 868/3082/3077 843/3083/3078 867/3084/3079
f 867/3084/3079 843/3083/3078 844/3085/3080
f 867/3084/3079 844/3085/3080 896/3086/3081
f 896/3086/3081 844/3085/3080 897/3087/3082
f 896/3086/3081 897/3087/3082 911/3088/3083
f 911/3088/3083 897/3087/3082 917/3089/3084
f 911/3088/3083 917/3089/3084 922/3090/3085
f 922/3090/3085 917/3089/3084 931/3091/3086
f 922/3090/3085 931/3091/3086 923/3092/3087
f 923/3092/3087 931/3091/3086 932/3093/3088
f 923/3092/3087 932/3093/3088 934/3094/3089
f 934/3094/3089 932/3093/3088 943/3095/3090
f 934/3094/3089 943/3095/3090 935/3096/3091
f 935/3096/3091 943/3095/3090 944/3097/3092
f 935/3096/3091 944/3097/3092 948/3098/3093
f 948/3098/3093 944/3097/3092 947/3099/3094
f 948/3098/3093 947/3099/3094 954/3100/3095
f 954/3100/3095 947/3099/3094 951/3101/3096
f 862/3079/3074 826/3078/3073 838/3102/3097
f 838/3102/3097 826/3078/3073 845/3103/3098
f 838/3102/3097 845/3103/3098 837/3104/3099
f 837/3104/3099 845/3103/3098 848/3105/3100
f 837/3104/3099 848/3105/3100 831/3106/3101
f 831/3106/3101 848/3105/3100 855/3107/3102
f 831/3106/3101 855/3107/3102 832/3108/3103
f 832/3108/3103 855/3107/3102 856/3109/3104
f 921/3110/3105 926/3111/3106 922/3112/3107
f 922/3112/3107 926/3111/3106 1007/3113/3108
f 922/3112/3107 1007/3113/3108 1006/3114/3109
f 1008/3115/3110 1007/3116/3111 925/3117/3112
f 925/3117/3112 1007/3116/3111 926/3118/3113
f 927/3119/3114 930/3120/3115 932/3121/3116
f 932/3121/3116 930/3120/3115 1003/3122/3117
f 932/3121/3116 1003/3122/3117 1002/3123/3118
f 919/3124/3119 1005/3125/3120 917/3126/3121
f 917/3126/3121 1005/3125/3120 931/3127/3122
f 1006/3128/3123 912/3129/3124 922/3130/3125
f 922/3130/3125 912/3129/3124 911/3131/3126
f 1005/3132/3127 1004/3133/3128 931/3134/3129
f 931/3134/3129 1004/3133/3128 929/3135/3130
f 931/3134/3129 929/3135/3130 928/3136/3131
f 1004/3137/3132 1003/3138/3133 929/3139/3134
f 929/3139/3134 1003/3138/3133 930/3140/3135
f 1009/3141/3136 1008/3142/3137 923/3143/3138
f 923/3143/3138 1008/3142/3137 925/3144/3139
f 923/3143/3138 925/3144/3139 924/3145/3140
f 948/3146/3141 954/3147/3142 1015/3148/3143
f 1015/3148/3143 954/3147/3142 1016/3149/3144
f 953/3150/3145 1014/3151/3146 954/3152/3147
f 954/3152/3147 1014/3151/3146 1017/3153/3148
f 954/3152/3147 1017/3153/3148 1016/3154/3149
f 1015/3155/3150 1016/3156/3151 1018/3157/3152
f 1018/3157/3152 1016/3156/3151 1017/3158/3153
f 1015/3159/3154 1018/3160/3155 948/3161/3156
f 948/3161/3156 1018/3160/3155 1013/3162/3157
f 948/3161/3156 1013/3162/3157 949/3163/3158
f 1018/3164/3159 1017/3165/3160 1013/3166/3161
f 1013/3166/3161 1017/3165/3160 1014/3167/3162
g Pin (For adding more Pins) (3):1

v -0.930042 -0.375000 0.163000
v -0.866042 -0.375000 0.163000
v -0.866042 -0.439000 0.163000
v -0.930042 -0.439000 0.163000
v -0.866042 -0.439000 0.674420
v -0.882042 -0.423000 0.729000
v -0.914042 -0.423000 0.729000
v -0.930042 -0.439000 0.674420
v -0.914042 -0.391000 0.729000
v -0.930042 -0.375000 0.674420
v -0.866042 -0.375000 0.674420
v -0.882042 -0.391000 0.729000
vt 0.032000 0.025750 0.000000
vt -0.032000 0.025750 0.000000
vt 0.032000 -0.038250 0.000000
vt -0.032000 -0.038250 0.000000
vt 0.365000 0.000000 0.000000
vt 0.397000 -0.000000 0.000000
vt 0.349000 0.056877 0.000000
vt 0.413000 0.056877 0.000000
vt 0.032000 0.056877 0.000000
vt -0.032000 0.056877 0.000000
vt 0.016000 -0.000000 0.000000
vt -0.016000 0.000000 0.000000
vt -0.016000 -0.000000 0.000000
vt 0.016000 0.000000 0.000000
vt -0.032000 0.056877 0.000000
vt 0.032000 0.056877 0.000000
vt -0.397000 0.000000 0.000000
vt -0.365000 0.000000 0.000000
vt -0.413000 0.056877 0.000000
vt -0.349000 0.056877 0.000000
vt 0.016000 -0.365000 0.000000
vt -0.016000 -0.365000 0.000000
vt 0.016000 -0.397000 0.000000
vt -0.016000 -0.397000 0.000000
vt 0.064000 0.566000 0.000000
vt 0.000000 0.566000 0.000000
vt 0.064000 0.054580 0.000000
vt -0.000000 0.054580 0.000000
vt 0.064000 0.566000 0.000000
vt -0.000000 0.566000 0.000000
vt 0.064000 0.054580 0.000000
vt 0.000000 0.054580 0.000000
vt 0.064000 0.566000 0.000000
vt 0.000000 0.566000 0.000000
vt 0.064000 0.054580 0.000000
vt 0.000000 0.054580 0.000000
vt 0.064000 0.566000 0.000000
vt 0.000000 0.566000 0.000000
vt 0.064000 0.054580 0.000000
vt 0.000000 0.054580 0.000000
vn -0.000000 -0.000000 -1.000000
vn -0.000000 -0.000000 -1.000000
vn -0.000000 -0.000000 -1.000000
vn -0.000000 -0.000000 -1.000000
vn -0.000000 -0.959617 0.281310
vn -0.000000 -0.959617 0.281310
vn -0.000000 -0.959617 0.281310
vn -0.000000 -0.959617 0.281310
vn -0.959617 0.000000 0.281310
vn -0.959617 0.000000 0.281310
vn -0.959617 0.000000 0.281310
vn -0.959617 0.000000 0.281310
vn 0.959617 -0.000000 0.281310
vn 0.959617 -0.000000 0.281310
vn 0.959617 -0.000000 0.281310
vn 0.959617 -0.000000 0.281310
vn 0.000000 0.959617 0.281310
vn 0.000000 0.959617 0.281310
vn 0.000000 0.959617 0.281310
vn 0.000000 0.959617 0.281310
vn 0.000000 0.000000 1.000000
vn 0.000000 0.000000 1.000000
vn 0.000000 0.000000 1.000000
vn 0.000000 0.000000 1.000000
vn -0.000000 -1.000000 0.000000
vn -0.000000 -1.000000 0.000000
vn -0.000000 -1.000000 0.000000
vn -0.000000 -1.000000 0.000000
vn 0.000000 1.000000 -0.000000
vn 0.000000 1.000000 -0.000000
vn 0.000000 1.000000 -0.000000
vn 0.000000 1.000000 -0.000000
vn 1.000000 -0.000000 -0.000000
vn 1.000000 -0.000000 -0.000000
vn 1.000000 -0.000000 -0.000000
vn 1.000000 -0.000000 -0.000000
vn -1.000000 0.000000 0.000000
vn -1.000000 0.000000 0.000000
vn -1.000000 0.000000 0.000000
vn -1.000000 0.000000 0.000000
usemtl Opaque(26,26,26)
f 1020/3168/3163 1021/3169/3164 1019/3170/3165
f 1019/3170/3165 1021/3169/3164 1022/3171/3166
usemtl Generic
f 1024/3172/3167 1025/3173/3168 1023/3174/3169
f 1023/3174/3169 1025/3173/3168 1026/3175/3170
f 1028/3176/3171 1026/3177/3172 1027/3178/3173
f 1027/3178/3173 1026/3177/3172 1025/3179/3174
f 1030/3180/3175 1024/3181/3176 1029/3182/3177
f 1029/3182/3177 1024/3181/3176 1023/3183/3178
f 1027/3184/3179 1030/3185/3180 1028/3186/3181
f 1028/3186/3181 1030/3185/3180 1029/3187/3182
f 1024/3188/3183 1030/3189/3184 1025/3190/3185
f 1025/3190/3185 1030/3189/3184 1027/3191/3186
f 1022/3192/3187 1021/3193/3188 1026/3194/3189
f 1026/3194/3189 1021/3193/3188 1023/3195/3190
f 1020/3196/3191 1019/3197/3192 1029/3198/3193
f 1029/3198/3193 1019/3197/3192 1028/3199/3194
f 1021/3200/3195 1020/3201/3196 1023/3202/3197
f 1023/3202/3197 1020/3201/3196 1029/3203/3198
f 1019/3204/3199 1022/3205/3200 1028/3206/3201
f 1028/3206/3201 1022/3205/3200 1026/3207/3202
g Pin (For adding more Pins) (3) (1)

v 0.354960 -0.614500 0.163000
v 0.418960 -0.614500 0.163000
v 0.418960 -0.678500 0.163000
v 0.354960 -0.678500 0.163000
v 0.418960 -0.678500 0.674420
v 0.402960 -0.662500 0.729000
v 0.370960 -0.662500 0.729000
v 0.354960 -0.678500 0.674420
v 0.370960 -0.630500 0.729000
v 0.354960 -0.614500 0.674420
v 0.418960 -0.614500 0.674420
v 0.402960 -0.630500 0.729000
vt 0.032000 0.025750 0.000000
vt -0.032000 0.025750 0.000000
vt 0.032000 -0.038250 0.000000
vt -0.032000 -0.038250 0.000000
vt 0.365000 0.000000 0.000000
vt 0.397000 -0.000000 0.000000
vt 0.349000 0.056877 0.000000
vt 0.413000 0.056877 0.000000
vt 0.032000 0.056877 0.000000
vt -0.032000 0.056877 0.000000
vt 0.016000 -0.000000 0.000000
vt -0.016000 0.000000 0.000000
vt -0.016000 -0.000000 0.000000
vt 0.016000 0.000000 0.000000
vt -0.032000 0.056877 0.000000
vt 0.032000 0.056877 0.000000
vt -0.397000 0.000000 0.000000
vt -0.365000 0.000000 0.000000
vt -0.413000 0.056877 0.000000
vt -0.349000 0.056877 0.000000
vt 0.016000 -0.365000 0.000000
vt -0.016000 -0.365000 0.000000
vt 0.016000 -0.397000 0.000000
vt -0.016000 -0.397000 0.000000
vt 0.064000 0.566000 0.000000
vt -0.000000 0.566000 0.000000
vt 0.064000 0.054580 0.000000
vt -0.000000 0.054580 0.000000
vt 0.064000 0.566000 0.000000
vt 0.000000 0.566000 0.000000
vt 0.064000 0.054580 0.000000
vt 0.000000 0.054580 0.000000
vt 0.064000 0.566000 0.000000
vt 0.000000 0.566000 0.000000
vt 0.064000 0.054580 0.000000
vt 0.000000 0.054580 0.000000
vt 0.064000 0.566000 0.000000
vt 0.000000 0.566000 0.000000
vt 0.064000 0.054580 0.000000
vt 0.000000 0.054580 0.000000
vn -0.000000 -0.000000 -1.000000
vn -0.000000 -0.000000 -1.000000
vn -0.000000 -0.000000 -1.000000
vn -0.000000 -0.000000 -1.000000
vn -0.000000 -0.959617 0.281310
vn -0.000000 -0.959617 0.281310
vn -0.000000 -0.959617 0.281310
vn -0.000000 -0.959617 0.281310
vn -0.959617 0.000000 0.281310
vn -0.959617 0.000000 0.281310
vn -0.959617 0.000000 0.281310
vn -0.959617 0.000000 0.281310
vn 0.959617 -0.000000 0.281310
vn 0.959617 -0.000000 0.281310
vn 0.959617 -0.000000 0.281310
vn 0.959617 -0.000000 0.281310
vn 0.000000 0.959617 0.281310
vn 0.000000 0.959617 0.281310
vn 0.000000 0.959617 0.281310
vn 0.000000 0.959617 0.281310
vn 0.000000 0.000000 1.000000
vn 0.000000 0.000000 1.000000
vn 0.000000 0.000000 1.000000
vn 0.000000 0.000000 1.000000
vn -0.000000 -1.000000 0.000000
vn -0.000000 -1.000000 0.000000
vn -0.000000 -1.000000 0.000000
vn -0.000000 -1.000000 0.000000
vn 0.000000 1.000000 -0.000000
vn 0.000000 1.000000 -0.000000
vn 0.000000 1.000000 -0.000000
vn 0.000000 1.000000 -0.000000
vn 1.000000 -0.000000 -0.000000
vn 1.000000 -0.000000 -0.000000
vn 1.000000 -0.000000 -0.000000
vn 1.000000 -0.000000 -0.000000
vn -1.000000 0.000000 0.000000
vn -1.000000 0.000000 0.000000
vn -1.000000 0.000000 0.000000
vn -1.000000 0.000000 0.000000
usemtl Opaque(26,26,26)
f 1032/3208/3203 1033/3209/3204 1031/3210/3205
f 1031/3210/3205 1033/3209/3204 1034/3211/3206
usemtl Generic
f 1036/3212/3207 1037/3213/3208 1035/3214/3209
f 1035/3214/3209 1037/3213/3208 1038/3215/3210
f 1040/3216/3211 1038/3217/3212 1039/3218/3213
f 1039/3218/3213 1038/3217/3212 1037/3219/3214
f 1042/3220/3215 1036/3221/3216 1041/3222/3217
f 1041/3222/3217 1036/3221/3216 1035/3223/3218
f 1039/3224/3219 1042/3225/3220 1040/3226/3221
f 1040/3226/3221 1042/3225/3220 1041/3227/3222
f 1036/3228/3223 1042/3229/3224 1037/3230/3225
f 1037/3230/3225 1042/3229/3224 1039/3231/3226
f 1034/3232/3227 1033/3233/3228 1038/3234/3229
f 1038/3234/3229 1033/3233/3228 1035/3235/3230
f 1032/3236/3231 1031/3237/3232 1041/3238/3233
f 1041/3238/3233 1031/3237/3232 1040/3239/3234
f 1033/3240/3235 1032/3241/3236 1035/3242/3237
f 1035/3242/3237 1032/3241/3236 1041/3243/3238
f 1031/3244/3239 1034/3245/3240 1040/3246/3241
f 1040/3246/3241 1034/3245/3240 1038/3247/3242
g Pin (For adding more Pins) (3) (1) (1)

v -0.930042 -0.118500 0.163000
v -0.866042 -0.118500 0.163000
v -0.866042 -0.182500 0.163000
v -0.930042 -0.182500 0.163000
v -0.866042 -0.182500 0.674420
v -0.882042 -0.166500 0.729000
v -0.914042 -0.166500 0.729000
v -0.930042 -0.182500 0.674420
v -0.914042 -0.134500 0.729000
v -0.930042 -0.118500 0.674420
v -0.866042 -0.118500 0.674420
v -0.882042 -0.134500 0.729000
vt 0.032000 0.025750 0.000000
vt -0.032000 0.025750 0.000000
vt 0.032000 -0.038250 0.000000
vt -0.032000 -0.038250 0.000000
vt 0.365000 0.000000 0.000000
vt 0.397000 -0.000000 0.000000
vt 0.349000 0.056877 0.000000
vt 0.413000 0.056877 0.000000
vt 0.032000 0.056877 0.000000
vt -0.032000 0.056877 0.000000
vt 0.016000 -0.000000 0.000000
vt -0.016000 0.000000 0.000000
vt -0.016000 -0.000000 0.000000
vt 0.016000 0.000000 0.000000
vt -0.032000 0.056877 0.000000
vt 0.032000 0.056877 0.000000
vt -0.397000 0.000000 0.000000
vt -0.365000 0.000000 0.000000
vt -0.413000 0.056877 0.000000
vt -0.349000 0.056877 0.000000
vt 0.016000 -0.365000 0.000000
vt -0.016000 -0.365000 0.000000
vt 0.016000 -0.397000 0.000000
vt -0.016000 -0.397000 0.000000
vt 0.064000 0.566000 0.000000
vt -0.000000 0.566000 0.000000
vt 0.064000 0.054580 0.000000
vt -0.000000 0.054580 0.000000
vt 0.064000 0.566000 0.000000
vt 0.000000 0.566000 0.000000
vt 0.064000 0.054580 0.000000
vt 0.000000 0.054580 0.000000
vt 0.064000 0.566000 0.000000
vt 0.000000 0.566000 0.000000
vt 0.064000 0.054580 0.000000
vt 0.000000 0.054580 0.000000
vt 0.064000 0.566000 0.000000
vt 0.000000 0.566000 0.000000
vt 0.064000 0.054580 0.000000
vt 0.000000 0.054580 0.000000
vn -0.000000 -0.000000 -1.000000
vn -0.000000 -0.000000 -1.000000
vn -0.000000 -0.000000 -1.000000
vn -0.000000 -0.000000 -1.000000
vn -0.000000 -0.959617 0.281310
vn -0.000000 -0.959617 0.281310
vn -0.000000 -0.959617 0.281310
vn -0.000000 -0.959617 0.281310
vn -0.959617 0.000000 0.281310
vn -0.959617 0.000000 0.281310
vn -0.959617 0.000000 0.281310
vn -0.959617 0.000000 0.281310
vn 0.959617 -0.000000 0.281310
vn 0.959617 -0.000000 0.281310
vn 0.959617 -0.000000 0.281310
vn 0.959617 -0.000000 0.281310
vn 0.000000 0.959617 0.281310
vn 0.000000 0.959617 0.281310
vn 0.000000 0.959617 0.281310
vn 0.000000 0.959617 0.281310
vn 0.000000 0.000000 1.000000
vn 0.000000 0.000000 1.000000
vn 0.000000 0.000000 1.000000
vn 0.000000 0.000000 1.000000
vn -0.000000 -1.000000 0.000000
vn -0.000000 -1.000000 0.000000
vn -0.000000 -1.000000 0.000000
vn -0.000000 -1.000000 0.000000
vn 0.000000 1.000000 -0.000000
vn 0.000000 1.000000 -0.000000
vn 0.000000 1.000000 -0.000000
vn 0.000000 1.000000 -0.000000
vn 1.000000 -0.000000 -0.000000
vn 1.000000 -0.000000 -0.000000
vn 1.000000 -0.000000 -0.000000
vn 1.000000 -0.000000 -0.000000
vn -1.000000 0.000000 0.000000
vn -1.000000 0.000000 0.000000
vn -1.000000 0.000000 0.000000
vn -1.000000 0.000000 0.000000
usemtl Opaque(26,26,26)
f 1044/3248/3243 1045/3249/3244 1043/3250/3245
f 1043/3250/3245 1045/3249/3244 1046/3251/3246
usemtl Generic
f 1048/3252/3247 1049/3253/3248 1047/3254/3249
f 1047/3254/3249 1049/3253/3248 1050/3255/3250
f 1052/3256/3251 1050/3257/3252 1051/3258/3253
f 1051/3258/3253 1050/3257/3252 1049/3259/3254
f 1054/3260/3255 1048/3261/3256 1053/3262/3257
f 1053/3262/3257 1048/3261/3256 1047/3263/3258
f 1051/3264/3259 1054/3265/3260 1052/3266/3261
f 1052/3266/3261 1054/3265/3260 1053/3267/3262
f 1048/3268/3263 1054/3269/3264 1049/3270/3265
f 1049/3270/3265 1054/3269/3264 1051/3271/3266
f 1046/3272/3267 1045/3273/3268 1050/3274/3269
f 1050/3274/3269 1045/3273/3268 1047/3275/3270
f 1044/3276/3271 1043/3277/3272 1053/3278/3273
f 1053/3278/3273 1043/3277/3272 1052/3279/3274
f 1045/3280/3275 1044/3281/3276 1047/3282/3277
f 1047/3282/3277 1044/3281/3276 1053/3283/3278
f 1043/3284/3279 1046/3285/3280 1052/3286/3281
f 1052/3286/3281 1046/3285/3280 1050/3287/3282
g Pin (For adding more Pins) (3) (1) (2)

v -0.153040 -0.614500 0.163000
v -0.089040 -0.614500 0.163000
v -0.089040 -0.678500 0.163000
v -0.153040 -0.678500 0.163000
v -0.089040 -0.678500 0.674420
v -0.105040 -0.662500 0.729000
v -0.137040 -0.662500 0.729000
v -0.153040 -0.678500 0.674420
v -0.137040 -0.630500 0.729000
v -0.153040 -0.614500 0.674420
v -0.089040 -0.614500 0.674420
v -0.105040 -0.630500 0.729000
vt 0.032000 0.025750 0.000000
vt -0.032000 0.025750 0.000000
vt 0.032000 -0.038250 0.000000
vt -0.032000 -0.038250 0.000000
vt 0.365000 0.000000 0.000000
vt 0.397000 -0.000000 0.000000
vt 0.349000 0.056877 0.000000
vt 0.413000 0.056877 0.000000
vt 0.032000 0.056877 0.000000
vt -0.032000 0.056877 0.000000
vt 0.016000 -0.000000 0.000000
vt -0.016000 0.000000 0.000000
vt -0.016000 -0.000000 0.000000
vt 0.016000 0.000000 0.000000
vt -0.032000 0.056877 0.000000
vt 0.032000 0.056877 0.000000
vt -0.397000 0.000000 0.000000
vt -0.365000 0.000000 0.000000
vt -0.413000 0.056877 0.000000
vt -0.349000 0.056877 0.000000
vt 0.016000 -0.365000 0.000000
vt -0.016000 -0.365000 0.000000
vt 0.016000 -0.397000 0.000000
vt -0.016000 -0.397000 0.000000
vt 0.064000 0.566000 0.000000
vt -0.000000 0.566000 0.000000
vt 0.064000 0.054580 0.000000
vt -0.000000 0.054580 0.000000
vt 0.064000 0.566000 0.000000
vt 0.000000 0.566000 0.000000
vt 0.064000 0.054580 0.000000
vt 0.000000 0.054580 0.000000
vt 0.064000 0.566000 0.000000
vt 0.000000 0.566000 0.000000
vt 0.064000 0.054580 0.000000
vt 0.000000 0.054580 0.000000
vt 0.064000 0.566000 0.000000
vt 0.000000 0.566000 0.000000
vt 0.064000 0.054580 0.000000
vt 0.000000 0.054580 0.000000
vn -0.000000 -0.000000 -1.000000
vn -0.000000 -0.000000 -1.000000
vn -0.000000 -0.000000 -1.000000
vn -0.000000 -0.000000 -1.000000
vn -0.000000 -0.959617 0.281310
vn -0.000000 -0.959617 0.281310
vn -0.000000 -0.959617 0.281310
vn -0.000000 -0.959617 0.281310
vn -0.959617 0.000000 0.281310
vn -0.959617 0.000000 0.281310
vn -0.959617 0.000000 0.281310
vn -0.959617 0.000000 0.281310
vn 0.959617 -0.000000 0.281310
vn 0.959617 -0.000000 0.281310
vn 0.959617 -0.000000 0.281310
vn 0.959617 -0.000000 0.281310
vn 0.000000 0.959617 0.281310
vn 0.000000 0.959617 0.281310
vn 0.000000 0.959617 0.281310
vn 0.000000 0.959617 0.281310
vn 0.000000 0.000000 1.000000
vn 0.000000 0.000000 1.000000
vn 0.000000 0.000000 1.000000
vn 0.000000 0.000000 1.000000
vn -0.000000 -1.000000 0.000000
vn -0.000000 -1.000000 0.000000
vn -0.000000 -1.000000 0.000000
vn -0.000000 -1.000000 0.000000
vn 0.000000 1.000000 -0.000000
vn 0.000000 1.000000 -0.000000
vn 0.000000 1.000000 -0.000000
vn 0.000000 1.000000 -0.000000
vn 1.000000 -0.000000 -0.000000
vn 1.000000 -0.000000 -0.000000
vn 1.000000 -0.000000 -0.000000
vn 1.000000 -0.000000 -0.000000
vn -1.000000 0.000000 0.000000
vn -1.000000 0.000000 0.000000
vn -1.000000 0.000000 0.000000
vn -1.000000 0.000000 0.000000
usemtl Opaque(26,26,26)
f 1056/3288/3283 1057/3289/3284 1055/3290/3285
f 1055/3290/3285 1057/3289/3284 1058/3291/3286
usemtl Generic
f 1060/3292/3287 1061/3293/3288 1059/3294/3289
f 1059/3294/3289 1061/3293/3288 1062/3295/3290
f 1064/3296/3291 1062/3297/3292 1063/3298/3293
f 1063/3298/3293 1062/3297/3292 1061/3299/3294
f 1066/3300/3295 1060/3301/3296 1065/3302/3297
f 1065/3302/3297 1060/3301/3296 1059/3303/3298
f 1063/3304/3299 1066/3305/3300 1064/3306/3301
f 1064/3306/3301 1066/3305/3300 1065/3307/3302
f 1060/3308/3303 1066/3309/3304 1061/3310/3305
f 1061/3310/3305 1066/3309/3304 1063/3311/3306
f 1058/3312/3307 1057/3313/3308 1062/3314/3309
f 1062/3314/3309 1057/3313/3308 1059/3315/3310
f 1056/3316/3311 1055/3317/3312 1065/3318/3313
f 1065/3318/3313 1055/3317/3312 1064/3319/3314
f 1057/3320/3315 1056/3321/3316 1059/3322/3317
f 1059/3322/3317 1056/3321/3316 1065/3323/3318
f 1055/3324/3319 1058/3325/3320 1064/3326/3321
f 1064/3326/3321 1058/3325/3320 1062/3327/3322
g Pin (For adding more Pins) (3) (1) (3)

v 0.100960 -0.614500 0.163000
v 0.164960 -0.614500 0.163000
v 0.164960 -0.678500 0.163000
v 0.100960 -0.678500 0.163000
v 0.164960 -0.678500 0.674420
v 0.148960 -0.662500 0.729000
v 0.116960 -0.662500 0.729000
v 0.100960 -0.678500 0.674420
v 0.116960 -0.630500 0.729000
v 0.100960 -0.614500 0.674420
v 0.164960 -0.614500 0.674420
v 0.148960 -0.630500 0.729000
vt 0.032000 0.025750 0.000000
vt -0.032000 0.025750 0.000000
vt 0.032000 -0.038250 0.000000
vt -0.032000 -0.038250 0.000000
vt 0.365000 0.000000 0.000000
vt 0.397000 -0.000000 0.000000
vt 0.349000 0.056877 0.000000
vt 0.413000 0.056877 0.000000
vt 0.032000 0.056877 0.000000
vt -0.032000 0.056877 0.000000
vt 0.016000 -0.000000 0.000000
vt -0.016000 0.000000 0.000000
vt -0.016000 -0.000000 0.000000
vt 0.016000 0.000000 0.000000
vt -0.032000 0.056877 0.000000
vt 0.032000 0.056877 0.000000
vt -0.397000 0.000000 0.000000
vt -0.365000 0.000000 0.000000
vt -0.413000 0.056877 0.000000
vt -0.349000 0.056877 0.000000
vt 0.016000 -0.365000 0.000000
vt -0.016000 -0.365000 0.000000
vt 0.016000 -0.397000 0.000000
vt -0.016000 -0.397000 0.000000
vt 0.064000 0.566000 0.000000
vt -0.000000 0.566000 0.000000
vt 0.064000 0.054580 0.000000
vt -0.000000 0.054580 0.000000
vt 0.064000 0.566000 0.000000
vt 0.000000 0.566000 0.000000
vt 0.064000 0.054580 0.000000
vt 0.000000 0.054580 0.000000
vt 0.064000 0.566000 0.000000
vt 0.000000 0.566000 0.000000
vt 0.064000 0.054580 0.000000
vt 0.000000 0.054580 0.000000
vt 0.064000 0.566000 0.000000
vt 0.000000 0.566000 0.000000
vt 0.064000 0.054580 0.000000
vt 0.000000 0.054580 0.000000
vn -0.000000 -0.000000 -1.000000
vn -0.000000 -0.000000 -1.000000
vn -0.000000 -0.000000 -1.000000
vn -0.000000 -0.000000 -1.000000
vn -0.000000 -0.959617 0.281310
vn -0.000000 -0.959617 0.281310
vn -0.000000 -0.959617 0.281310
vn -0.000000 -0.959617 0.281310
vn -0.959617 0.000000 0.281310
vn -0.959617 0.000000 0.281310
vn -0.959617 0.000000 0.281310
vn -0.959617 0.000000 0.281310
vn 0.959617 -0.000000 0.281310
vn 0.959617 -0.000000 0.281310
vn 0.959617 -0.000000 0.281310
vn 0.959617 -0.000000 0.281310
vn 0.000000 0.959617 0.281310
vn 0.000000 0.959617 0.281310
vn 0.000000 0.959617 0.281310
vn 0.000000 0.959617 0.281310
vn 0.000000 0.000000 1.000000
vn 0.000000 0.000000 1.000000
vn 0.000000 0.000000 1.000000
vn 0.000000 0.000000 1.000000
vn -0.000000 -1.000000 0.000000
vn -0.000000 -1.000000 0.000000
vn -0.000000 -1.000000 0.000000
vn -0.000000 -1.000000 0.000000
vn 0.000000 1.000000 -0.000000
vn 0.000000 1.000000 -0.000000
vn 0.000000 1.000000 -0.000000
vn 0.000000 1.000000 -0.000000
vn 1.000000 -0.000000 -0.000000
vn 1.000000 -0.000000 -0.000000
vn 1.000000 -0.000000 -0.000000
vn 1.000000 -0.000000 -0.000000
vn -1.000000 0.000000 0.000000
vn -1.000000 0.000000 0.000000
vn -1.000000 0.000000 0.000000
vn -1.000000 0.000000 0.000000
usemtl Opaque(26,26,26)
f 1068/3328/3323 1069/3329/3324 1067/3330/3325
f 1067/3330/3325 1069/3329/3324 1070/3331/3326
usemtl Generic
f 1072/3332/3327 1073/3333/3328 1071/3334/3329
f 1071/3334/3329 1073/3333/3328 1074/3335/3330
f 1076/3336/3331 1074/3337/3332 1075/3338/3333
f 1075/3338/3333 1074/3337/3332 1073/3339/3334
f 1078/3340/3335 1072/3341/3336 1077/3342/3337
f 1077/3342/3337 1072/3341/3336 1071/3343/3338
f 1075/3344/3339 1078/3345/3340 1076/3346/3341
f 1076/3346/3341 1078/3345/3340 1077/3347/3342
f 1072/3348/3343 1078/3349/3344 1073/3350/3345
f 1073/3350/3345 1078/3349/3344 1075/3351/3346
f 1070/3352/3347 1069/3353/3348 1074/3354/3349
f 1074/3354/3349 1069/3353/3348 1071/3355/3350
f 1068/3356/3351 1067/3357/3352 1077/3358/3353
f 1077/3358/3353 1067/3357/3352 1076/3359/3354
f 1069/3360/3355 1068/3361/3356 1071/3362/3357
f 1071/3362/3357 1068/3361/3356 1077/3363/3358
f 1067/3364/3359 1070/3365/3360 1076/3366/3361
f 1076/3366/3361 1070/3365/3360 1074/3367/3362
g Pin (For adding more Pins) (2) (1):1

v -0.930042 -0.182500 -0.254000
v -0.866042 -0.182500 -0.254000
v -0.866042 -0.118500 -0.254000
v -0.930042 -0.118500 -0.254000
v -0.930042 -0.118500 -0.765420
v -0.866042 -0.118500 -0.765420
v -0.866042 -0.182500 -0.765420
v -0.930042 -0.182500 -0.765420
v -0.882042 -0.166500 -0.820000
v -0.914042 -0.166500 -0.820000
v -0.914042 -0.134500 -0.820000
v -0.882042 -0.134500 -0.820000
vt -0.032000 0.102500 0.000000
vt 0.032000 0.102500 0.000000
vt -0.032000 0.166500 0.000000
vt 0.032000 0.166500 0.000000
vt 0.064000 0.566000 0.000000
vt 0.000000 0.566000 0.000000
vt 0.064000 0.054580 0.000000
vt -0.000000 0.054580 0.000000
vt 0.064000 0.566000 0.000000
vt -0.000000 0.566000 0.000000
vt 0.064000 0.054580 0.000000
vt 0.000000 0.054580 0.000000
vt 0.064000 0.566000 0.000000
vt -0.000000 0.566000 0.000000
vt 0.064000 0.054580 0.000000
vt 0.000000 0.054580 0.000000
vt 0.064000 0.566000 0.000000
vt 0.000000 0.566000 0.000000
vt 0.064000 0.054580 0.000000
vt -0.000000 0.054580 0.000000
vt 0.016000 -0.365000 0.000000
vt -0.016000 -0.365000 0.000000
vt 0.016000 -0.397000 0.000000
vt -0.016000 -0.397000 0.000000
vt -0.397000 -0.000000 0.000000
vt -0.365000 -0.000000 0.000000
vt -0.413000 0.056877 0.000000
vt -0.349000 0.056877 0.000000
vt -0.016000 0.000000 0.000000
vt 0.016000 -0.000000 0.000000
vt -0.032000 0.056877 0.000000
vt 0.032000 0.056877 0.000000
vt 0.032000 0.056877 0.000000
vt -0.032000 0.056877 0.000000
vt 0.016000 0.000000 0.000000
vt -0.016000 0.000000 0.000000
vt 0.365000 0.000000 0.000000
vt 0.397000 0.000000 0.000000
vt 0.349000 0.056877 0.000000
vt 0.413000 0.056877 0.000000
vn 0.000000 0.000000 1.000000
vn 0.000000 0.000000 1.000000
vn 0.000000 0.000000 1.000000
vn 0.000000 0.000000 1.000000
vn -0.000000 1.000000 -0.000000
vn -0.000000 1.000000 -0.000000
vn -0.000000 1.000000 -0.000000
vn -0.000000 1.000000 -0.000000
vn -0.000000 -1.000000 0.000000
vn -0.000000 -1.000000 0.000000
vn -0.000000 -1.000000 0.000000
vn -0.000000 -1.000000 0.000000
vn -1.000000 0.000000 0.000000
vn -1.000000 0.000000 0.000000
vn -1.000000 0.000000 0.000000
vn -1.000000 0.000000 0.000000
vn 1.000000 -0.000000 -0.000000
vn 1.000000 -0.000000 -0.000000
vn 1.000000 -0.000000 -0.000000
vn 1.000000 -0.000000 -0.000000
vn -0.000000 -0.000000 -1.000000
vn -0.000000 -0.000000 -1.000000
vn -0.000000 -0.000000 -1.000000
vn -0.000000 -0.000000 -1.000000
vn -0.959617 0.000000 -0.281310
vn -0.959617 0.000000 -0.281310
vn -0.959617 0.000000 -0.281310
vn -0.959617 0.000000 -0.281310
vn -0.000000 -0.959617 -0.281310
vn -0.000000 -0.959617 -0.281310
vn -0.000000 -0.959617 -0.281310
vn -0.000000 -0.959617 -0.281310
vn -0.000000 0.959617 -0.281310
vn -0.000000 0.959617 -0.281310
vn -0.000000 0.959617 -0.281310
vn -0.000000 0.959617 -0.281310
vn 0.959617 -0.000000 -0.281310
vn 0.959617 -0.000000 -0.281310
vn 0.959617 -0.000000 -0.281310
vn 0.959617 -0.000000 -0.281310
usemtl Opaque(26,26,26)
f 1079/3368/3363 1080/3369/3364 1082/3370/3365
f 1082/3370/3365 1080/3369/3364 1081/3371/3366
usemtl Generic
f 1082/3372/3367 1081/3373/3368 1083/3374/3369
f 1083/3374/3369 1081/3373/3368 1084/3375/3370
f 1080/3376/3371 1079/3377/3372 1085/3378/3373
f 1085/3378/3373 1079/3377/3372 1086/3379/3374
f 1079/3380/3375 1082/3381/3376 1086/3382/3377
f 1086/3382/3377 1082/3381/3376 1083/3383/3378
f 1081/3384/3379 1080/3385/3380 1084/3386/3381
f 1084/3386/3381 1080/3385/3380 1085/3387/3382
f 1087/3388/3383 1088/3389/3384 1090/3390/3385
f 1090/3390/3385 1088/3389/3384 1089/3391/3386
f 1089/3392/3387 1088/3393/3388 1083/3394/3389
f 1083/3394/3389 1088/3393/3388 1086/3395/3390
f 1088/3396/3391 1087/3397/3392 1086/3398/3393
f 1086/3398/3393 1087/3397/3392 1085/3399/3394
f 1083/3400/3395 1084/3401/3396 1089/3402/3397
f 1089/3402/3397 1084/3401/3396 1090/3403/3398
f 1087/3404/3399 1090/3405/3400 1085/3406/3401
f 1085/3406/3401 1090/3405/3400 1084/3407/3402
g Pin (For adding more Pins) (1) (1):1

v -0.930042 -0.439000 -0.254000
v -0.866042 -0.439000 -0.254000
v -0.866042 -0.375000 -0.254000
v -0.930042 -0.375000 -0.254000
v -0.930042 -0.375000 -0.765420
v -0.866042 -0.375000 -0.765420
v -0.866042 -0.439000 -0.765420
v -0.930042 -0.439000 -0.765420
v -0.882042 -0.423000 -0.820000
v -0.914042 -0.423000 -0.820000
v -0.914042 -0.391000 -0.820000
v -0.882042 -0.391000 -0.820000
vt -0.032000 -0.154000 0.000000
vt 0.032000 -0.154000 0.000000
vt -0.032000 -0.090000 0.000000
vt 0.032000 -0.090000 0.000000
vt 0.064000 0.566000 0.000000
vt 0.000000 0.566000 0.000000
vt 0.064000 0.054580 0.000000
vt 0.000000 0.054580 0.000000
vt 0.064000 0.566000 0.000000
vt -0.000000 0.566000 0.000000
vt 0.064000 0.054580 0.000000
vt -0.000000 0.054580 0.000000
vt 0.064000 0.566000 0.000000
vt -0.000000 0.566000 0.000000
vt 0.064000 0.054580 0.000000
vt 0.000000 0.054580 0.000000
vt 0.064000 0.566000 0.000000
vt 0.000000 0.566000 0.000000
vt 0.064000 0.054580 0.000000
vt -0.000000 0.054580 0.000000
vt 0.016000 -0.365000 0.000000
vt -0.016000 -0.365000 0.000000
vt 0.016000 -0.397000 0.000000
vt -0.016000 -0.397000 0.000000
vt -0.397000 0.000000 0.000000
vt -0.365000 -0.000000 0.000000
vt -0.413000 0.056877 0.000000
vt -0.349000 0.056877 0.000000
vt -0.016000 0.000000 0.000000
vt 0.016000 -0.000000 0.000000
vt -0.032000 0.056877 0.000000
vt 0.032000 0.056877 0.000000
vt 0.032000 0.056877 0.000000
vt -0.032000 0.056877 0.000000
vt 0.016000 0.000000 0.000000
vt -0.016000 -0.000000 0.000000
vt 0.365000 0.000000 0.000000
vt 0.397000 0.000000 0.000000
vt 0.349000 0.056877 0.000000
vt 0.413000 0.056877 0.000000
vn 0.000000 0.000000 1.000000
vn 0.000000 0.000000 1.000000
vn 0.000000 0.000000 1.000000
vn 0.000000 0.000000 1.000000
vn -0.000000 1.000000 -0.000000
vn -0.000000 1.000000 -0.000000
vn -0.000000 1.000000 -0.000000
vn -0.000000 1.000000 -0.000000
vn -0.000000 -1.000000 0.000000
vn -0.000000 -1.000000 0.000000
vn -0.000000 -1.000000 0.000000
vn -0.000000 -1.000000 0.000000
vn -1.000000 0.000000 0.000000
vn -1.000000 0.000000 0.000000
vn -1.000000 0.000000 0.000000
vn -1.000000 0.000000 0.000000
vn 1.000000 -0.000000 -0.000000
vn 1.000000 -0.000000 -0.000000
vn 1.000000 -0.000000 -0.000000
vn 1.000000 -0.000000 -0.000000
vn -0.000000 -0.000000 -1.000000
vn -0.000000 -0.000000 -1.000000
vn -0.000000 -0.000000 -1.000000
vn -0.000000 -0.000000 -1.000000
vn -0.959617 0.000000 -0.281310
vn -0.959617 0.000000 -0.281310
vn -0.959617 0.000000 -0.281310
vn -0.959617 0.000000 -0.281310
vn -0.000000 -0.959617 -0.281310
vn -0.000000 -0.959617 -0.281310
vn -0.000000 -0.959617 -0.281310
vn -0.000000 -0.959617 -0.281310
vn -0.000000 0.959617 -0.281310
vn -0.000000 0.959617 -0.281310
vn -0.000000 0.959617 -0.281310
vn -0.000000 0.959617 -0.281310
vn 0.959617 -0.000000 -0.281310
vn 0.959617 -0.000000 -0.281310
vn 0.959617 -0.000000 -0.281310
vn 0.959617 -0.000000 -0.281310
usemtl Opaque(26,26,26)
f 1091/3408/3403 1092/3409/3404 1094/3410/3405
f 1094/3410/3405 1092/3409/3404 1093/3411/3406
usemtl Generic
f 1094/3412/3407 1093/3413/3408 1095/3414/3409
f 1095/3414/3409 1093/3413/3408 1096/3415/3410
f 1092/3416/3411 1091/3417/3412 1097/3418/3413
f 1097/3418/3413 1091/3417/3412 1098/3419/3414
f 1091/3420/3415 1094/3421/3416 1098/3422/3417
f 1098/3422/3417 1094/3421/3416 1095/3423/3418
f 1093/3424/3419 1092/3425/3420 1096/3426/3421
f 1096/3426/3421 1092/3425/3420 1097/3427/3422
f 1099/3428/3423 1100/3429/3424 1102/3430/3425
f 1102/3430/3425 1100/3429/3424 1101/3431/3426
f 1101/3432/3427 1100/3433/3428 1095/3434/3429
f 1095/3434/3429 1100/3433/3428 1098/3435/3430
f 1100/3436/3431 1099/3437/3432 1098/3438/3433
f 1098/3438/3433 1099/3437/3432 1097/3439/3434
f 1095/3440/3435 1096/3441/3436 1101/3442/3437
f 1101/3442/3437 1096/3441/3436 1102/3443/3438
f 1099/3444/3439 1102/3445/3440 1097/3446/3441
f 1097/3446/3441 1102/3445/3440 1096/3447/3442
g Pin (For adding more Pins) (2) (4):1

v -0.930042 -0.182500 -0.070000
v -0.930042 -0.118500 -0.070000
v -0.866042 -0.118500 -0.070000
v -0.866042 -0.182500 -0.070000
v -0.866042 -0.118500 0.163000
v -0.930042 -0.118500 0.163000
v -0.930042 -0.182500 0.163000
v -0.866042 -0.182500 0.163000
vt 0.032000 0.166500 0.000000
vt -0.032000 0.166500 0.000000
vt 0.032000 0.102500 0.000000
vt -0.032000 0.102500 0.000000
vt 0.032000 0.166500 0.000000
vt -0.032000 0.166500 0.000000
vt 0.032000 0.102500 0.000000
vt -0.032000 0.102500 0.000000
vt 0.064000 0.983000 0.000000
vt 0.000000 0.983000 0.000000
vt 0.064000 0.750000 0.000000
vt 0.000000 0.750000 0.000000
vt 0.064000 0.983000 0.000000
vt 0.000000 0.983000 0.000000
vt 0.064000 0.750000 0.000000
vt -0.000000 0.750000 0.000000
vt 0.064000 0.983000 0.000000
vt -0.000000 0.983000 0.000000
vt 0.064000 0.750000 0.000000
vt 0.000000 0.750000 0.000000
vt 0.064000 0.983000 0.000000
vt 0.000000 0.983000 0.000000
vt 0.064000 0.750000 0.000000
vt -0.000000 0.750000 0.000000
vn -0.000000 -0.000000 -1.000000
vn -0.000000 -0.000000 -1.000000
vn -0.000000 -0.000000 -1.000000
vn -0.000000 -0.000000 -1.000000
vn 0.000000 -0.000000 1.000000
vn 0.000000 -0.000000 1.000000
vn 0.000000 -0.000000 1.000000
vn 0.000000 -0.000000 1.000000
vn -1.000000 0.000000 0.000000
vn -1.000000 0.000000 0.000000
vn -1.000000 0.000000 0.000000
vn -1.000000 0.000000 0.000000
vn -0.000000 1.000000 -0.000000
vn -0.000000 1.000000 -0.000000
vn -0.000000 1.000000 -0.000000
vn -0.000000 1.000000 -0.000000
vn -0.000000 -1.000000 0.000000
vn -0.000000 -1.000000 0.000000
vn -0.000000 -1.000000 0.000000
vn -0.000000 -1.000000 0.000000
vn 1.000000 -0.000000 -0.000000
vn 1.000000 -0.000000 -0.000000
vn 1.000000 -0.000000 -0.000000
vn 1.000000 -0.000000 -0.000000
usemtl Opaque(26,26,26)
f 1104/3448/3443 1105/3449/3444 1103/3450/3445
f 1103/3450/3445 1105/3449/3444 1106/3451/3446
f 1107/3452/3447 1108/3453/3448 1110/3454/3449
f 1110/3454/3449 1108/3453/3448 1109/3455/3450
usemtl Generic
f 1109/3456/3451 1108/3457/3452 1103/3458/3453
f 1103/3458/3453 1108/3457/3452 1104/3459/3454
f 1108/3460/3455 1107/3461/3456 1104/3462/3457
f 1104/3462/3457 1107/3461/3456 1105/3463/3458
f 1110/3464/3459 1109/3465/3460 1106/3466/3461
f 1106/3466/3461 1109/3465/3460 1103/3467/3462
f 1107/3468/3463 1110/3469/3464 1105/3470/3465
f 1105/3470/3465 1110/3469/3464 1106/3471/3466
g Pin (For adding more Pins) (1) (4):1

v -0.930042 -0.439000 -0.070000
v -0.930042 -0.375000 -0.070000
v -0.866042 -0.375000 -0.070000
v -0.866042 -0.439000 -0.070000
v -0.866042 -0.375000 0.163000
v -0.930042 -0.375000 0.163000
v -0.930042 -0.439000 0.163000
v -0.866042 -0.439000 0.163000
vt 0.032000 -0.090000 0.000000
vt -0.032000 -0.090000 0.000000
vt 0.032000 -0.154000 0.000000
vt -0.032000 -0.154000 0.000000
vt 0.032000 -0.090000 0.000000
vt -0.032000 -0.090000 0.000000
vt 0.032000 -0.154000 0.000000
vt -0.032000 -0.154000 0.000000
vt 0.064000 0.983000 0.000000
vt -0.000000 0.983000 0.000000
vt 0.064000 0.750000 0.000000
vt 0.000000 0.750000 0.000000
vt 0.064000 0.983000 0.000000
vt 0.000000 0.983000 0.000000
vt 0.064000 0.750000 0.000000
vt 0.000000 0.750000 0.000000
vt 0.064000 0.983000 0.000000
vt -0.000000 0.983000 0.000000
vt 0.064000 0.750000 0.000000
vt -0.000000 0.750000 0.000000
vt 0.064000 0.983000 0.000000
vt 0.000000 0.983000 0.000000
vt 0.064000 0.750000 0.000000
vt -0.000000 0.750000 0.000000
vn -0.000000 -0.000000 -1.000000
vn -0.000000 -0.000000 -1.000000
vn -0.000000 -0.000000 -1.000000
vn -0.000000 -0.000000 -1.000000
vn 0.000000 -0.000000 1.000000
vn 0.000000 -0.000000 1.000000
vn 0.000000 -0.000000 1.000000
vn 0.000000 -0.000000 1.000000
vn -1.000000 0.000000 0.000000
vn -1.000000 0.000000 0.000000
vn -1.000000 0.000000 0.000000
vn -1.000000 0.000000 0.000000
vn -0.000000 1.000000 -0.000000
vn -0.000000 1.000000 -0.000000
vn -0.000000 1.000000 -0.000000
vn -0.000000 1.000000 -0.000000
vn -0.000000 -1.000000 0.000000
vn -0.000000 -1.000000 0.000000
vn -0.000000 -1.000000 0.000000
vn -0.000000 -1.000000 0.000000
vn 1.000000 -0.000000 -0.000000
vn 1.000000 -0.000000 -0.000000
vn 1.000000 -0.000000 -0.000000
vn 1.000000 -0.000000 -0.000000
usemtl Opaque(26,26,26)
f 1112/3472/3467 1113/3473/3468 1111/3474/3469
f 1111/3474/3469 1113/3473/3468 1114/3475/3470
f 1115/3476/3471 1116/3477/3472 1118/3478/3473
f 1118/3478/3473 1116/3477/3472 1117/3479/3474
usemtl Generic
f 1117/3480/3475 1116/3481/3476 1111/3482/3477
f 1111/3482/3477 1116/3481/3476 1112/3483/3478
f 1116/3484/3479 1115/3485/3480 1112/3486/3481
f 1112/3486/3481 1115/3485/3480 1113/3487/3482
f 1118/3488/3483 1117/3489/3484 1114/3490/3485
f 1114/3490/3485 1117/3489/3484 1111/3491/3486
f 1115/3492/3487 1118/3493/3488 1113/3494/3489
f 1113/3494/3489 1118/3493/3488 1114/3495/3490
g Body56

v -0.227000 0.294500 0.000000
v 0.373000 0.294500 0.000000
v 0.373000 0.294500 -0.100000
v -0.227000 0.294500 -0.100000
v -0.227000 -0.305500 0.000000
v -0.227000 -0.305500 -0.100000
v 0.373000 -0.305500 0.000000
v 0.373000 -0.305500 -0.100000
vt 0.000000 0.000000 0.000000
vt 0.600000 0.000000 0.000000
vt 0.000000 0.100000 0.000000
vt 0.600000 0.100000 0.000000
vt 0.000000 0.000000 0.000000
vt 0.600000 0.000000 0.000000
vt 0.000000 0.100000 0.000000
vt 0.600000 0.100000 0.000000
vt 0.000000 0.000000 0.000000
vt 0.600000 0.000000 0.000000
vt 0.000000 0.100000 0.000000
vt 0.600000 0.100000 0.000000
vt 0.000000 0.000000 0.000000
vt 0.600000 0.000000 0.000000
vt 0.000000 0.100000 0.000000
vt 0.600000 0.100000 0.000000
vt -0.300000 -0.300000 0.000000
vt 0.300000 -0.300000 0.000000
vt -0.300000 0.300000 0.000000
vt 0.300000 0.300000 0.000000
vt -0.300000 -0.300000 0.000000
vt 0.300000 -0.300000 0.000000
vt -0.300000 0.300000 0.000000
vt 0.300000 0.300000 0.000000
vn -0.000000 1.000000 0.000000
vn -0.000000 1.000000 0.000000
vn -0.000000 1.000000 0.000000
vn -0.000000 1.000000 0.000000
vn -1.000000 0.000000 0.000000
vn -1.000000 0.000000 0.000000
vn -1.000000 0.000000 0.000000
vn -1.000000 0.000000 0.000000
vn -0.000000 -1.000000 -0.000000
vn -0.000000 -1.000000 -0.000000
vn -0.000000 -1.000000 -0.000000
vn -0.000000 -1.000000 -0.000000
vn 1.000000 0.000000 0.000000
vn 1.000000 0.000000 0.000000
vn 1.000000 0.000000 0.000000
vn 1.000000 0.000000 0.000000
vn 0.000000 0.000000 -1.000000
vn 0.000000 0.000000 -1.000000
vn 0.000000 0.000000 -1.000000
vn 0.000000 0.000000 -1.000000
vn -0.000000 -0.000000 1.000000
vn -0.000000 -0.000000 1.000000
vn -0.000000 -0.000000 1.000000
vn -0.000000 -0.000000 1.000000
usemtl Powder_Coat_(Black)
f 1119/3496/3491 1120/3497/3492 1122/3498/3493
f 1122/3498/3493 1120/3497/3492 1121/3499/3494
f 1123/3500/3495 1119/3501/3496 1124/3502/3497
f 1124/3502/3497 1119/3501/3496 1122/3503/3498
f 1125/3504/3499 1123/3505/3500 1126/3506/3501
f 1126/3506/3501 1123/3505/3500 1124/3507/3502
f 1120/3508/3503 1125/3509/3504 1121/3510/3505
f 1121/3510/3505 1125/3509/3504 1126/3511/3506
f 1126/3512/3507 1124/3513/3508 1121/3514/3509
f 1121/3514/3509 1124/3513/3508 1122/3515/3510
f 1120/3516/3511 1119/3517/3512 1125/3518/3513
f 1125/3518/3513 1119/3517/3512 1123/3519/3514
g Body57

v 0.473000 0.086167 0.000000
v 0.473000 0.036167 0.000000
v 0.473000 0.036167 -0.020000
v 0.473000 0.086167 -0.020000
v 0.373000 0.086167 0.000000
v 0.373000 0.086167 -0.020000
v 0.373000 0.036167 0.000000
v 0.373000 0.036167 -0.020000
vt 0.000000 0.000000 0.000000
vt 0.050000 0.000000 0.000000
vt 0.000000 0.020000 0.000000
vt 0.050000 0.020000 0.000000
vt 0.000000 0.000000 0.000000
vt 0.100000 0.000000 0.000000
vt 0.000000 0.020000 0.000000
vt 0.100000 0.020000 0.000000
vt 0.000000 0.000000 0.000000
vt 0.050000 0.000000 0.000000
vt 0.000000 0.020000 0.000000
vt 0.050000 0.020000 0.000000
vt 0.000000 0.000000 0.000000
vt 0.100000 0.000000 0.000000
vt 0.000000 0.020000 0.000000
vt 0.100000 0.020000 0.000000
vt -0.050000 -0.025000 0.000000
vt 0.050000 -0.025000 0.000000
vt -0.050000 0.025000 0.000000
vt 0.050000 0.025000 0.000000
vt 0.050000 0.025000 0.000000
vt -0.050000 0.025000 0.000000
vt 0.050000 -0.025000 0.000000
vt -0.050000 -0.025000 0.000000
vn 1.000000 0.000000 0.000000
vn 1.000000 0.000000 0.000000
vn 1.000000 0.000000 0.000000
vn 1.000000 0.000000 0.000000
vn -0.000000 1.000000 0.000000
vn -0.000000 1.000000 0.000000
vn -0.000000 1.000000 0.000000
vn -0.000000 1.000000 0.000000
vn -1.000000 0.000000 0.000000
vn -1.000000 0.000000 0.000000
vn -1.000000 0.000000 0.000000
vn -1.000000 0.000000 0.000000
vn -0.000000 -1.000000 -0.000000
vn -0.000000 -1.000000 -0.000000
vn -0.000000 -1.000000 -0.000000
vn -0.000000 -1.000000 -0.000000
vn 0.000000 0.000000 -1.000000
vn 0.000000 0.000000 -1.000000
vn 0.000000 0.000000 -1.000000
vn 0.000000 0.000000 -1.000000
vn -0.000000 -0.000000 1.000000
vn -0.000000 -0.000000 1.000000
vn -0.000000 -0.000000 1.000000
vn -0.000000 -0.000000 1.000000
usemtl Silver_-_Polished
f 1127/3520/3515 1128/3521/3516 1130/3522/3517
f 1130/3522/3517 1128/3521/3516 1129/3523/3518
f 1131/3524/3519 1127/3525/3520 1132/3526/3521
f 1132/3526/3521 1127/3525/3520 1130/3527/3522
f 1133/3528/3523 1131/3529/3524 1134/3530/3525
f 1134/3530/3525 1131/3529/3524 1132/3531/3526
f 1128/3532/3527 1133/3533/3528 1129/3534/3529
f 1129/3534/3529 1133/3533/3528 1134/3535/3530
f 1129/3536/3531 1134/3537/3532 1130/3538/3533
f 1130/3538/3533 1134/3537/3532 1132/3539/3534
f 1133/3540/3535 1128/3541/3536 1131/3542/3537
f 1131/3542/3537 1128/3541/3536 1127/3543/3538
g Body58

v 0.473000 -0.180500 0.000000
v 0.473000 -0.230500 0.000000
v 0.473000 -0.230500 -0.020000
v 0.473000 -0.180500 -0.020000
v 0.373000 -0.180500 0.000000
v 0.373000 -0.180500 -0.020000
v 0.373000 -0.230500 0.000000
v 0.373000 -0.230500 -0.020000
vt 0.000000 0.000000 0.000000
vt 0.050000 0.000000 0.000000
vt 0.000000 0.020000 0.000000
vt 0.050000 0.020000 0.000000
vt 0.000000 0.000000 0.000000
vt 0.100000 0.000000 0.000000
vt 0.000000 0.020000 0.000000
vt 0.100000 0.020000 0.000000
vt 0.000000 0.000000 0.000000
vt 0.050000 0.000000 0.000000
vt 0.000000 0.020000 0.000000
vt 0.050000 0.020000 0.000000
vt 0.000000 0.000000 0.000000
vt 0.100000 0.000000 0.000000
vt 0.000000 0.020000 0.000000
vt 0.100000 0.020000 0.000000
vt -0.050000 -0.025000 0.000000
vt 0.050000 -0.025000 0.000000
vt -0.050000 0.025000 0.000000
vt 0.050000 0.025000 0.000000
vt 0.050000 0.025000 0.000000
vt -0.050000 0.025000 0.000000
vt 0.050000 -0.025000 0.000000
vt -0.050000 -0.025000 0.000000
vn 1.000000 0.000000 0.000000
vn 1.000000 0.000000 0.000000
vn 1.000000 0.000000 0.000000
vn 1.000000 0.000000 0.000000
vn -0.000000 1.000000 0.000000
vn -0.000000 1.000000 0.000000
vn -0.000000 1.000000 0.000000
vn -0.000000 1.000000 0.000000
vn -1.000000 0.000000 0.000000
vn -1.000000 0.000000 0.000000
vn -1.000000 0.000000 0.000000
vn -1.000000 0.000000 0.000000
vn -0.000000 -1.000000 -0.000000
vn -0.000000 -1.000000 -0.000000
vn -0.000000 -1.000000 -0.000000
vn -0.000000 -1.000000 -0.000000
vn 0.000000 0.000000 -1.000000
vn 0.000000 0.000000 -1.000000
vn 0.000000 0.000000 -1.000000
vn 0.000000 0.000000 -1.000000
vn -0.000000 -0.000000 1.000000
vn -0.000000 -0.000000 1.000000
vn -0.000000 -0.000000 1.000000
vn -0.000000 -0.000000 1.000000
f 1135/3544/3539 1136/3545/3540 1138/3546/3541
f 1138/3546/3541 1136/3545/3540 1137/3547/3542
f 1139/3548/3543 1135/3549/3544 1140/3550/3545
f 1140/3550/3545 1135/3549/3544 1138/3551/3546
f 1141/3552/3547 1139/3553/3548 1142/3554/3549
f 1142/3554/3549 1139/3553/3548 1140/3555/3550
f 1136/3556/3551 1141/3557/3552 1137/3558/3553
f 1137/3558/3553 1141/3557/3552 1142/3559/3554
f 1137/3560/3555 1142/3561/3556 1138/3562/3557
f 1138/3562/3557 1142/3561/3556 1140/3563/3558
f 1141/3564/3559 1136/3565/3560 1139/3566/3561
f 1139/3566/3561 1136/3565/3560 1135/3567/3562
g Body59

v 0.098000 -0.405500 0.000000
v 0.048000 -0.405500 0.000000
v 0.048000 -0.405500 -0.020000
v 0.098000 -0.405500 -0.020000
v 0.098000 -0.305500 0.000000
v 0.098000 -0.305500 -0.020000
v 0.048000 -0.305500 0.000000
v 0.048000 -0.305500 -0.020000
vt 0.000000 0.000000 0.000000
vt 0.050000 0.000000 0.000000
vt 0.000000 0.020000 0.000000
vt 0.050000 0.020000 0.000000
vt 0.000000 0.000000 0.000000
vt 0.100000 0.000000 0.000000
vt 0.000000 0.020000 0.000000
vt 0.100000 0.020000 0.000000
vt 0.000000 0.000000 0.000000
vt 0.050000 0.000000 0.000000
vt 0.000000 0.020000 0.000000
vt 0.050000 0.020000 0.000000
vt 0.000000 0.000000 0.000000
vt 0.100000 0.000000 0.000000
vt 0.000000 0.020000 0.000000
vt 0.100000 0.020000 0.000000
vt 0.025000 0.050000 0.000000
vt -0.025000 0.050000 0.000000
vt 0.025000 -0.050000 0.000000
vt -0.025000 -0.050000 0.000000
vt 0.025000 0.050000 0.000000
vt -0.025000 0.050000 0.000000
vt 0.025000 -0.050000 0.000000
vt -0.025000 -0.050000 0.000000
vn -0.000000 -1.000000 -0.000000
vn -0.000000 -1.000000 -0.000000
vn -0.000000 -1.000000 -0.000000
vn -0.000000 -1.000000 -0.000000
vn 1.000000 0.000000 0.000000
vn 1.000000 0.000000 0.000000
vn 1.000000 0.000000 0.000000
vn 1.000000 0.000000 0.000000
vn -0.000000 1.000000 0.000000
vn -0.000000 1.000000 0.000000
vn -0.000000 1.000000 0.000000
vn -0.000000 1.000000 0.000000
vn -1.000000 -0.000000 -0.000000
vn -1.000000 -0.000000 -0.000000
vn -1.000000 -0.000000 -0.000000
vn -1.000000 -0.000000 -0.000000
vn 0.000000 0.000000 -1.000000
vn 0.000000 0.000000 -1.000000
vn 0.000000 0.000000 -1.000000
vn 0.000000 0.000000 -1.000000
vn -0.000000 -0.000000 1.000000
vn -0.000000 -0.000000 1.000000
vn -0.000000 -0.000000 1.000000
vn -0.000000 -0.000000 1.000000
f 1143/3568/3563 1144/3569/3564 1146/3570/3565
f 1146/3570/3565 1144/3569/3564 1145/3571/3566
f 1147/3572/3567 1143/3573/3568 1148/3574/3569
f 1148/3574/3569 1143/3573/3568 1146/3575/3570
f 1149/3576/3571 1147/3577/3572 1150/3578/3573
f 1150/3578/3573 1147/3577/3572 1148/3579/3574
f 1144/3580/3575 1149/3581/3576 1145/3582/3577
f 1145/3582/3577 1149/3581/3576 1150/3583/3578
f 1150/3584/3579 1148/3585/3580 1145/3586/3581
f 1145/3586/3581 1148/3585/3580 1146/3587/3582
f 1144/3588/3583 1143/3589/3584 1149/3590/3585
f 1149/3590/3585 1143/3589/3584 1147/3591/3586
g Body60

v -0.327000 -0.180500 0.000000
v -0.227000 -0.180500 0.000000
v -0.227000 -0.180500 -0.020000
v -0.327000 -0.180500 -0.020000
v -0.327000 -0.230500 0.000000
v -0.327000 -0.230500 -0.020000
v -0.227000 -0.230500 0.000000
v -0.227000 -0.230500 -0.020000
vt 0.000000 0.000000 0.000000
vt 0.100000 0.000000 0.000000
vt 0.000000 0.020000 0.000000
vt 0.100000 0.020000 0.000000
vt 0.000000 0.000000 0.000000
vt 0.050000 0.000000 0.000000
vt 0.000000 0.020000 0.000000
vt 0.050000 0.020000 0.000000
vt -0.000000 0.000000 0.000000
vt 0.100000 0.000000 0.000000
vt 0.000000 0.020000 0.000000
vt 0.100000 0.020000 0.000000
vt 0.000000 0.000000 0.000000
vt 0.050000 0.000000 0.000000
vt 0.000000 0.020000 0.000000
vt 0.050000 0.020000 0.000000
vt -0.050000 -0.025000 0.000000
vt 0.050000 -0.025000 0.000000
vt -0.050000 0.025000 0.000000
vt 0.050000 0.025000 0.000000
vt -0.050000 -0.025000 0.000000
vt 0.050000 -0.025000 0.000000
vt -0.050000 0.025000 0.000000
vt 0.050000 0.025000 0.000000
vn 0.000000 1.000000 0.000000
vn 0.000000 1.000000 0.000000
vn 0.000000 1.000000 0.000000
vn 0.000000 1.000000 0.000000
vn -1.000000 -0.000000 -0.000000
vn -1.000000 -0.000000 -0.000000
vn -1.000000 -0.000000 -0.000000
vn -1.000000 -0.000000 -0.000000
vn 0.000000 -1.000000 0.000000
vn 0.000000 -1.000000 0.000000
vn 0.000000 -1.000000 0.000000
vn 0.000000 -1.000000 0.000000
vn 1.000000 0.000000 0.000000
vn 1.000000 0.000000 0.000000
vn 1.000000 0.000000 0.000000
vn 1.000000 0.000000 0.000000
vn 0.000000 0.000000 -1.000000
vn 0.000000 0.000000 -1.000000
vn 0.000000 0.000000 -1.000000
vn 0.000000 0.000000 -1.000000
vn -0.000000 -0.000000 1.000000
vn -0.000000 -0.000000 1.000000
vn -0.000000 -0.000000 1.000000
vn -0.000000 -0.000000 1.000000
f 1151/3592/3587 1152/3593/3588 1154/3594/3589
f 1154/3594/3589 1152/3593/3588 1153/3595/3590
f 1155/3596/3591 1151/3597/3592 1156/3598/3593
f 1156/3598/3593 1151/3597/3592 1154/3599/3594
f 1157/3600/3595 1155/3601/3596 1158/3602/3597
f 1158/3602/3597 1155/3601/3596 1156/3603/3598
f 1152/3604/3599 1157/3605/3600 1153/3606/3601
f 1153/3606/3601 1157/3605/3600 1158/3607/3602
f 1158/3608/3603 1156/3609/3604 1153/3610/3605
f 1153/3610/3605 1156/3609/3604 1154/3611/3606
f 1152/3612/3607 1151/3613/3608 1157/3614/3609
f 1157/3614/3609 1151/3613/3608 1155/3615/3610
g Body61

v -0.327000 0.086167 0.000000
v -0.227000 0.086167 0.000000
v -0.227000 0.086167 -0.020000
v -0.327000 0.086167 -0.020000
v -0.327000 0.036167 0.000000
v -0.327000 0.036167 -0.020000
v -0.227000 0.036167 0.000000
v -0.227000 0.036167 -0.020000
vt 0.000000 0.000000 0.000000
vt 0.100000 0.000000 0.000000
vt 0.000000 0.020000 0.000000
vt 0.100000 0.020000 0.000000
vt 0.000000 0.000000 0.000000
vt 0.050000 0.000000 0.000000
vt 0.000000 0.020000 0.000000
vt 0.050000 0.020000 0.000000
vt -0.000000 0.000000 0.000000
vt 0.100000 0.000000 0.000000
vt 0.000000 0.020000 0.000000
vt 0.100000 0.020000 0.000000
vt 0.000000 0.000000 0.000000
vt 0.050000 0.000000 0.000000
vt 0.000000 0.020000 0.000000
vt 0.050000 0.020000 0.000000
vt -0.050000 -0.025000 0.000000
vt 0.050000 -0.025000 0.000000
vt -0.050000 0.025000 0.000000
vt 0.050000 0.025000 0.000000
vt -0.050000 -0.025000 0.000000
vt 0.050000 -0.025000 0.000000
vt -0.050000 0.025000 0.000000
vt 0.050000 0.025000 0.000000
vn 0.000000 1.000000 0.000000
vn 0.000000 1.000000 0.000000
vn 0.000000 1.000000 0.000000
vn 0.000000 1.000000 0.000000
vn -1.000000 -0.000000 -0.000000
vn -1.000000 -0.000000 -0.000000
vn -1.000000 -0.000000 -0.000000
vn -1.000000 -0.000000 -0.000000
vn 0.000000 -1.000000 0.000000
vn 0.000000 -1.000000 0.000000
vn 0.000000 -1.000000 0.000000
vn 0.000000 -1.000000 0.000000
vn 1.000000 0.000000 0.000000
vn 1.000000 0.000000 0.000000
vn 1.000000 0.000000 0.000000
vn 1.000000 0.000000 0.000000
vn 0.000000 0.000000 -1.000000
vn 0.000000 0.000000 -1.000000
vn 0.000000 0.000000 -1.000000
vn 0.000000 0.000000 -1.000000
vn -0.000000 -0.000000 1.000000
vn -0.000000 -0.000000 1.000000
vn -0.000000 -0.000000 1.000000
vn -0.000000 -0.000000 1.000000
f 1159/3616/3611 1160/3617/3612 1162/3618/3613
f 1162/3618/3613 1160/3617/3612 1161/3619/3614
f 1163/3620/3615 1159/3621/3616 1164/3622/3617
f 1164/3622/3617 1159/3621/3616 1162/3623/3618
f 1165/3624/3619 1163/3625/3620 1166/3626/3621
f 1166/3626/3621 1163/3625/3620 1164/3627/3622
f 1160/3628/3623 1165/3629/3624 1161/3630/3625
f 1161/3630/3625 1165/3629/3624 1166/3631/3626
f 1166/3632/3627 1164/3633/3628 1161/3634/3629
f 1161/3634/3629 1164/3633/3628 1162/3635/3630
f 1160/3636/3631 1159/3637/3632 1165/3638/3633
f 1165/3638/3633 1159/3637/3632 1163/3639/3634
g Body62

v -0.327000 0.152833 0.000000
v -0.227000 0.152833 0.000000
v -0.227000 0.152833 -0.020000
v -0.327000 0.152833 -0.020000
v -0.327000 0.102833 0.000000
v -0.327000 0.102833 -0.020000
v -0.227000 0.102833 0.000000
v -0.227000 0.102833 -0.020000
vt 0.000000 0.000000 0.000000
vt 0.100000 0.000000 0.000000
vt 0.000000 0.020000 0.000000
vt 0.100000 0.020000 0.000000
vt 0.000000 0.000000 0.000000
vt 0.050000 0.000000 0.000000
vt 0.000000 0.020000 0.000000
vt 0.050000 0.020000 0.000000
vt -0.000000 0.000000 0.000000
vt 0.100000 0.000000 0.000000
vt 0.000000 0.020000 0.000000
vt 0.100000 0.020000 0.000000
vt 0.000000 0.000000 0.000000
vt 0.050000 0.000000 0.000000
vt 0.000000 0.020000 0.000000
vt 0.050000 0.020000 0.000000
vt -0.050000 -0.025000 0.000000
vt 0.050000 -0.025000 0.000000
vt -0.050000 0.025000 0.000000
vt 0.050000 0.025000 0.000000
vt -0.050000 -0.025000 0.000000
vt 0.050000 -0.025000 0.000000
vt -0.050000 0.025000 0.000000
vt 0.050000 0.025000 0.000000
vn 0.000000 1.000000 0.000000
vn 0.000000 1.000000 0.000000
vn 0.000000 1.000000 0.000000
vn 0.000000 1.000000 0.000000
vn -1.000000 -0.000000 -0.000000
vn -1.000000 -0.000000 -0.000000
vn -1.000000 -0.000000 -0.000000
vn -1.000000 -0.000000 -0.000000
vn 0.000000 -1.000000 0.000000
vn 0.000000 -1.000000 0.000000
vn 0.000000 -1.000000 0.000000
vn 0.000000 -1.000000 0.000000
vn 1.000000 0.000000 0.000000
vn 1.000000 0.000000 0.000000
vn 1.000000 0.000000 0.000000
vn 1.000000 0.000000 0.000000
vn 0.000000 0.000000 -1.000000
vn 0.000000 0.000000 -1.000000
vn 0.000000 0.000000 -1.000000
vn 0.000000 0.000000 -1.000000
vn -0.000000 -0.000000 1.000000
vn -0.000000 -0.000000 1.000000
vn -0.000000 -0.000000 1.000000
vn -0.000000 -0.000000 1.000000
f 1167/3640/3635 1168/3641/3636 1170/3642/3637
f 1170/3642/3637 1168/3641/3636 1169/3643/3638
f 1171/3644/3639 1167/3645/3640 1172/3646/3641
f 1172/3646/3641 1167/3645/3640 1170/3647/3642
f 1173/3648/3643 1171/3649/3644 1174/3650/3645
f 1174/3650/3645 1171/3649/3644 1172/3651/3646
f 1168/3652/3647 1173/3653/3648 1169/3654/3649
f 1169/3654/3649 1173/3653/3648 1174/3655/3650
f 1174/3656/3651 1172/3657/3652 1169/3658/3653
f 1169/3658/3653 1172/3657/3652 1170/3659/3654
f 1168/3660/3655 1167/3661/3656 1173/3662/3657
f 1173/3662/3657 1167/3661/3656 1171/3663/3658
g Body63

v -0.327000 -0.113833 0.000000
v -0.227000 -0.113833 0.000000
v -0.227000 -0.113833 -0.020000
v -0.327000 -0.113833 -0.020000
v -0.327000 -0.163833 0.000000
v -0.327000 -0.163833 -0.020000
v -0.227000 -0.163833 0.000000
v -0.227000 -0.163833 -0.020000
vt 0.000000 0.000000 0.000000
vt 0.100000 0.000000 0.000000
vt 0.000000 0.020000 0.000000
vt 0.100000 0.020000 0.000000
vt 0.000000 0.000000 0.000000
vt 0.050000 0.000000 0.000000
vt 0.000000 0.020000 0.000000
vt 0.050000 0.020000 0.000000
vt -0.000000 0.000000 0.000000
vt 0.100000 0.000000 0.000000
vt 0.000000 0.020000 0.000000
vt 0.100000 0.020000 0.000000
vt 0.000000 0.000000 0.000000
vt 0.050000 0.000000 0.000000
vt 0.000000 0.020000 0.000000
vt 0.050000 0.020000 0.000000
vt -0.050000 -0.025000 0.000000
vt 0.050000 -0.025000 0.000000
vt -0.050000 0.025000 0.000000
vt 0.050000 0.025000 0.000000
vt -0.050000 -0.025000 0.000000
vt 0.050000 -0.025000 0.000000
vt -0.050000 0.025000 0.000000
vt 0.050000 0.025000 0.000000
vn 0.000000 1.000000 0.000000
vn 0.000000 1.000000 0.000000
vn 0.000000 1.000000 0.000000
vn 0.000000 1.000000 0.000000
vn -1.000000 -0.000000 -0.000000
vn -1.000000 -0.000000 -0.000000
vn -1.000000 -0.000000 -0.000000
vn -1.000000 -0.000000 -0.000000
vn 0.000000 -1.000000 0.000000
vn 0.000000 -1.000000 0.000000
vn 0.000000 -1.000000 0.000000
vn 0.000000 -1.000000 0.000000
vn 1.000000 0.000000 0.000000
vn 1.000000 0.000000 0.000000
vn 1.000000 0.000000 0.000000
vn 1.000000 0.000000 0.000000
vn 0.000000 0.000000 -1.000000
vn 0.000000 0.000000 -1.000000
vn 0.000000 0.000000 -1.000000
vn 0.000000 0.000000 -1.000000
vn -0.000000 -0.000000 1.000000
vn -0.000000 -0.000000 1.000000
vn -0.000000 -0.000000 1.000000
vn -0.000000 -0.000000 1.000000
f 1175/3664/3659 1176/3665/3660 1178/3666/3661
f 1178/3666/3661 1176/3665/3660 1177/3667/3662
f 1179/3668/3663 1175/3669/3664 1180/3670/3665
f 1180/3670/3665 1175/3669/3664 1178/3671/3666
f 1181/3672/3667 1179/3673/3668 1182/3674/3669
f 1182/3674/3669 1179/3673/3668 1180/3675/3670
f 1176/3676/3671 1181/3677/3672 1177/3678/3673
f 1177/3678/3673 1181/3677/3672 1182/3679/3674
f 1182/3680/3675 1180/3681/3676 1177/3682/3677
f 1177/3682/3677 1180/3681/3676 1178/3683/3678
f 1176/3684/3679 1175/3685/3680 1181/3686/3681
f 1181/3686/3681 1175/3685/3680 1179/3687/3682
g Body64

v 0.031333 -0.405500 0.000000
v -0.018667 -0.405500 0.000000
v -0.018667 -0.405500 -0.020000
v 0.031333 -0.405500 -0.020000
v 0.031333 -0.305500 0.000000
v 0.031333 -0.305500 -0.020000
v -0.018667 -0.305500 0.000000
v -0.018667 -0.305500 -0.020000
vt 0.000000 0.000000 0.000000
vt 0.050000 0.000000 0.000000
vt 0.000000 0.020000 0.000000
vt 0.050000 0.020000 0.000000
vt 0.000000 0.000000 0.000000
vt 0.100000 0.000000 0.000000
vt 0.000000 0.020000 0.000000
vt 0.100000 0.020000 0.000000
vt 0.000000 0.000000 0.000000
vt 0.050000 0.000000 0.000000
vt 0.000000 0.020000 0.000000
vt 0.050000 0.020000 0.000000
vt 0.000000 0.000000 0.000000
vt 0.100000 0.000000 0.000000
vt 0.000000 0.020000 0.000000
vt 0.100000 0.020000 0.000000
vt 0.025000 0.050000 0.000000
vt -0.025000 0.050000 0.000000
vt 0.025000 -0.050000 0.000000
vt -0.025000 -0.050000 0.000000
vt 0.025000 0.050000 0.000000
vt -0.025000 0.050000 0.000000
vt 0.025000 -0.050000 0.000000
vt -0.025000 -0.050000 0.000000
vn -0.000000 -1.000000 -0.000000
vn -0.000000 -1.000000 -0.000000
vn -0.000000 -1.000000 -0.000000
vn -0.000000 -1.000000 -0.000000
vn 1.000000 0.000000 0.000000
vn 1.000000 0.000000 0.000000
vn 1.000000 0.000000 0.000000
vn 1.000000 0.000000 0.000000
vn -0.000000 1.000000 0.000000
vn -0.000000 1.000000 0.000000
vn -0.000000 1.000000 0.000000
vn -0.000000 1.000000 0.000000
vn -1.000000 -0.000000 -0.000000
vn -1.000000 -0.000000 -0.000000
vn -1.000000 -0.000000 -0.000000
vn -1.000000 -0.000000 -0.000000
vn 0.000000 0.000000 -1.000000
vn 0.000000 0.000000 -1.000000
vn 0.000000 0.000000 -1.000000
vn 0.000000 0.000000 -1.000000
vn -0.000000 -0.000000 1.000000
vn -0.000000 -0.000000 1.000000
vn -0.000000 -0.000000 1.000000
vn -0.000000 -0.000000 1.000000
f 1183/3688/3683 1184/3689/3684 1186/3690/3685
f 1186/3690/3685 1184/3689/3684 1185/3691/3686
f 1187/3692/3687 1183/3693/3688 1188/3694/3689
f 1188/3694/3689 1183/3693/3688 1186/3695/3690
f 1189/3696/3691 1187/3697/3692 1190/3698/3693
f 1190/3698/3693 1187/3697/3692 1188/3699/3694
f 1184/3700/3695 1189/3701/3696 1185/3702/3697
f 1185/3702/3697 1189/3701/3696 1190/3703/3698
f 1190/3704/3699 1188/3705/3700 1185/3706/3701
f 1185/3706/3701 1188/3705/3700 1186/3707/3702
f 1184/3708/3703 1183/3709/3704 1189/3710/3705
f 1189/3710/3705 1183/3709/3704 1187/3711/3706
g Body65

v 0.298000 -0.405500 0.000000
v 0.248000 -0.405500 0.000000
v 0.248000 -0.405500 -0.020000
v 0.298000 -0.405500 -0.020000
v 0.298000 -0.305500 0.000000
v 0.298000 -0.305500 -0.020000
v 0.248000 -0.305500 0.000000
v 0.248000 -0.305500 -0.020000
vt 0.000000 0.000000 0.000000
vt 0.050000 0.000000 0.000000
vt 0.000000 0.020000 0.000000
vt 0.050000 0.020000 0.000000
vt 0.000000 0.000000 0.000000
vt 0.100000 0.000000 0.000000
vt 0.000000 0.020000 0.000000
vt 0.100000 0.020000 0.000000
vt 0.000000 0.000000 0.000000
vt 0.050000 0.000000 0.000000
vt 0.000000 0.020000 0.000000
vt 0.050000 0.020000 0.000000
vt 0.000000 0.000000 0.000000
vt 0.100000 0.000000 0.000000
vt 0.000000 0.020000 0.000000
vt 0.100000 0.020000 0.000000
vt 0.025000 0.050000 0.000000
vt -0.025000 0.050000 0.000000
vt 0.025000 -0.050000 0.000000
vt -0.025000 -0.050000 0.000000
vt 0.025000 0.050000 0.000000
vt -0.025000 0.050000 0.000000
vt 0.025000 -0.050000 0.000000
vt -0.025000 -0.050000 0.000000
vn -0.000000 -1.000000 -0.000000
vn -0.000000 -1.000000 -0.000000
vn -0.000000 -1.000000 -0.000000
vn -0.000000 -1.000000 -0.000000
vn 1.000000 0.000000 0.000000
vn 1.000000 0.000000 0.000000
vn 1.000000 0.000000 0.000000
vn 1.000000 0.000000 0.000000
vn -0.000000 1.000000 0.000000
vn -0.000000 1.000000 0.000000
vn -0.000000 1.000000 0.000000
vn -0.000000 1.000000 0.000000
vn -1.000000 0.000000 0.000000
vn -1.000000 0.000000 0.000000
vn -1.000000 0.000000 0.000000
vn -1.000000 0.000000 0.000000
vn 0.000000 0.000000 -1.000000
vn 0.000000 0.000000 -1.000000
vn 0.000000 0.000000 -1.000000
vn 0.000000 0.000000 -1.000000
vn -0.000000 -0.000000 1.000000
vn -0.000000 -0.000000 1.000000
vn -0.000000 -0.000000 1.000000
vn -0.000000 -0.000000 1.000000
f 1191/3712/3707 1192/3713/3708 1194/3714/3709
f 1194/3714/3709 1192/3713/3708 1193/3715/3710
f 1195/3716/3711 1191/3717/3712 1196/3718/3713
f 1196/3718/3713 1191/3717/3712 1194/3719/3714
f 1197/3720/3715 1195/3721/3716 1198/3722/3717
f 1198/3722/3717 1195/3721/3716 1196/3723/3718
f 1192/3724/3719 1197/3725/3720 1193/3726/3721
f 1193/3726/3721 1197/3725/3720 1198/3727/3722
f 1198/3728/3723 1196/3729/3724 1193/3730/3725
f 1193/3730/3725 1196/3729/3724 1194/3731/3726
f 1192/3732/3727 1191/3733/3728 1197/3734/3729
f 1197/3734/3729 1191/3733/3728 1195/3735/3730
g Body66

v 0.473000 0.019500 0.000000
v 0.473000 -0.030500 0.000000
v 0.473000 -0.030500 -0.020000
v 0.473000 0.019500 -0.020000
v 0.373000 0.019500 0.000000
v 0.373000 0.019500 -0.020000
v 0.373000 -0.030500 0.000000
v 0.373000 -0.030500 -0.020000
vt 0.000000 0.000000 0.000000
vt 0.050000 0.000000 0.000000
vt 0.000000 0.020000 0.000000
vt 0.050000 0.020000 0.000000
vt 0.000000 0.000000 0.000000
vt 0.100000 0.000000 0.000000
vt 0.000000 0.020000 0.000000
vt 0.100000 0.020000 0.000000
vt 0.000000 0.000000 0.000000
vt 0.050000 0.000000 0.000000
vt 0.000000 0.020000 0.000000
vt 0.050000 0.020000 0.000000
vt 0.000000 0.000000 0.000000
vt 0.100000 0.000000 0.000000
vt 0.000000 0.020000 0.000000
vt 0.100000 0.020000 0.000000
vt -0.050000 -0.025000 0.000000
vt 0.050000 -0.025000 0.000000
vt -0.050000 0.025000 0.000000
vt 0.050000 0.025000 0.000000
vt 0.050000 0.025000 0.000000
vt -0.050000 0.025000 0.000000
vt 0.050000 -0.025000 0.000000
vt -0.050000 -0.025000 0.000000
vn 1.000000 0.000000 0.000000
vn 1.000000 0.000000 0.000000
vn 1.000000 0.000000 0.000000
vn 1.000000 0.000000 0.000000
vn -0.000000 1.000000 0.000000
vn -0.000000 1.000000 0.000000
vn -0.000000 1.000000 0.000000
vn -0.000000 1.000000 0.000000
vn -1.000000 0.000000 0.000000
vn -1.000000 0.000000 0.000000
vn -1.000000 0.000000 0.000000
vn -1.000000 0.000000 0.000000
vn -0.000000 -1.000000 -0.000000
vn -0.000000 -1.000000 -0.000000
vn -0.000000 -1.000000 -0.000000
vn -0.000000 -1.000000 -0.000000
vn 0.000000 0.000000 -1.000000
vn 0.000000 0.000000 -1.000000
vn 0.000000 0.000000 -1.000000
vn 0.000000 0.000000 -1.000000
vn -0.000000 -0.000000 1.000000
vn -0.000000 -0.000000 1.000000
vn -0.000000 -0.000000 1.000000
vn -0.000000 -0.000000 1.000000
f 1199/3736/3731 1200/3737/3732 1202/3738/3733
f 1202/3738/3733 1200/3737/3732 1201/3739/3734
f 1203/3740/3735 1199/3741/3736 1204/3742/3737
f 1204/3742/3737 1199/3741/3736 1202/3743/3738
f 1205/3744/3739 1203/3745/3740 1206/3746/3741
f 1206/3746/3741 1203/3745/3740 1204/3747/3742
f 1200/3748/3743 1205/3749/3744 1201/3750/3745
f 1201/3750/3745 1205/3749/3744 1206/3751/3746
f 1201/3752/3747 1206/3753/3748 1202/3754/3749
f 1202/3754/3749 1206/3753/3748 1204/3755/3750
f 1205/3756/3751 1200/3757/3752 1203/3758/3753
f 1203/3758/3753 1200/3757/3752 1199/3759/3754
g Body67

v 0.473000 0.152833 0.000000
v 0.473000 0.102833 0.000000
v 0.473000 0.102833 -0.020000
v 0.473000 0.152833 -0.020000
v 0.373000 0.152833 0.000000
v 0.373000 0.152833 -0.020000
v 0.373000 0.102833 0.000000
v 0.373000 0.102833 -0.020000
vt 0.000000 0.000000 0.000000
vt 0.050000 0.000000 0.000000
vt 0.000000 0.020000 0.000000
vt 0.050000 0.020000 0.000000
vt 0.000000 0.000000 0.000000
vt 0.100000 0.000000 0.000000
vt 0.000000 0.020000 0.000000
vt 0.100000 0.020000 0.000000
vt 0.000000 0.000000 0.000000
vt 0.050000 0.000000 0.000000
vt 0.000000 0.020000 0.000000
vt 0.050000 0.020000 0.000000
vt 0.000000 0.000000 0.000000
vt 0.100000 0.000000 0.000000
vt 0.000000 0.020000 0.000000
vt 0.100000 0.020000 0.000000
vt -0.050000 -0.025000 0.000000
vt 0.050000 -0.025000 0.000000
vt -0.050000 0.025000 0.000000
vt 0.050000 0.025000 0.000000
vt 0.050000 0.025000 0.000000
vt -0.050000 0.025000 0.000000
vt 0.050000 -0.025000 0.000000
vt -0.050000 -0.025000 0.000000
vn 1.000000 0.000000 0.000000
vn 1.000000 0.000000 0.000000
vn 1.000000 0.000000 0.000000
vn 1.000000 0.000000 0.000000
vn -0.000000 1.000000 0.000000
vn -0.000000 1.000000 0.000000
vn -0.000000 1.000000 0.000000
vn -0.000000 1.000000 0.000000
vn -1.000000 0.000000 0.000000
vn -1.000000 0.000000 0.000000
vn -1.000000 0.000000 0.000000
vn -1.000000 0.000000 0.000000
vn -0.000000 -1.000000 -0.000000
vn -0.000000 -1.000000 -0.000000
vn -0.000000 -1.000000 -0.000000
vn -0.000000 -1.000000 -0.000000
vn 0.000000 0.000000 -1.000000
vn 0.000000 0.000000 -1.000000
vn 0.000000 0.000000 -1.000000
vn 0.000000 0.000000 -1.000000
vn -0.000000 -0.000000 1.000000
vn -0.000000 -0.000000 1.000000
vn -0.000000 -0.000000 1.000000
vn -0.000000 -0.000000 1.000000
f 1207/3760/3755 1208/3761/3756 1210/3762/3757
f 1210/3762/3757 1208/3761/3756 1209/3763/3758
f 1211/3764/3759 1207/3765/3760 1212/3766/3761
f 1212/3766/3761 1207/3765/3760 1210/3767/3762
f 1213/3768/3763 1211/3769/3764 1214/3770/3765
f 1214/3770/3765 1211/3769/3764 1212/3771/3766
f 1208/3772/3767 1213/3773/3768 1209/3774/3769
f 1209/3774/3769 1213/3773/3768 1214/3775/3770
f 1209/3776/3771 1214/3777/3772 1210/3778/3773
f 1210/3778/3773 1214/3777/3772 1212/3779/3774
f 1213/3780/3775 1208/3781/3776 1211/3782/3777
f 1211/3782/3777 1208/3781/3776 1207/3783/3778
g Body68

v 0.473000 -0.113833 0.000000
v 0.473000 -0.163833 0.000000
v 0.473000 -0.163833 -0.020000
v 0.473000 -0.113833 -0.020000
v 0.373000 -0.113833 0.000000
v 0.373000 -0.113833 -0.020000
v 0.373000 -0.163833 0.000000
v 0.373000 -0.163833 -0.020000
vt 0.000000 0.000000 0.000000
vt 0.050000 0.000000 0.000000
vt 0.000000 0.020000 0.000000
vt 0.050000 0.020000 0.000000
vt 0.000000 0.000000 0.000000
vt 0.100000 0.000000 0.000000
vt 0.000000 0.020000 0.000000
vt 0.100000 0.020000 0.000000
vt 0.000000 0.000000 0.000000
vt 0.050000 0.000000 0.000000
vt 0.000000 0.020000 0.000000
vt 0.050000 0.020000 0.000000
vt 0.000000 0.000000 0.000000
vt 0.100000 0.000000 0.000000
vt 0.000000 0.020000 0.000000
vt 0.100000 0.020000 0.000000
vt -0.050000 -0.025000 0.000000
vt 0.050000 -0.025000 0.000000
vt -0.050000 0.025000 0.000000
vt 0.050000 0.025000 0.000000
vt 0.050000 0.025000 0.000000
vt -0.050000 0.025000 0.000000
vt 0.050000 -0.025000 0.000000
vt -0.050000 -0.025000 0.000000
vn 1.000000 0.000000 0.000000
vn 1.000000 0.000000 0.000000
vn 1.000000 0.000000 0.000000
vn 1.000000 0.000000 0.000000
vn -0.000000 1.000000 0.000000
vn -0.000000 1.000000 0.000000
vn -0.000000 1.000000 0.000000
vn -0.000000 1.000000 0.000000
vn -1.000000 0.000000 0.000000
vn -1.000000 0.000000 0.000000
vn -1.000000 0.000000 0.000000
vn -1.000000 0.000000 0.000000
vn -0.000000 -1.000000 -0.000000
vn -0.000000 -1.000000 -0.000000
vn -0.000000 -1.000000 -0.000000
vn -0.000000 -1.000000 -0.000000
vn 0.000000 0.000000 -1.000000
vn 0.000000 0.000000 -1.000000
vn 0.000000 0.000000 -1.000000
vn 0.000000 0.000000 -1.000000
vn -0.000000 -0.000000 1.000000
vn -0.000000 -0.000000 1.000000
vn -0.000000 -0.000000 1.000000
vn -0.000000 -0.000000 1.000000
f 1215/3784/3779 1216/3785/3780 1218/3786/3781
f 1218/3786/3781 1216/3785/3780 1217/3787/3782
f 1219/3788/3783 1215/3789/3784 1220/3790/3785
f 1220/3790/3785 1215/3789/3784 1218/3791/3786
f 1221/3792/3787 1219/3793/3788 1222/3794/3789
f 1222/3794/3789 1219/3793/3788 1220/3795/3790
f 1216/3796/3791 1221/3797/3792 1217/3798/3793
f 1217/3798/3793 1221/3797/3792 1222/3799/3794
f 1217/3800/3795 1222/3801/3796 1218/3802/3797
f 1218/3802/3797 1222/3801/3796 1220/3803/3798
f 1221/3804/3799 1216/3805/3800 1219/3806/3801
f 1219/3806/3801 1216/3805/3800 1215/3807/3802
g Body69

v 0.164667 -0.405500 0.000000
v 0.114667 -0.405500 0.000000
v 0.114667 -0.405500 -0.020000
v 0.164667 -0.405500 -0.020000
v 0.164667 -0.305500 0.000000
v 0.164667 -0.305500 -0.020000
v 0.114667 -0.305500 0.000000
v 0.114667 -0.305500 -0.020000
vt 0.000000 0.000000 0.000000
vt 0.050000 0.000000 0.000000
vt 0.000000 0.020000 0.000000
vt 0.050000 0.020000 0.000000
vt 0.000000 0.000000 0.000000
vt 0.100000 0.000000 0.000000
vt 0.000000 0.020000 0.000000
vt 0.100000 0.020000 0.000000
vt 0.000000 0.000000 0.000000
vt 0.050000 0.000000 0.000000
vt 0.000000 0.020000 0.000000
vt 0.050000 0.020000 0.000000
vt 0.000000 0.000000 0.000000
vt 0.100000 0.000000 0.000000
vt 0.000000 0.020000 0.000000
vt 0.100000 0.020000 0.000000
vt 0.025000 0.050000 0.000000
vt -0.025000 0.050000 0.000000
vt 0.025000 -0.050000 0.000000
vt -0.025000 -0.050000 0.000000
vt 0.025000 0.050000 0.000000
vt -0.025000 0.050000 0.000000
vt 0.025000 -0.050000 0.000000
vt -0.025000 -0.050000 0.000000
vn -0.000000 -1.000000 -0.000000
vn -0.000000 -1.000000 -0.000000
vn -0.000000 -1.000000 -0.000000
vn -0.000000 -1.000000 -0.000000
vn 1.000000 0.000000 0.000000
vn 1.000000 0.000000 0.000000
vn 1.000000 0.000000 0.000000
vn 1.000000 0.000000 0.000000
vn -0.000000 1.000000 0.000000
vn -0.000000 1.000000 0.000000
vn -0.000000 1.000000 0.000000
vn -0.000000 1.000000 0.000000
vn -1.000000 0.000000 0.000000
vn -1.000000 0.000000 0.000000
vn -1.000000 0.000000 0.000000
vn -1.000000 0.000000 0.000000
vn 0.000000 0.000000 -1.000000
vn 0.000000 0.000000 -1.000000
vn 0.000000 0.000000 -1.000000
vn 0.000000 0.000000 -1.000000
vn -0.000000 -0.000000 1.000000
vn -0.000000 -0.000000 1.000000
vn -0.000000 -0.000000 1.000000
vn -0.000000 -0.000000 1.000000
f 1223/3808/3803 1224/3809/3804 1226/3810/3805
f 1226/3810/3805 1224/3809/3804 1225/3811/3806
f 1227/3812/3807 1223/3813/3808 1228/3814/3809
f 1228/3814/3809 1223/3813/3808 1226/3815/3810
f 1229/3816/3811 1227/3817/3812 1230/3818/3813
f 1230/3818/3813 1227/3817/3812 1228/3819/3814
f 1224/3820/3815 1229/3821/3816 1225/3822/3817
f 1225/3822/3817 1229/3821/3816 1230/3823/3818
f 1230/3824/3819 1228/3825/3820 1225/3826/3821
f 1225/3826/3821 1228/3825/3820 1226/3827/3822
f 1224/3828/3823 1223/3829/3824 1229/3830/3825
f 1229/3830/3825 1223/3829/3824 1227/3831/3826
g Body70

v -0.102000 -0.405500 0.000000
v -0.152000 -0.405500 0.000000
v -0.152000 -0.405500 -0.020000
v -0.102000 -0.405500 -0.020000
v -0.102000 -0.305500 0.000000
v -0.102000 -0.305500 -0.020000
v -0.152000 -0.305500 0.000000
v -0.152000 -0.305500 -0.020000
vt 0.000000 0.000000 0.000000
vt 0.050000 0.000000 0.000000
vt 0.000000 0.020000 0.000000
vt 0.050000 0.020000 0.000000
vt 0.000000 0.000000 0.000000
vt 0.100000 0.000000 0.000000
vt 0.000000 0.020000 0.000000
vt 0.100000 0.020000 0.000000
vt 0.000000 0.000000 0.000000
vt 0.050000 0.000000 0.000000
vt 0.000000 0.020000 0.000000
vt 0.050000 0.020000 0.000000
vt 0.000000 0.000000 0.000000
vt 0.100000 0.000000 0.000000
vt 0.000000 0.020000 0.000000
vt 0.100000 0.020000 0.000000
vt 0.025000 0.050000 0.000000
vt -0.025000 0.050000 0.000000
vt 0.025000 -0.050000 0.000000
vt -0.025000 -0.050000 0.000000
vt 0.025000 0.050000 0.000000
vt -0.025000 0.050000 0.000000
vt 0.025000 -0.050000 0.000000
vt -0.025000 -0.050000 0.000000
vn -0.000000 -1.000000 -0.000000
vn -0.000000 -1.000000 -0.000000
vn -0.000000 -1.000000 -0.000000
vn -0.000000 -1.000000 -0.000000
vn 1.000000 0.000000 0.000000
vn 1.000000 0.000000 0.000000
vn 1.000000 0.000000 0.000000
vn 1.000000 0.000000 0.000000
vn -0.000000 1.000000 0.000000
vn -0.000000 1.000000 0.000000
vn -0.000000 1.000000 0.000000
vn -0.000000 1.000000 0.000000
vn -1.000000 -0.000000 -0.000000
vn -1.000000 -0.000000 -0.000000
vn -1.000000 -0.000000 -0.000000
vn -1.000000 -0.000000 -0.000000
vn 0.000000 0.000000 -1.000000
vn 0.000000 0.000000 -1.000000
vn 0.000000 0.000000 -1.000000
vn 0.000000 0.000000 -1.000000
vn -0.000000 -0.000000 1.000000
vn -0.000000 -0.000000 1.000000
vn -0.000000 -0.000000 1.000000
vn -0.000000 -0.000000 1.000000
f 1231/3832/3827 1232/3833/3828 1234/3834/3829
f 1234/3834/3829 1232/3833/3828 1233/3835/3830
f 1235/3836/3831 1231/3837/3832 1236/3838/3833
f 1236/3838/3833 1231/3837/3832 1234/3839/3834
f 1237/3840/3835 1235/3841/3836 1238/3842/3837
f 1238/3842/3837 1235/3841/3836 1236/3843/3838
f 1232/3844/3839 1237/3845/3840 1233/3846/3841
f 1233/3846/3841 1237/3845/3840 1238/3847/3842
f 1238/3848/3843 1236/3849/3844 1233/3850/3845
f 1233/3850/3845 1236/3849/3844 1234/3851/3846
f 1232/3852/3847 1231/3853/3848 1237/3854/3849
f 1237/3854/3849 1231/3853/3848 1235/3855/3850
g Body71

v -0.327000 0.019500 0.000000
v -0.227000 0.019500 0.000000
v -0.227000 0.019500 -0.020000
v -0.327000 0.019500 -0.020000
v -0.327000 -0.030500 0.000000
v -0.327000 -0.030500 -0.020000
v -0.227000 -0.030500 0.000000
v -0.227000 -0.030500 -0.020000
vt 0.000000 0.000000 0.000000
vt 0.100000 0.000000 0.000000
vt 0.000000 0.020000 0.000000
vt 0.100000 0.020000 0.000000
vt 0.000000 0.000000 0.000000
vt 0.050000 0.000000 0.000000
vt 0.000000 0.020000 0.000000
vt 0.050000 0.020000 0.000000
vt 0.000000 0.000000 0.000000
vt 0.100000 0.000000 0.000000
vt 0.000000 0.020000 0.000000
vt 0.100000 0.020000 0.000000
vt 0.000000 0.000000 0.000000
vt 0.050000 0.000000 0.000000
vt 0.000000 0.020000 0.000000
vt 0.050000 0.020000 0.000000
vt -0.050000 -0.025000 0.000000
vt 0.050000 -0.025000 0.000000
vt -0.050000 0.025000 0.000000
vt 0.050000 0.025000 0.000000
vt -0.050000 -0.025000 0.000000
vt 0.050000 -0.025000 0.000000
vt -0.050000 0.025000 0.000000
vt 0.050000 0.025000 0.000000
vn 0.000000 1.000000 0.000000
vn 0.000000 1.000000 0.000000
vn 0.000000 1.000000 0.000000
vn 0.000000 1.000000 0.000000
vn -1.000000 -0.000000 -0.000000
vn -1.000000 -0.000000 -0.000000
vn -1.000000 -0.000000 -0.000000
vn -1.000000 -0.000000 -0.000000
vn 0.000000 -1.000000 0.000000
vn 0.000000 -1.000000 0.000000
vn 0.000000 -1.000000 0.000000
vn 0.000000 -1.000000 0.000000
vn 1.000000 0.000000 0.000000
vn 1.000000 0.000000 0.000000
vn 1.000000 0.000000 0.000000
vn 1.000000 0.000000 0.000000
vn 0.000000 0.000000 -1.000000
vn 0.000000 0.000000 -1.000000
vn 0.000000 0.000000 -1.000000
vn 0.000000 0.000000 -1.000000
vn -0.000000 -0.000000 1.000000
vn -0.000000 -0.000000 1.000000
vn -0.000000 -0.000000 1.000000
vn -0.000000 -0.000000 1.000000
f 1239/3856/3851 1240/3857/3852 1242/3858/3853
f 1242/3858/3853 1240/3857/3852 1241/3859/3854
f 1243/3860/3855 1239/3861/3856 1244/3862/3857
f 1244/3862/3857 1239/3861/3856 1242/3863/3858
f 1245/3864/3859 1243/3865/3860 1246/3866/3861
f 1246/3866/3861 1243/3865/3860 1244/3867/3862
f 1240/3868/3863 1245/3869/3864 1241/3870/3865
f 1241/3870/3865 1245/3869/3864 1246/3871/3866
f 1246/3872/3867 1244/3873/3868 1241/3874/3869
f 1241/3874/3869 1244/3873/3868 1242/3875/3870
f 1240/3876/3871 1239/3877/3872 1245/3878/3873
f 1245/3878/3873 1239/3877/3872 1243/3879/3874
g Body72

v -0.327000 0.219500 0.000000
v -0.227000 0.219500 0.000000
v -0.227000 0.219500 -0.020000
v -0.327000 0.219500 -0.020000
v -0.327000 0.169500 0.000000
v -0.327000 0.169500 -0.020000
v -0.227000 0.169500 0.000000
v -0.227000 0.169500 -0.020000
vt 0.000000 0.000000 0.000000
vt 0.100000 0.000000 0.000000
vt 0.000000 0.020000 0.000000
vt 0.100000 0.020000 0.000000
vt 0.000000 0.000000 0.000000
vt 0.050000 0.000000 0.000000
vt 0.000000 0.020000 0.000000
vt 0.050000 0.020000 0.000000
vt -0.000000 0.000000 0.000000
vt 0.100000 0.000000 0.000000
vt 0.000000 0.020000 0.000000
vt 0.100000 0.020000 0.000000
vt 0.000000 0.000000 0.000000
vt 0.050000 0.000000 0.000000
vt 0.000000 0.020000 0.000000
vt 0.050000 0.020000 0.000000
vt -0.050000 -0.025000 0.000000
vt 0.050000 -0.025000 0.000000
vt -0.050000 0.025000 0.000000
vt 0.050000 0.025000 0.000000
vt -0.050000 -0.025000 0.000000
vt 0.050000 -0.025000 0.000000
vt -0.050000 0.025000 0.000000
vt 0.050000 0.025000 0.000000
vn 0.000000 1.000000 0.000000
vn 0.000000 1.000000 0.000000
vn 0.000000 1.000000 0.000000
vn 0.000000 1.000000 0.000000
vn -1.000000 -0.000000 -0.000000
vn -1.000000 -0.000000 -0.000000
vn -1.000000 -0.000000 -0.000000
vn -1.000000 -0.000000 -0.000000
vn 0.000000 -1.000000 0.000000
vn 0.000000 -1.000000 0.000000
vn 0.000000 -1.000000 0.000000
vn 0.000000 -1.000000 0.000000
vn 1.000000 0.000000 0.000000
vn 1.000000 0.000000 0.000000
vn 1.000000 0.000000 0.000000
vn 1.000000 0.000000 0.000000
vn 0.000000 0.000000 -1.000000
vn 0.000000 0.000000 -1.000000
vn 0.000000 0.000000 -1.000000
vn 0.000000 0.000000 -1.000000
vn -0.000000 -0.000000 1.000000
vn -0.000000 -0.000000 1.000000
vn -0.000000 -0.000000 1.000000
vn -0.000000 -0.000000 1.000000
f 1247/3880/3875 1248/3881/3876 1250/3882/3877
f 1250/3882/3877 1248/3881/3876 1249/3883/3878
f 1251/3884/3879 1247/3885/3880 1252/3886/3881
f 1252/3886/3881 1247/3885/3880 1250/3887/3882
f 1253/3888/3883 1251/3889/3884 1254/3890/3885
f 1254/3890/3885 1251/3889/3884 1252/3891/3886
f 1248/3892/3887 1253/3893/3888 1249/3894/3889
f 1249/3894/3889 1253/3893/3888 1254/3895/3890
f 1254/3896/3891 1252/3897/3892 1249/3898/3893
f 1249/3898/3893 1252/3897/3892 1250/3899/3894
f 1248/3900/3895 1247/3901/3896 1253/3902/3897
f 1253/3902/3897 1247/3901/3896 1251/3903/3898
g Body73

v -0.327000 -0.047167 0.000000
v -0.227000 -0.047167 0.000000
v -0.227000 -0.047167 -0.020000
v -0.327000 -0.047167 -0.020000
v -0.327000 -0.097167 0.000000
v -0.327000 -0.097167 -0.020000
v -0.227000 -0.097167 0.000000
v -0.227000 -0.097167 -0.020000
vt 0.000000 0.000000 0.000000
vt 0.100000 0.000000 0.000000
vt 0.000000 0.020000 0.000000
vt 0.100000 0.020000 0.000000
vt 0.000000 0.000000 0.000000
vt 0.050000 0.000000 0.000000
vt 0.000000 0.020000 0.000000
vt 0.050000 0.020000 0.000000
vt -0.000000 0.000000 0.000000
vt 0.100000 0.000000 0.000000
vt 0.000000 0.020000 0.000000
vt 0.100000 0.020000 0.000000
vt 0.000000 0.000000 0.000000
vt 0.050000 0.000000 0.000000
vt 0.000000 0.020000 0.000000
vt 0.050000 0.020000 0.000000
vt -0.050000 -0.025000 0.000000
vt 0.050000 -0.025000 0.000000
vt -0.050000 0.025000 0.000000
vt 0.050000 0.025000 0.000000
vt -0.050000 -0.025000 0.000000
vt 0.050000 -0.025000 0.000000
vt -0.050000 0.025000 0.000000
vt 0.050000 0.025000 0.000000
vn 0.000000 1.000000 0.000000
vn 0.000000 1.000000 0.000000
vn 0.000000 1.000000 0.000000
vn 0.000000 1.000000 0.000000
vn -1.000000 -0.000000 -0.000000
vn -1.000000 -0.000000 -0.000000
vn -1.000000 -0.000000 -0.000000
vn -1.000000 -0.000000 -0.000000
vn 0.000000 -1.000000 0.000000
vn 0.000000 -1.000000 0.000000
vn 0.000000 -1.000000 0.000000
vn 0.000000 -1.000000 0.000000
vn 1.000000 0.000000 0.000000
vn 1.000000 0.000000 0.000000
vn 1.000000 0.000000 0.000000
vn 1.000000 0.000000 0.000000
vn 0.000000 0.000000 -1.000000
vn 0.000000 0.000000 -1.000000
vn 0.000000 0.000000 -1.000000
vn 0.000000 0.000000 -1.000000
vn -0.000000 -0.000000 1.000000
vn -0.000000 -0.000000 1.000000
vn -0.000000 -0.000000 1.000000
vn -0.000000 -0.000000 1.000000
f 1255/3904/3899 1256/3905/3900 1258/3906/3901
f 1258/3906/3901 1256/3905/3900 1257/3907/3902
f 1259/3908/3903 1255/3909/3904 1260/3910/3905
f 1260/3910/3905 1255/3909/3904 1258/3911/3906
f 1261/3912/3907 1259/3913/3908 1262/3914/3909
f 1262/3914/3909 1259/3913/3908 1260/3915/3910
f 1256/3916/3911 1261/3917/3912 1257/3918/3913
f 1257/3918/3913 1261/3917/3912 1262/3919/3914
f 1262/3920/3915 1260/3921/3916 1257/3922/3917
f 1257/3922/3917 1260/3921/3916 1258/3923/3918
f 1256/3924/3919 1255/3925/3920 1261/3926/3921
f 1261/3926/3921 1255/3925/3920 1259/3927/3922
g Body74

v -0.035333 -0.405500 0.000000
v -0.085333 -0.405500 0.000000
v -0.085333 -0.405500 -0.020000
v -0.035333 -0.405500 -0.020000
v -0.035333 -0.305500 0.000000
v -0.035333 -0.305500 -0.020000
v -0.085333 -0.305500 0.000000
v -0.085333 -0.305500 -0.020000
vt 0.000000 0.000000 0.000000
vt 0.050000 0.000000 0.000000
vt 0.000000 0.020000 0.000000
vt 0.050000 0.020000 0.000000
vt 0.000000 0.000000 0.000000
vt 0.100000 0.000000 0.000000
vt 0.000000 0.020000 0.000000
vt 0.100000 0.020000 0.000000
vt 0.000000 0.000000 0.000000
vt 0.050000 0.000000 0.000000
vt 0.000000 0.020000 0.000000
vt 0.050000 0.020000 0.000000
vt 0.000000 0.000000 0.000000
vt 0.100000 0.000000 0.000000
vt 0.000000 0.020000 0.000000
vt 0.100000 0.020000 0.000000
vt 0.025000 0.050000 0.000000
vt -0.025000 0.050000 0.000000
vt 0.025000 -0.050000 0.000000
vt -0.025000 -0.050000 0.000000
vt 0.025000 0.050000 0.000000
vt -0.025000 0.050000 0.000000
vt 0.025000 -0.050000 0.000000
vt -0.025000 -0.050000 0.000000
vn -0.000000 -1.000000 -0.000000
vn -0.000000 -1.000000 -0.000000
vn -0.000000 -1.000000 -0.000000
vn -0.000000 -1.000000 -0.000000
vn 1.000000 0.000000 0.000000
vn 1.000000 0.000000 0.000000
vn 1.000000 0.000000 0.000000
vn 1.000000 0.000000 0.000000
vn -0.000000 1.000000 0.000000
vn -0.000000 1.000000 0.000000
vn -0.000000 1.000000 0.000000
vn -0.000000 1.000000 0.000000
vn -1.000000 -0.000000 -0.000000
vn -1.000000 -0.000000 -0.000000
vn -1.000000 -0.000000 -0.000000
vn -1.000000 -0.000000 -0.000000
vn 0.000000 0.000000 -1.000000
vn 0.000000 0.000000 -1.000000
vn 0.000000 0.000000 -1.000000
vn 0.000000 0.000000 -1.000000
vn -0.000000 -0.000000 1.000000
vn -0.000000 -0.000000 1.000000
vn -0.000000 -0.000000 1.000000
vn -0.000000 -0.000000 1.000000
f 1263/3928/3923 1264/3929/3924 1266/3930/3925
f 1266/3930/3925 1264/3929/3924 1265/3931/3926
f 1267/3932/3927 1263/3933/3928 1268/3934/3929
f 1268/3934/3929 1263/3933/3928 1266/3935/3930
f 1269/3936/3931 1267/3937/3932 1270/3938/3933
f 1270/3938/3933 1267/3937/3932 1268/3939/3934
f 1264/3940/3935 1269/3941/3936 1265/3942/3937
f 1265/3942/3937 1269/3941/3936 1270/3943/3938
f 1270/3944/3939 1268/3945/3940 1265/3946/3941
f 1265/3946/3941 1268/3945/3940 1266/3947/3942
f 1264/3948/3943 1263/3949/3944 1269/3950/3945
f 1269/3950/3945 1263/3949/3944 1267/3951/3946
g Body75

v 0.231333 -0.405500 0.000000
v 0.181333 -0.405500 0.000000
v 0.181333 -0.405500 -0.020000
v 0.231333 -0.405500 -0.020000
v 0.231333 -0.305500 0.000000
v 0.231333 -0.305500 -0.020000
v 0.181333 -0.305500 0.000000
v 0.181333 -0.305500 -0.020000
vt 0.000000 0.000000 0.000000
vt 0.050000 0.000000 0.000000
vt -0.000000 0.020000 0.000000
vt 0.050000 0.020000 0.000000
vt 0.000000 -0.000000 0.000000
vt 0.100000 0.000000 0.000000
vt 0.000000 0.020000 0.000000
vt 0.100000 0.020000 0.000000
vt 0.000000 0.000000 0.000000
vt 0.050000 0.000000 0.000000
vt 0.000000 0.020000 0.000000
vt 0.050000 0.020000 0.000000
vt 0.000000 0.000000 0.000000
vt 0.100000 0.000000 0.000000
vt 0.000000 0.020000 0.000000
vt 0.100000 0.020000 0.000000
vt 0.025000 0.050000 0.000000
vt -0.025000 0.050000 0.000000
vt 0.025000 -0.050000 0.000000
vt -0.025000 -0.050000 0.000000
vt 0.025000 0.050000 0.000000
vt -0.025000 0.050000 0.000000
vt 0.025000 -0.050000 0.000000
vt -0.025000 -0.050000 0.000000
vn 0.000000 -1.000000 0.000000
vn 0.000000 -1.000000 0.000000
vn 0.000000 -1.000000 0.000000
vn 0.000000 -1.000000 0.000000
vn 1.000000 -0.000000 0.000000
vn 1.000000 -0.000000 0.000000
vn 1.000000 -0.000000 0.000000
vn 1.000000 -0.000000 0.000000
vn -0.000000 1.000000 0.000000
vn -0.000000 1.000000 0.000000
vn -0.000000 1.000000 0.000000
vn -0.000000 1.000000 0.000000
vn -1.000000 0.000000 0.000000
vn -1.000000 0.000000 0.000000
vn -1.000000 0.000000 0.000000
vn -1.000000 0.000000 0.000000
vn 0.000000 0.000000 -1.000000
vn 0.000000 0.000000 -1.000000
vn 0.000000 0.000000 -1.000000
vn 0.000000 0.000000 -1.000000
vn -0.000000 -0.000000 1.000000
vn -0.000000 -0.000000 1.000000
vn -0.000000 -0.000000 1.000000
vn -0.000000 -0.000000 1.000000
f 1271/3952/3947 1272/3953/3948 1274/3954/3949
f 1274/3954/3949 1272/3953/3948 1273/3955/3950
f 1275/3956/3951 1271/3957/3952 1276/3958/3953
f 1276/3958/3953 1271/3957/3952 1274/3959/3954
f 1277/3960/3955 1275/3961/3956 1278/3962/3957
f 1278/3962/3957 1275/3961/3956 1276/3963/3958
f 1272/3964/3959 1277/3965/3960 1273/3966/3961
f 1273/3966/3961 1277/3965/3960 1278/3967/3962
f 1278/3968/3963 1276/3969/3964 1273/3970/3965
f 1273/3970/3965 1276/3969/3964 1274/3971/3966
f 1272/3972/3967 1271/3973/3968 1277/3974/3969
f 1277/3974/3969 1271/3973/3968 1275/3975/3970
g Body76

v 0.473000 -0.047167 0.000000
v 0.473000 -0.097167 0.000000
v 0.473000 -0.097167 -0.020000
v 0.473000 -0.047167 -0.020000
v 0.373000 -0.047167 0.000000
v 0.373000 -0.047167 -0.020000
v 0.373000 -0.097167 0.000000
v 0.373000 -0.097167 -0.020000
vt 0.000000 0.000000 0.000000
vt 0.050000 0.000000 0.000000
vt 0.000000 0.020000 0.000000
vt 0.050000 0.020000 0.000000
vt 0.000000 0.000000 0.000000
vt 0.100000 0.000000 0.000000
vt 0.000000 0.020000 0.000000
vt 0.100000 0.020000 0.000000
vt 0.000000 0.000000 0.000000
vt 0.050000 0.000000 0.000000
vt 0.000000 0.020000 0.000000
vt 0.050000 0.020000 0.000000
vt 0.000000 0.000000 0.000000
vt 0.100000 0.000000 0.000000
vt 0.000000 0.020000 0.000000
vt 0.100000 0.020000 0.000000
vt -0.050000 -0.025000 0.000000
vt 0.050000 -0.025000 0.000000
vt -0.050000 0.025000 0.000000
vt 0.050000 0.025000 0.000000
vt 0.050000 0.025000 0.000000
vt -0.050000 0.025000 0.000000
vt 0.050000 -0.025000 0.000000
vt -0.050000 -0.025000 0.000000
vn 1.000000 0.000000 0.000000
vn 1.000000 0.000000 0.000000
vn 1.000000 0.000000 0.000000
vn 1.000000 0.000000 0.000000
vn -0.000000 1.000000 0.000000
vn -0.000000 1.000000 0.000000
vn -0.000000 1.000000 0.000000
vn -0.000000 1.000000 0.000000
vn -1.000000 0.000000 0.000000
vn -1.000000 0.000000 0.000000
vn -1.000000 0.000000 0.000000
vn -1.000000 0.000000 0.000000
vn -0.000000 -1.000000 -0.000000
vn -0.000000 -1.000000 -0.000000
vn -0.000000 -1.000000 -0.000000
vn -0.000000 -1.000000 -0.000000
vn 0.000000 0.000000 -1.000000
vn 0.000000 0.000000 -1.000000
vn 0.000000 0.000000 -1.000000
vn 0.000000 0.000000 -1.000000
vn -0.000000 -0.000000 1.000000
vn -0.000000 -0.000000 1.000000
vn -0.000000 -0.000000 1.000000
vn -0.000000 -0.000000 1.000000
f 1279/3976/3971 1280/3977/3972 1282/3978/3973
f 1282/3978/3973 1280/3977/3972 1281/3979/3974
f 1283/3980/3975 1279/3981/3976 1284/3982/3977
f 1284/3982/3977 1279/3981/3976 1282/3983/3978
f 1285/3984/3979 1283/3985/3980 1286/3986/3981
f 1286/3986/3981 1283/3985/3980 1284/3987/3982
f 1280/3988/3983 1285/3989/3984 1281/3990/3985
f 1281/3990/3985 1285/3989/3984 1286/3991/3986
f 1281/3992/3987 1286/3993/3988 1282/3994/3989
f 1282/3994/3989 1286/3993/3988 1284/3995/3990
f 1285/3996/3991 1280/3997/3992 1283/3998/3993
f 1283/3998/3993 1280/3997/3992 1279/3999/3994
g Body77

v 0.473000 0.219500 0.000000
v 0.473000 0.169500 0.000000
v 0.473000 0.169500 -0.020000
v 0.473000 0.219500 -0.020000
v 0.373000 0.219500 0.000000
v 0.373000 0.219500 -0.020000
v 0.373000 0.169500 0.000000
v 0.373000 0.169500 -0.020000
vt 0.000000 0.000000 0.000000
vt 0.050000 0.000000 0.000000
vt 0.000000 0.020000 0.000000
vt 0.050000 0.020000 0.000000
vt 0.000000 0.000000 0.000000
vt 0.100000 0.000000 0.000000
vt 0.000000 0.020000 0.000000
vt 0.100000 0.020000 0.000000
vt 0.000000 0.000000 0.000000
vt 0.050000 0.000000 0.000000
vt 0.000000 0.020000 0.000000
vt 0.050000 0.020000 0.000000
vt 0.000000 0.000000 0.000000
vt 0.100000 0.000000 0.000000
vt 0.000000 0.020000 0.000000
vt 0.100000 0.020000 0.000000
vt -0.050000 -0.025000 0.000000
vt 0.050000 -0.025000 0.000000
vt -0.050000 0.025000 0.000000
vt 0.050000 0.025000 0.000000
vt 0.050000 0.025000 0.000000
vt -0.050000 0.025000 0.000000
vt 0.050000 -0.025000 0.000000
vt -0.050000 -0.025000 0.000000
vn 1.000000 0.000000 0.000000
vn 1.000000 0.000000 0.000000
vn 1.000000 0.000000 0.000000
vn 1.000000 0.000000 0.000000
vn -0.000000 1.000000 0.000000
vn -0.000000 1.000000 0.000000
vn -0.000000 1.000000 0.000000
vn -0.000000 1.000000 0.000000
vn -1.000000 0.000000 0.000000
vn -1.000000 0.000000 0.000000
vn -1.000000 0.000000 0.000000
vn -1.000000 0.000000 0.000000
vn -0.000000 -1.000000 -0.000000
vn -0.000000 -1.000000 -0.000000
vn -0.000000 -1.000000 -0.000000
vn -0.000000 -1.000000 -0.000000
vn 0.000000 0.000000 -1.000000
vn 0.000000 0.000000 -1.000000
vn 0.000000 0.000000 -1.000000
vn 0.000000 0.000000 -1.000000
vn -0.000000 -0.000000 1.000000
vn -0.000000 -0.000000 1.000000
vn -0.000000 -0.000000 1.000000
vn -0.000000 -0.000000 1.000000
f 1287/4000/3995 1288/4001/3996 1290/4002/3997
f 1290/4002/3997 1288/4001/3996 1289/4003/3998
f 1291/4004/3999 1287/4005/4000 1292/4006/4001
f 1292/4006/4001 1287/4005/4000 1290/4007/4002
f 1293/4008/4003 1291/4009/4004 1294/4010/4005
f 1294/4010/4005 1291/4009/4004 1292/4011/4006
f 1288/4012/4007 1293/4013/4008 1289/4014/4009
f 1289/4014/4009 1293/4013/4008 1294/4015/4010
f 1289/4016/4011 1294/4017/4012 1290/4018/4013
f 1290/4018/4013 1294/4017/4012 1292/4019/4014
f 1293/4020/4015 1288/4021/4016 1291/4022/4017
f 1291/4022/4017 1288/4021/4016 1287/4023/4018
# 1294 vertices
# 4023 texture params
# 4018 normals
# 2356 facets

# 59 groups
