  0
SECTION
  2
HEADER
  9
$ACADVER
  1
AC1032
  9
$ACADMAINTVER
 90
      266
  9
$DWGCODEPAGE
  3
ANSI_1252
  9
$REQUIREDVERSIONS
160
                 0
  9
$INSBASE
 10
0.0
 20
0.0
 30
0.0
  9
$EXTMIN
 10
1.000000000000000E+20
 20
1.000000000000000E+20
 30
1.000000000000000E+20
  9
$EXTMAX
 10
-1.000000000000000E+20
 20
-1.000000000000000E+20
 30
-1.000000000000000E+20
  9
$LIMMIN
 10
0.0
 20
0.0
  9
$LIMMAX
 10
12.0
 20
9.0
  9
$ORTHOMODE
 70
     0
  9
$REGENMODE
 70
     1
  9
$FILLMODE
 70
     1
  9
$QTEXTMODE
 70
     0
  9
$MIRRTEXT
 70
     0
  9
$LTSCALE
 40
1.0
  9
$ATTMODE
 70
     1
  9
$TEXTSIZE
 40
0.2
  9
$TRACEWID
 40
0.05
  9
$TEXTSTYLE
  7
Standard
  9
$CLAYER
  8
0
  9
$CELTYPE
  6
ByLayer
  9
$CECOLOR
 62
   256
  9
$CELTSCALE
 40
1.0
  9
$DISPSILH
 70
     0
  9
$DIMSCALE
 40
1.0
  9
$DIMASZ
 40
0.18
  9
$DIMEXO
 40
0.0625
  9
$DIMDLI
 40
0.38
  9
$DIMRND
 40
0.0
  9
$DIMDLE
 40
0.0
  9
$DIMEXE
 40
0.18
  9
$DIMTP
 40
0.0
  9
$DIMTM
 40
0.0
  9
$DIMTXT
 40
0.18
  9
$DIMCEN
 40
0.09
  9
$DIMTSZ
 40
0.0
  9
$DIMTOL
 70
     0
  9
$DIMLIM
 70
     0
  9
$DIMTIH
 70
     1
  9
$DIMTOH
 70
     1
  9
$DIMSE1
 70
     0
  9
$DIMSE2
 70
     0
  9
$DIMTAD
 70
     0
  9
$DIMZIN
 70
     0
  9
$DIMBLK
  1

  9
$DIMASO
 70
     1
  9
$DIMSHO
 70
     1
  9
$DIMPOST
  1

  9
$DIMAPOST
  1

  9
$DIMALT
 70
     0
  9
$DIMALTD
 70
     2
  9
$DIMALTF
 40
25.4
  9
$DIMLFAC
 40
1.0
  9
$DIMTOFL
 70
     0
  9
$DIMTVP
 40
0.0
  9
$DIMTIX
 70
     0
  9
$DIMSOXD
 70
     0
  9
$DIMSAH
 70
     0
  9
$DIMBLK1
  1

  9
$DIMBLK2
  1

  9
$DIMSTYLE
  2
Standard
  9
$DIMCLRD
 70
     0
  9
$DIMCLRE
 70
     0
  9
$DIMCLRT
 70
     0
  9
$DIMTFAC
 40
1.0
  9
$DIMGAP
 40
0.09
  9
$DIMJUST
 70
     0
  9
$DIMSD1
 70
     0
  9
$DIMSD2
 70
     0
  9
$DIMTOLJ
 70
     1
  9
$DIMTZIN
 70
     0
  9
$DIMALTZ
 70
     0
  9
$DIMALTTZ
 70
     0
  9
$DIMUPT
 70
     0
  9
$DIMDEC
 70
     4
  9
$DIMTDEC
 70
     4
  9
$DIMALTU
 70
     2
  9
$DIMALTTD
 70
     2
  9
$DIMTXSTY
  7
Standard
  9
$DIMAUNIT
 70
     0
  9
$DIMADEC
 70
     0
  9
$DIMALTRND
 40
0.0
  9
$DIMAZIN
 70
     0
  9
$DIMDSEP
 70
    46
  9
$DIMATFIT
 70
     3
  9
$DIMFRAC
 70
     0
  9
$DIMLDRBLK
  1

  9
$DIMLUNIT
 70
     2
  9
$DIMLWD
 70
    -2
  9
$DIMLWE
 70
    -2
  9
$DIMTMOVE
 70
     0
  9
$DIMFXL
 40
1.0
  9
$DIMFXLON
 70
     0
  9
$DIMJOGANG
 40
0.7853981633974483
  9
$DIMTFILL
 70
     0
  9
$DIMTFILLCLR
 70
     0
  9
$DIMARCSYM
 70
     0
  9
$DIMLTYPE
  6

  9
$DIMLTEX1
  6

  9
$DIMLTEX2
  6

  9
$DIMTXTDIRECTION
 70
     0
  9
$LUNITS
 70
     2
  9
$LUPREC
 70
     4
  9
$SKETCHINC
 40
0.1
  9
$FILLETRAD
 40
0.0
  9
$AUNITS
 70
     0
  9
$AUPREC
 70
     0
  9
$MENU
  1
.
  9
$ELEVATION
 40
0.0
  9
$PELEVATION
 40
0.0
  9
$THICKNESS
 40
0.0
  9
$LIMCHECK
 70
     0
  9
$CHAMFERA
 40
0.0
  9
$CHAMFERB
 40
0.0
  9
$CHAMFERC
 40
0.0
  9
$CHAMFERD
 40
0.0
  9
$SKPOLY
 70
     0
  9
$TDCREATE
 40
2461085.652488426
  9
$TDUCREATE
 40
2461085.860821759
  9
$TDUPDATE
 40
2461085.652488426
  9
$TDUUPDATE
 40
2461085.860821759
  9
$TDINDWG
 40
0.0000000000
  9
$TDUSRTIMER
 40
0.0000000000
  9
$USRTIMER
 70
     1
  9
$ANGBASE
 50
0.0
  9
$ANGDIR
 70
     0
  9
$PDMODE
 70
     0
  9
$PDSIZE
 40
0.0
  9
$PLINEWID
 40
0.0
  9
$SPLFRAME
 70
     0
  9
$SPLINETYPE
 70
     6
  9
$SPLINESEGS
 70
     8
  9
$HANDSEED
  5
126
  9
$SURFTAB1
 70
     6
  9
$SURFTAB2
 70
     6
  9
$SURFTYPE
 70
     6
  9
$SURFU
 70
     6
  9
$SURFV
 70
     6
  9
$UCSBASE
  2

  9
$UCSNAME
  2

  9
$UCSORG
 10
0.0
 20
0.0
 30
0.0
  9
$UCSXDIR
 10
1.0
 20
0.0
 30
0.0
  9
$UCSYDIR
 10
0.0
 20
1.0
 30
0.0
  9
$UCSORTHOREF
  2

  9
$UCSORTHOVIEW
 70
     0
  9
$UCSORGTOP
 10
0.0
 20
0.0
 30
0.0
  9
$UCSORGBOTTOM
 10
0.0
 20
0.0
 30
0.0
  9
$UCSORGLEFT
 10
0.0
 20
0.0
 30
0.0
  9
$UCSORGRIGHT
 10
0.0
 20
0.0
 30
0.0
  9
$UCSORGFRONT
 10
0.0
 20
0.0
 30
0.0
  9
$UCSORGBACK
 10
0.0
 20
0.0
 30
0.0
  9
$PUCSBASE
  2

  9
$PUCSNAME
  2

  9
$PUCSORG
 10
0.0
 20
0.0
 30
0.0
  9
$PUCSXDIR
 10
1.0
 20
0.0
 30
0.0
  9
$PUCSYDIR
 10
0.0
 20
1.0
 30
0.0
  9
$PUCSORTHOREF
  2

  9
$PUCSORTHOVIEW
 70
     0
  9
$PUCSORGTOP
 10
0.0
 20
0.0
 30
0.0
  9
$PUCSORGBOTTOM
 10
0.0
 20
0.0
 30
0.0
  9
$PUCSORGLEFT
 10
0.0
 20
0.0
 30
0.0
  9
$PUCSORGRIGHT
 10
0.0
 20
0.0
 30
0.0
  9
$PUCSORGFRONT
 10
0.0
 20
0.0
 30
0.0
  9
$PUCSORGBACK
 10
0.0
 20
0.0
 30
0.0
  9
$USERI1
 70
     0
  9
$USERI2
 70
     0
  9
$USERI3
 70
     0
  9
$USERI4
 70
     0
  9
$USERI5
 70
     0
  9
$USERR1
 40
0.0
  9
$USERR2
 40
0.0
  9
$USERR3
 40
0.0
  9
$USERR4
 40
0.0
  9
$USERR5
 40
0.0
  9
$WORLDVIEW
 70
     1
  9
$SHADEDGE
 70
     3
  9
$SHADEDIF
 70
    70
  9
$TILEMODE
 70
     1
  9
$MAXACTVP
 70
    64
  9
$PINSBASE
 10
0.0
 20
0.0
 30
0.0
  9
$PLIMCHECK
 70
     0
  9
$PEXTMIN
 10
1.000000000000000E+20
 20
1.000000000000000E+20
 30
1.000000000000000E+20
  9
$PEXTMAX
 10
-1.000000000000000E+20
 20
-1.000000000000000E+20
 30
-1.000000000000000E+20
  9
$PLIMMIN
 10
0.0
 20
0.0
  9
$PLIMMAX
 10
12.0
 20
9.0
  9
$UNITMODE
 70
     0
  9
$VISRETAIN
 70
     1
  9
$PLINEGEN
 70
     0
  9
$PSLTSCALE
 70
     1
  9
$TREEDEPTH
 70
  3020
  9
$CMLSTYLE
  2
Standard
  9
$CMLJUST
 70
     0
  9
$CMLSCALE
 40
1.0
  9
$PROXYGRAPHICS
 70
     1
  9
$MEASUREMENT
 70
     0
  9
$CELWEIGHT
370
    -1
  9
$ENDCAPS
280
     0
  9
$JOINSTYLE
280
     0
  9
$LWDISPLAY
290
     1
  9
$INSUNITS
 70
     1
  9
$HYPERLINKBASE
  1

  9
$STYLESHEET
  1

  9
$XEDIT
290
     1
  9
$CEPSNTYPE
380
     0
  9
$PSTYLEMODE
290
     1
  9
$FINGERPRINTGUID
  2
{11DDF963-18AD-D64F-AB36-46FB4F18F05F}
  9
$VERSIONGUID
  2
{5B2081A0-2CFB-1B4F-B1F7-BCD32CA24465}
  9
$EXTNAMES
290
     1
  9
$PSVPSCALE
 40
0.0
  9
$OLESTARTUP
290
     0
  9
$SORTENTS
280
   127
  9
$INDEXCTL
280
     0
  9
$HIDETEXT
280
     1
  9
$XCLIPFRAME
280
     2
  9
$HALOGAP
280
     0
  9
$OBSCOLOR
 70
   257
  9
$OBSLTYPE
280
     0
  9
$INTERSECTIONDISPLAY
280
     0
  9
$INTERSECTIONCOLOR
 70
   257
  9
$DIMASSOC
280
     2
  9
$PROJECTNAME
  1

  9
$CAMERADISPLAY
290
     0
  9
$LENSLENGTH
 40
50.0
  9
$CAMERAHEIGHT
 40
0.0
  9
$STEPSPERSEC
 40
2.0
  9
$STEPSIZE
 40
6.0
  9
$3DDWFPREC
 40
2.0
  9
$PSOLWIDTH
 40
0.25
  9
$PSOLHEIGHT
 40
4.0
  9
$LOFTANG1
 40
1.570796326794896
  9
$LOFTANG2
 40
1.570796326794896
  9
$LOFTMAG1
 40
0.0
  9
$LOFTMAG2
 40
0.0
  9
$LOFTPARAM
 70
     7
  9
$LOFTNORMALS
280
     1
  9
$LATITUDE
 40
37.795
  9
$LONGITUDE
 40
-122.394
  9
$NORTHDIRECTION
 40
0.0
  9
$TIMEZONE
 70
 -8000
  9
$LIGHTGLYPHDISPLAY
280
     1
  9
$TILEMODELIGHTSYNCH
280
     1
  9
$CMATERIAL
347
11
  9
$SOLIDHIST
280
     0
  9
$SHOWHIST
280
     1
  9
$DWFFRAME
280
     2
  9
$DGNFRAME
280
     0
  9
$REALWORLDSCALE
290
     1
  9
$INTERFERECOLOR
 62
     1
  9
$INTERFEREOBJVS
345
33
  9
$INTERFEREVPVS
346
30
  9
$CSHADOW
280
     0
  9
$SHADOWPLANELOCATION
 40
0.0
  0
ENDSEC
  0
SECTION
  2
CLASSES
  0
CLASS
  1
ACDBDICTIONARYWDFLT
  2
AcDbDictionaryWithDefault
  3
ObjectDBX Classes
 90
        0
 91
        1
280
     0
281
     0
  0
CLASS
  1
MATERIAL
  2
AcDbMaterial
  3
ObjectDBX Classes
 90
     1153
 91
        3
280
     0
281
     0
  0
CLASS
  1
VISUALSTYLE
  2
AcDbVisualStyle
  3
ObjectDBX Classes
 90
     4095
 91
       24
280
     0
281
     0
  0
CLASS
  1
SCALE
  2
AcDbScale
  3
ObjectDBX Classes
 90
     1153
 91
       17
280
     0
281
     0
  0
CLASS
  1
TABLESTYLE
  2
AcDbTableStyle
  3
ObjectDBX Classes
 90
     4095
 91
        1
280
     0
281
     0
  0
CLASS
  1
MLEADERSTYLE
  2
AcDbMLeaderStyle
  3
ACDB_MLEADERSTYLE_CLASS
 90
     4095
 91
        1
280
     0
281
     0
  0
CLASS
  1
ACDBSECTIONVIEWSTYLE
  2
AcDbSectionViewStyle
  3
ObjectDBX Classes
 90
     1025
 91
        1
280
     0
281
     0
  0
CLASS
  1
ACDBDETAILVIEWSTYLE
  2
AcDbDetailViewStyle
  3
ObjectDBX Classes
 90
     1025
 91
        1
280
     0
281
     0
  0
CLASS
  1
DICTIONARYVAR
  2
AcDbDictionaryVar
  3
ObjectDBX Classes
 90
        0
 91
        5
280
     0
281
     0
  0
CLASS
  1
CELLSTYLEMAP
  2
AcDbCellStyleMap
  3
ObjectDBX Classes
 90
     1152
 91
        1
280
     0
281
     0
  0
ENDSEC
  0
SECTION
  2
TABLES
  0
TABLE
  2
VPORT
  5
8
330
0
100
AcDbSymbolTable
 70
     1
  0
VPORT
  5
57
330
8
100
AcDbSymbolTableRecord
100
AcDbViewportTableRecord
  2
*Active
 70
     0
 10
0.0
 20
0.0
 11
1.0
 21
1.0
 12
0.0
 22
0.0
 13
0.0
 23
0.0
 14
1.0
 24
1.0
 15
0.0
 25
0.0
 16
0.0
 26
0.0
 36
1.0
 17
52.50750054253472
 27
73.4947509765625
 37
0.0
 40
149.9292919921875
 41
0.7144387843327666
 42
50.0
 43
0.0
 44
0.0
 50
0.0
 51
0.0
 71
     0
 72
   100
 73
     1
 74
     1
 75
     0
 76
     0
 77
     0
 78
     0
281
     0
 65
     1
110
0.0
120
0.0
130
0.0
111
1.0
121
0.0
131
0.0
112
0.0
122
1.0
132
0.0
 79
     0
146
0.0
 60
     3
 61
     5
292
     1
282
     1
141
0.0
142
0.0
 63
   250
421
  3355443
  0
ENDTAB
  0
TABLE
  2
LTYPE
  5
5
330
0
100
AcDbSymbolTable
 70
     1
  0
LTYPE
  5
5B
330
5
100
AcDbSymbolTableRecord
100
AcDbLinetypeTableRecord
  2
ByBlock
 70
     0
  3

 72
    65
 73
     0
 40
0.0
  0
LTYPE
  5
5C
330
5
100
AcDbSymbolTableRecord
100
AcDbLinetypeTableRecord
  2
ByLayer
 70
     0
  3

 72
    65
 73
     0
 40
0.0
  0
LTYPE
  5
5D
330
5
100
AcDbSymbolTableRecord
100
AcDbLinetypeTableRecord
  2
Continuous
 70
     0
  3
Solid line
 72
    65
 73
     0
 40
0.0
  0
ENDTAB
  0
TABLE
  2
LAYER
  5
2
330
0
100
AcDbSymbolTable
 70
     2
  0
LAYER
  5
54
330
2
100
AcDbSymbolTableRecord
100
AcDbLayerTableRecord
  2
0
 70
     0
 62
     7
  6
Continuous
370
    -3
390
F
347
21
348
0
  0
LAYER
  5
78
330
2
100
AcDbSymbolTableRecord
100
AcDbLayerTableRecord
  2
Layer 1
 70
     0
 62
     7
  6
Continuous
370
     0
390
F
347
21
348
0
  0
ENDTAB
  0
TABLE
  2
STYLE
  5
3
330
0
100
AcDbSymbolTable
 70
     2
  0
STYLE
  5
55
330
3
100
AcDbSymbolTableRecord
100
AcDbTextStyleTableRecord
  2
Standard
 70
     0
 40
0.0
 41
1.0
 50
0.0
 71
     0
 42
0.2
  3
txt
  4

  0
STYLE
  5
5A
330
3
100
AcDbSymbolTableRecord
100
AcDbTextStyleTableRecord
  2
Annotative
 70
     0
 40
0.0
 41
1.0
 50
0.0
 71
     0
 42
0.2
  3
txt
  4

1001
AcadAnnotative
1000
AnnotativeData
1002
{
1070
     1
1070
     1
1002
}
  0
ENDTAB
  0
TABLE
  2
VIEW
  5
6
330
0
100
AcDbSymbolTable
 70
     0
  0
ENDTAB
  0
TABLE
  2
UCS
  5
7
330
0
100
AcDbSymbolTable
 70
     0
  0
ENDTAB
  0
TABLE
  2
APPID
  5
9
330
0
100
AcDbSymbolTable
 70
     2
  0
APPID
  5
56
330
9
100
AcDbSymbolTableRecord
100
AcDbRegAppTableRecord
  2
ACAD
 70
     0
  0
APPID
  5
5E
330
9
100
AcDbSymbolTableRecord
100
AcDbRegAppTableRecord
  2
AcadAnnotative
 70
     0
  0
ENDTAB
  0
TABLE
  2
DIMSTYLE
  5
A
330
0
100
AcDbSymbolTable
 70
     2
100
AcDbDimStyleTable
 71
     0
  0
DIMSTYLE
105
58
330
A
100
AcDbSymbolTableRecord
100
AcDbDimStyleTableRecord
  2
Standard
 70
     0
340
55
  0
DIMSTYLE
105
59
330
A
100
AcDbSymbolTableRecord
100
AcDbDimStyleTableRecord
  2
Annotative
 70
     0
340
55
1001
AcadAnnotative
1000
AnnotativeData
1002
{
1070
     1
1070
     1
1002
}
  0
ENDTAB
  0
TABLE
  2
BLOCK_RECORD
  5
1
330
0
100
AcDbSymbolTable
 70
     3
  0
BLOCK_RECORD
  5
70
330
1
100
AcDbSymbolTableRecord
100
AcDbBlockTableRecord
  2
*Model_Space
340
73
 70
     0
280
     1
281
     0
  0
BLOCK_RECORD
  5
6C
330
1
100
AcDbSymbolTableRecord
100
AcDbBlockTableRecord
  2
*Paper_Space
340
6F
 70
     0
280
     1
281
     0
  0
BLOCK_RECORD
  5
74
330
1
100
AcDbSymbolTableRecord
100
AcDbBlockTableRecord
  2
*Paper_Space0
340
77
 70
     0
280
     1
281
     0
  0
BLOCK_RECORD
  5
79
330
1
100
AcDbSymbolTableRecord
100
AcDbBlockTableRecord
  2
Block_0
340
0
102
{BLKREFS
331
7A
102
}
 70
     0
280
     1
281
     0
  0
BLOCK_RECORD
  5
87
330
1
100
AcDbSymbolTableRecord
100
AcDbBlockTableRecord
  2
Block_1
340
0
102
{BLKREFS
331
88
102
}
 70
     0
280
     1
281
     0
  0
ENDTAB
  0
ENDSEC
  0
SECTION
  2
BLOCKS
  0
BLOCK
  5
71
330
70
100
AcDbEntity
  8
0
100
AcDbBlockBegin
  2
*Model_Space
 70
     0
 10
0.0
 20
0.0
 30
0.0
  3
*Model_Space
  1

  0
ENDBLK
  5
72
330
70
100
AcDbEntity
  8
0
100
AcDbBlockEnd
  0
BLOCK
  5
6D
330
6C
100
AcDbEntity
 67
     1
  8
0
100
AcDbBlockBegin
  2
*Paper_Space
 70
     0
 10
0.0
 20
0.0
 30
0.0
  3
*Paper_Space
  1

  0
ENDBLK
  5
6E
330
6C
100
AcDbEntity
 67
     1
  8
0
100
AcDbBlockEnd
  0
BLOCK
  5
75
330
74
100
AcDbEntity
 67
     1
  8
0
100
AcDbBlockBegin
  2
*Paper_Space0
 70
     0
 10
0.0
 20
0.0
 30
0.0
  3
*Paper_Space0
  1

  0
ENDBLK
  5
76
330
74
100
AcDbEntity
 67
     1
  8
0
100
AcDbBlockEnd
  0
BLOCK
  5
7B
330
79
100
AcDbEntity
  8
0
100
AcDbBlockBegin
  2
Block_0
 70
     0
 10
0.0
 20
0.0
 30
0.0
  3
Block_0
  1

  0
SPLINE
  5
7D
330
79
100
AcDbEntity
  8
Layer 1
 62
    11
420
 15363694
370
    70
100
AcDbSpline
210
0.0
220
0.0
230
1.0
 70
    11
 71
     3
 72
    17
 73
    13
 74
     0
 42
0.0000000001
 43
0.0000000001
 40
0.0
 40
0.0
 40
0.0
 40
0.0
 40
1.0
 40
1.0
 40
1.0
 40
2.0
 40
2.0
 40
2.0
 40
3.0
 40
3.0
 40
3.0
 40
4.0
 40
4.0
 40
4.0
 40
4.0
 10
5.083010170210286
 20
95.22445170084635
 30
0.0
 10
5.083010170210286
 20
95.22445170084635
 30
0.0
 10
67.54240483709399
 20
95.22445170084635
 30
0.0
 10
67.54240483709399
 20
95.22445170084635
 30
0.0
 10
67.54240483709399
 20
95.22445170084635
 30
0.0
 10
67.54240483709399
 20
51.76505025227864
 30
0.0
 10
67.54240483709399
 20
51.76505025227864
 30
0.0
 10
67.54240483709399
 20
51.76505025227864
 30
0.0
 10
5.083010170210286
 20
51.76505025227864
 30
0.0
 10
5.083010170210286
 20
51.76505025227864
 30
0.0
 10
5.083010170210286
 20
51.76505025227864
 30
0.0
 10
5.083010170210286
 20
95.22445170084635
 30
0.0
 10
5.083010170210286
 20
95.22445170084635
 30
0.0
  0
SPLINE
  5
7E
330
79
100
AcDbEntity
  8
Layer 1
 62
    11
420
 15363694
370
    70
100
AcDbSpline
210
0.0
220
0.0
230
1.0
 70
    11
 71
     3
 72
    17
 73
    13
 74
     0
 42
0.0000000001
 43
0.0000000001
 40
0.0
 40
0.0
 40
0.0
 40
0.0
 40
1.0
 40
1.0
 40
1.0
 40
2.0
 40
2.0
 40
2.0
 40
3.0
 40
3.0
 40
3.0
 40
4.0
 40
4.0
 40
4.0
 40
4.0
 10
5.681409014611327
 20
94.62605169084337
 30
0.0
 10
5.681409014611327
 20
94.62605169084337
 30
0.0
 10
66.94400938353495
 20
94.62605169084337
 30
0.0
 10
66.94400938353495
 20
94.62605169084337
 30
0.0
 10
66.94400938353495
 20
94.62605169084337
 30
0.0
 10
66.94400938353495
 20
52.3634524875217
 30
0.0
 10
66.94400938353495
 20
52.3634524875217
 30
0.0
 10
66.94400938353495
 20
52.3634524875217
 30
0.0
 10
5.681409014611327
 20
52.3634524875217
 30
0.0
 10
5.681409014611327
 20
52.3634524875217
 30
0.0
 10
5.681409014611327
 20
52.3634524875217
 30
0.0
 10
5.681409014611327
 20
94.62605169084337
 30
0.0
 10
5.681409014611327
 20
94.62605169084337
 30
0.0
  0
SPLINE
  5
7F
330
79
100
AcDbEntity
  8
Layer 1
 62
    11
420
 15363694
370
    70
100
AcDbSpline
210
0.0
220
0.0
230
1.0
 70
    11
 71
     3
 72
    20
 73
    16
 74
     0
 42
0.0000000001
 43
0.0000000001
 40
0.0
 40
0.0
 40
0.0
 40
0.0
 40
1.0
 40
1.0
 40
1.0
 40
2.0
 40
2.0
 40
2.0
 40
3.0
 40
3.0
 40
3.0
 40
4.0
 40
4.0
 40
4.0
 40
5.0
 40
5.0
 40
5.0
 40
5.0
 10
5.083010170210286
 20
95.22445170084635
 30
0.0
 10
5.083010170210286
 20
95.22445170084635
 30
0.0
 10
67.54240483709399
 20
95.22445170084635
 30
0.0
 10
67.54240483709399
 20
95.22445170084635
 30
0.0
 10
67.54240483709399
 20
95.22445170084635
 30
0.0
 10
67.54240483709399
 20
51.76505025227864
 30
0.0
 10
67.54240483709399
 20
51.76505025227864
 30
0.0
 10
67.54240483709399
 20
51.76505025227864
 30
0.0
 10
5.083003388526258
 20
51.76505025227864
 30
0.0
 10
5.083003388526258
 20
51.76505025227864
 30
0.0
 10
5.083003388526258
 20
51.76505025227864
 30
0.0
 10
5.083006779368272
 20
95.22445170084635
 30
0.0
 10
5.083006779368272
 20
95.22445170084635
 30
0.0
 10
5.083006779368272
 20
95.22445170084635
 30
0.0
 10
5.083010170210286
 20
95.22445170084635
 30
0.0
 10
5.083010170210286
 20
95.22445170084635
 30
0.0
  0
SPLINE
  5
80
330
79
100
AcDbEntity
  8
Layer 1
 62
    11
420
 15363694
370
    70
100
AcDbSpline
210
0.0
220
0.0
230
1.0
 70
    11
 71
     3
 72
    17
 73
    13
 74
     0
 42
0.0000000001
 43
0.0000000001
 40
0.0
 40
0.0
 40
0.0
 40
0.0
 40
1.0
 40
1.0
 40
1.0
 40
2.0
 40
2.0
 40
2.0
 40
3.0
 40
3.0
 40
3.0
 40
4.0
 40
4.0
 40
4.0
 40
4.0
 10
8.937709199073132
 20
90.12475162082248
 30
0.0
 10
8.937709199073132
 20
90.12475162082248
 30
0.0
 10
8.937709199073132
 20
56.86475118001301
 30
0.0
 10
8.937709199073132
 20
56.86475118001301
 30
0.0
 10
8.937709199073132
 20
56.86475118001301
 30
0.0
 10
63.68770919907314
 20
56.86475118001301
 30
0.0
 10
63.68770919907314
 20
56.86475118001301
 30
0.0
 10
63.68770919907314
 20
56.86475118001301
 30
0.0
 10
63.68770919907314
 20
90.12475162082248
 30
0.0
 10
63.68770919907314
 20
90.12475162082248
 30
0.0
 10
63.68770919907314
 20
90.12475162082248
 30
0.0
 10
8.937709199073132
 20
90.12475162082248
 30
0.0
 10
8.937709199073132
 20
90.12475162082248
 30
0.0
  0
ENDBLK
  5
7C
330
79
100
AcDbEntity
  8
0
100
AcDbBlockEnd
  0
BLOCK
  5
89
330
87
100
AcDbEntity
  8
0
100
AcDbBlockBegin
  2
Block_1
 70
     0
 10
0.0
 20
0.0
 30
0.0
  3
Block_1
  1

  0
SPLINE
  5
8B
330
87
100
AcDbEntity
  8
Layer 1
 62
    11
420
 15363694
370
    70
100
AcDbSpline
210
0.0
220
0.0
230
1.0
 70
    11
 71
     3
 72
   116
 73
   112
 74
     0
 42
0.0000000001
 43
0.0000000001
 40
0.0
 40
0.0
 40
0.0
 40
0.0
 40
1.0
 40
1.0
 40
1.0
 40
2.0
 40
2.0
 40
2.0
 40
3.0
 40
3.0
 40
3.0
 40
4.0
 40
4.0
 40
4.0
 40
5.0
 40
5.0
 40
5.0
 40
6.0
 40
6.0
 40
6.0
 40
7.0
 40
7.0
 40
7.0
 40
8.0
 40
8.0
 40
8.0
 40
9.0
 40
9.0
 40
9.0
 40
10.0
 40
10.0
 40
10.0
 40
11.0
 40
11.0
 40
11.0
 40
12.0
 40
12.0
 40
12.0
 40
13.0
 40
13.0
 40
13.0
 40
14.0
 40
14.0
 40
14.0
 40
15.0
 40
15.0
 40
15.0
 40
16.0
 40
16.0
 40
16.0
 40
17.0
 40
17.0
 40
17.0
 40
18.0
 40
18.0
 40
18.0
 40
19.0
 40
19.0
 40
19.0
 40
20.0
 40
20.0
 40
20.0
 40
21.0
 40
21.0
 40
21.0
 40
22.0
 40
22.0
 40
22.0
 40
23.0
 40
23.0
 40
23.0
 40
24.0
 40
24.0
 40
24.0
 40
25.0
 40
25.0
 40
25.0
 40
26.0
 40
26.0
 40
26.0
 40
27.0
 40
27.0
 40
27.0
 40
28.0
 40
28.0
 40
28.0
 40
29.0
 40
29.0
 40
29.0
 40
30.0
 40
30.0
 40
30.0
 40
31.0
 40
31.0
 40
31.0
 40
32.0
 40
32.0
 40
32.0
 40
33.0
 40
33.0
 40
33.0
 40
34.0
 40
34.0
 40
34.0
 40
35.0
 40
35.0
 40
35.0
 40
36.0
 40
36.0
 40
36.0
 40
37.0
 40
37.0
 40
37.0
 40
37.0
 10
0.6122888988918728
 20
16.06424967447916
 30
0.0
 10
0.6122888988918728
 20
16.06424967447916
 30
0.0
 10
61.21389431423611
 20
16.06424967447916
 30
0.0
 10
61.21389431423611
 20
16.06424967447916
 30
0.0
 10
61.21389431423611
 20
16.06424967447916
 30
0.0
 10
61.21389431423611
 20
15.56815592447916
 30
0.0
 10
61.21389431423611
 20
15.56815592447916
 30
0.0
 10
61.21389431423611
 20
15.56815592447916
 30
0.0
 10
60.61549207899305
 20
15.56815592447916
 30
0.0
 10
60.61549207899305
 20
15.56815592447916
 30
0.0
 10
60.61549207899305
 20
15.56815592447916
 30
0.0
 10
60.61549207899305
 20
15.06035698784722
 30
0.0
 10
60.61549207899305
 20
15.06035698784722
 30
0.0
 10
60.61549207899305
 20
15.06035698784722
 30
0.0
 10
61.21389431423611
 20
15.06035698784722
 30
0.0
 10
61.21389431423611
 20
15.06035698784722
 30
0.0
 10
61.21389431423611
 20
15.06035698784722
 30
0.0
 10
61.21389431423611
 20
14.56815592447916
 30
0.0
 10
61.21389431423611
 20
14.56815592447916
 30
0.0
 10
61.21389431423611
 20
14.56815592447916
 30
0.0
 10
60.61549207899305
 20
14.56815592447916
 30
0.0
 10
60.61549207899305
 20
14.56815592447916
 30
0.0
 10
60.61549207899305
 20
14.56815592447916
 30
0.0
 10
60.61549207899305
 20
14.06035698784722
 30
0.0
 10
60.61549207899305
 20
14.06035698784722
 30
0.0
 10
60.61549207899305
 20
14.06035698784722
 30
0.0
 10
61.21389431423611
 20
14.06035698784722
 30
0.0
 10
61.21389431423611
 20
14.06035698784722
 30
0.0
 10
61.21389431423611
 20
14.06035698784722
 30
0.0
 10
61.21389431423611
 20
13.56815592447916
 30
0.0
 10
61.21389431423611
 20
13.56815592447916
 30
0.0
 10
61.21389431423611
 20
13.56815592447916
 30
0.0
 10
60.61549207899305
 20
13.56815592447916
 30
0.0
 10
60.61549207899305
 20
13.56815592447916
 30
0.0
 10
60.61549207899305
 20
13.56815592447916
 30
0.0
 10
60.61549207899305
 20
13.06035698784722
 30
0.0
 10
60.61549207899305
 20
13.06035698784722
 30
0.0
 10
60.61549207899305
 20
13.06035698784722
 30
0.0
 10
61.21389431423611
 20
13.06035698784722
 30
0.0
 10
61.21389431423611
 20
13.06035698784722
 30
0.0
 10
61.21389431423611
 20
13.06035698784722
 30
0.0
 10
61.21389431423611
 20
12.56815592447916
 30
0.0
 10
61.21389431423611
 20
12.56815592447916
 30
0.0
 10
61.21389431423611
 20
12.56815592447916
 30
0.0
 10
60.61549207899305
 20
12.56815592447916
 30
0.0
 10
60.61549207899305
 20
12.56815592447916
 30
0.0
 10
60.61549207899305
 20
12.56815592447916
 30
0.0
 10
60.61549207899305
 20
12.06035698784722
 30
0.0
 10
60.61549207899305
 20
12.06035698784722
 30
0.0
 10
60.61549207899305
 20
12.06035698784722
 30
0.0
 10
61.21389431423611
 20
12.06035698784722
 30
0.0
 10
61.21389431423611
 20
12.06035698784722
 30
0.0
 10
61.21389431423611
 20
12.06035698784722
 30
0.0
 10
61.21389431423611
 20
11.56426323784722
 30
0.0
 10
61.21389431423611
 20
11.56426323784722
 30
0.0
 10
61.21389431423611
 20
11.56426323784722
 30
0.0
 10
0.0138888888888889
 20
11.56426323784722
 30
0.0
 10
0.0138888888888889
 20
11.56426323784722
 30
0.0
 10
0.0138888888888889
 20
11.56426323784722
 30
0.0
 10
0.0138888888888889
 20
12.06035698784722
 30
0.0
 10
0.0138888888888889
 20
12.06035698784722
 30
0.0
 10
0.0138888888888889
 20
12.06035698784722
 30
0.0
 10
0.6122888988918728
 20
12.06035698784722
 30
0.0
 10
0.6122888988918728
 20
12.06035698784722
 30
0.0
 10
0.6122888988918728
 20
12.06035698784722
 30
0.0
 10
0.6122888988918728
 20
12.56815592447916
 30
0.0
 10
0.6122888988918728
 20
12.56815592447916
 30
0.0
 10
0.6122888988918728
 20
12.56815592447916
 30
0.0
 10
0.0138888888888889
 20
12.56815592447916
 30
0.0
 10
0.0138888888888889
 20
12.56815592447916
 30
0.0
 10
0.0138888888888889
 20
12.56815592447916
 30
0.0
 10
0.0138888888888889
 20
13.06035698784722
 30
0.0
 10
0.0138888888888889
 20
13.06035698784722
 30
0.0
 10
0.0138888888888889
 20
13.06035698784722
 30
0.0
 10
0.6122888988918728
 20
13.06035698784722
 30
0.0
 10
0.6122888988918728
 20
13.06035698784722
 30
0.0
 10
0.6122888988918728
 20
13.06035698784722
 30
0.0
 10
0.6122888988918728
 20
13.56815592447916
 30
0.0
 10
0.6122888988918728
 20
13.56815592447916
 30
0.0
 10
0.6122888988918728
 20
13.56815592447916
 30
0.0
 10
0.0138888888888889
 20
13.56815592447916
 30
0.0
 10
0.0138888888888889
 20
13.56815592447916
 30
0.0
 10
0.0138888888888889
 20
13.56815592447916
 30
0.0
 10
0.0138888888888889
 20
14.06035698784722
 30
0.0
 10
0.0138888888888889
 20
14.06035698784722
 30
0.0
 10
0.0138888888888889
 20
14.06035698784722
 30
0.0
 10
0.6122888988918728
 20
14.06035698784722
 30
0.0
 10
0.6122888988918728
 20
14.06035698784722
 30
0.0
 10
0.6122888988918728
 20
14.06035698784722
 30
0.0
 10
0.6122888988918728
 20
14.56815592447916
 30
0.0
 10
0.6122888988918728
 20
14.56815592447916
 30
0.0
 10
0.6122888988918728
 20
14.56815592447916
 30
0.0
 10
0.0138888888888889
 20
14.56815592447916
 30
0.0
 10
0.0138888888888889
 20
14.56815592447916
 30
0.0
 10
0.0138888888888889
 20
14.56815592447916
 30
0.0
 10
0.0138888888888889
 20
15.06035698784722
 30
0.0
 10
0.0138888888888889
 20
15.06035698784722
 30
0.0
 10
0.0138888888888889
 20
15.06035698784722
 30
0.0
 10
0.6122888988918728
 20
15.06035698784722
 30
0.0
 10
0.6122888988918728
 20
15.06035698784722
 30
0.0
 10
0.6122888988918728
 20
15.06035698784722
 30
0.0
 10
0.6122888988918728
 20
15.56815592447916
 30
0.0
 10
0.6122888988918728
 20
15.56815592447916
 30
0.0
 10
0.6122888988918728
 20
15.56815592447916
 30
0.0
 10
0.0138888888888889
 20
15.56815592447916
 30
0.0
 10
0.0138888888888889
 20
15.56815592447916
 30
0.0
 10
0.0138888888888889
 20
15.56815592447916
 30
0.0
 10
0.0138888888888889
 20
16.06424967447916
 30
0.0
 10
0.0138888888888889
 20
16.06424967447916
 30
0.0
 10
0.0138888888888889
 20
16.06424967447916
 30
0.0
 10
0.6122888988918728
 20
16.06424967447916
 30
0.0
 10
0.6122888988918728
 20
16.06424967447916
 30
0.0
  0
CIRCLE
  5
8C
330
87
100
AcDbEntity
  8
Layer 1
 62
     1
420
 16711686
370
    70
100
AcDbCircle
 10
27.68707105848524
 20
14.27345106336805
 30
0.0
 40
0.0694444444444445
  0
CIRCLE
  5
8D
330
87
100
AcDbEntity
  8
Layer 1
 62
     1
420
 16711686
370
    70
100
AcDbCircle
 10
28.90790812174479
 20
14.27345106336805
 30
0.0
 40
0.0694444444444445
  0
CIRCLE
  5
8E
330
87
100
AcDbEntity
  8
Layer 1
 62
     1
420
 16711686
370
    70
100
AcDbCircle
 10
27.68707105848524
 20
13.0526123046875
 30
0.0
 40
0.0694444444444445
  0
CIRCLE
  5
8F
330
87
100
AcDbEntity
  8
Layer 1
 62
     1
420
 16711686
370
    70
100
AcDbCircle
 10
28.90790812174479
 20
13.0526123046875
 30
0.0
 40
0.0694444444444445
  0
CIRCLE
  5
90
330
87
100
AcDbEntity
  8
Layer 1
 62
     1
420
 16711686
370
    70
100
AcDbCircle
 10
32.39060126410591
 20
14.27345106336805
 30
0.0
 40
0.0694444444444445
  0
CIRCLE
  5
91
330
87
100
AcDbEntity
  8
Layer 1
 62
     1
420
 16711686
370
    70
100
AcDbCircle
 10
33.61143663194444
 20
14.27345106336805
 30
0.0
 40
0.0694444444444445
  0
CIRCLE
  5
92
330
87
100
AcDbEntity
  8
Layer 1
 62
     1
420
 16711686
370
    70
100
AcDbCircle
 10
32.39060126410591
 20
13.0526123046875
 30
0.0
 40
0.0694444444444445
  0
CIRCLE
  5
93
330
87
100
AcDbEntity
  8
Layer 1
 62
     1
420
 16711686
370
    70
100
AcDbCircle
 10
33.61143663194444
 20
13.0526123046875
 30
0.0
 40
0.0694444444444445
  0
CIRCLE
  5
94
330
87
100
AcDbEntity
  8
Layer 1
 62
     1
420
 16711686
370
    70
100
AcDbCircle
 10
37.08502197265625
 20
14.27345106336805
 30
0.0
 40
0.0694444444444445
  0
CIRCLE
  5
95
330
87
100
AcDbEntity
  8
Layer 1
 62
     1
420
 16711686
370
    70
100
AcDbCircle
 10
38.30585734049479
 20
14.27345106336805
 30
0.0
 40
0.0694444444444445
  0
CIRCLE
  5
96
330
87
100
AcDbEntity
  8
Layer 1
 62
     1
420
 16711686
370
    70
100
AcDbCircle
 10
37.08502197265625
 20
13.0526123046875
 30
0.0
 40
0.0694444444444445
  0
CIRCLE
  5
97
330
87
100
AcDbEntity
  8
Layer 1
 62
     1
420
 16711686
370
    70
100
AcDbCircle
 10
38.30585734049479
 20
13.0526123046875
 30
0.0
 40
0.0694444444444445
  0
CIRCLE
  5
98
330
87
100
AcDbEntity
  8
Layer 1
 62
     1
420
 16711686
370
    70
100
AcDbCircle
 10
41.77944268120659
 20
14.27345106336805
 30
0.0
 40
0.0694444444444445
  0
CIRCLE
  5
99
330
87
100
AcDbEntity
  8
Layer 1
 62
     1
420
 16711686
370
    70
100
AcDbCircle
 10
43.00027804904513
 20
14.27345106336805
 30
0.0
 40
0.0694444444444445
  0
CIRCLE
  5
9A
330
87
100
AcDbEntity
  8
Layer 1
 62
     1
420
 16711686
370
    70
100
AcDbCircle
 10
41.77944268120659
 20
13.0526123046875
 30
0.0
 40
0.0694444444444445
  0
CIRCLE
  5
9B
330
87
100
AcDbEntity
  8
Layer 1
 62
     1
420
 16711686
370
    70
100
AcDbCircle
 10
43.00027804904513
 20
13.0526123046875
 30
0.0
 40
0.0694444444444445
  0
CIRCLE
  5
9C
330
87
100
AcDbEntity
  8
Layer 1
 62
     1
420
 16711686
370
    70
100
AcDbCircle
 10
46.48272365993923
 20
14.27345106336805
 30
0.0
 40
0.0694444444444445
  0
CIRCLE
  5
9D
330
87
100
AcDbEntity
  8
Layer 1
 62
     1
420
 16711686
370
    70
100
AcDbCircle
 10
47.70356241861978
 20
14.27345106336805
 30
0.0
 40
0.0694444444444445
  0
CIRCLE
  5
9E
330
87
100
AcDbEntity
  8
Layer 1
 62
     1
420
 16711686
370
    70
100
AcDbCircle
 10
46.48272365993923
 20
13.0526123046875
 30
0.0
 40
0.0694444444444445
  0
CIRCLE
  5
9F
330
87
100
AcDbEntity
  8
Layer 1
 62
     1
420
 16711686
370
    70
100
AcDbCircle
 10
47.70356241861978
 20
13.0526123046875
 30
0.0
 40
0.0694444444444445
  0
CIRCLE
  5
A0
330
87
100
AcDbEntity
  8
Layer 1
 62
     1
420
 16711686
370
    70
100
AcDbCircle
 10
51.187744140625
 20
14.27345106336805
 30
0.0
 40
0.0694444444444445
  0
CIRCLE
  5
A1
330
87
100
AcDbEntity
  8
Layer 1
 62
     1
420
 16711686
370
    70
100
AcDbCircle
 10
52.40857950846354
 20
14.27345106336805
 30
0.0
 40
0.0694444444444445
  0
CIRCLE
  5
A2
330
87
100
AcDbEntity
  8
Layer 1
 62
     1
420
 16711686
370
    70
100
AcDbCircle
 10
51.187744140625
 20
13.0526123046875
 30
0.0
 40
0.0694444444444445
  0
CIRCLE
  5
A3
330
87
100
AcDbEntity
  8
Layer 1
 62
     1
420
 16711686
370
    70
100
AcDbCircle
 10
52.40857950846354
 20
13.0526123046875
 30
0.0
 40
0.0694444444444445
  0
CIRCLE
  5
A4
330
87
100
AcDbEntity
  8
Layer 1
 62
     1
420
 16711686
370
    70
100
AcDbCircle
 10
22.97876315646702
 20
14.27345106336805
 30
0.0
 40
0.0694444444444445
  0
CIRCLE
  5
A5
330
87
100
AcDbEntity
  8
Layer 1
 62
     1
420
 16711686
370
    70
100
AcDbCircle
 10
24.19959682888455
 20
14.27345106336805
 30
0.0
 40
0.0694444444444445
  0
CIRCLE
  5
A6
330
87
100
AcDbEntity
  8
Layer 1
 62
     1
420
 16711686
370
    70
100
AcDbCircle
 10
22.97876315646702
 20
13.0526123046875
 30
0.0
 40
0.0694444444444445
  0
CIRCLE
  5
A7
330
87
100
AcDbEntity
  8
Layer 1
 62
     1
420
 16711686
370
    70
100
AcDbCircle
 10
24.19959682888455
 20
13.0526123046875
 30
0.0
 40
0.0694444444444445
  0
CIRCLE
  5
A8
330
87
100
AcDbEntity
  8
Layer 1
 62
     1
420
 16711686
370
    70
100
AcDbCircle
 10
18.28434244791666
 20
14.27345106336805
 30
0.0
 40
0.0694444444444445
  0
CIRCLE
  5
A9
330
87
100
AcDbEntity
  8
Layer 1
 62
     1
420
 16711686
370
    70
100
AcDbCircle
 10
19.50517781575521
 20
14.27345106336805
 30
0.0
 40
0.0694444444444445
  0
CIRCLE
  5
AA
330
87
100
AcDbEntity
  8
Layer 1
 62
     1
420
 16711686
370
    70
100
AcDbCircle
 10
18.28434244791666
 20
13.0526123046875
 30
0.0
 40
0.0694444444444445
  0
CIRCLE
  5
AB
330
87
100
AcDbEntity
  8
Layer 1
 62
     1
420
 16711686
370
    70
100
AcDbCircle
 10
19.50517781575521
 20
13.0526123046875
 30
0.0
 40
0.0694444444444445
  0
CIRCLE
  5
AC
330
87
100
AcDbEntity
  8
Layer 1
 62
     1
420
 16711686
370
    70
100
AcDbCircle
 10
13.58992258707682
 20
14.27345106336805
 30
0.0
 40
0.0694444444444445
  0
CIRCLE
  5
AD
330
87
100
AcDbEntity
  8
Layer 1
 62
     1
420
 16711686
370
    70
100
AcDbCircle
 10
14.81075710720486
 20
14.27345106336805
 30
0.0
 40
0.0694444444444445
  0
CIRCLE
  5
AE
330
87
100
AcDbEntity
  8
Layer 1
 62
     1
420
 16711686
370
    70
100
AcDbCircle
 10
13.58992258707682
 20
13.0526123046875
 30
0.0
 40
0.0694444444444445
  0
CIRCLE
  5
AF
330
87
100
AcDbEntity
  8
Layer 1
 62
     1
420
 16711686
370
    70
100
AcDbCircle
 10
14.81075710720486
 20
13.0526123046875
 30
0.0
 40
0.0694444444444445
  0
CIRCLE
  5
B0
330
87
100
AcDbEntity
  8
Layer 1
 62
     1
420
 16711686
370
    70
100
AcDbCircle
 10
8.881612141927082
 20
14.27345106336805
 30
0.0
 40
0.0694444444444445
  0
CIRCLE
  5
B1
330
87
100
AcDbEntity
  8
Layer 1
 62
     1
420
 16711686
370
    70
100
AcDbCircle
 10
10.10244835747613
 20
14.27345106336805
 30
0.0
 40
0.0694444444444445
  0
CIRCLE
  5
B2
330
87
100
AcDbEntity
  8
Layer 1
 62
     1
420
 16711686
370
    70
100
AcDbCircle
 10
8.881612141927082
 20
13.0526123046875
 30
0.0
 40
0.0694444444444445
  0
CIRCLE
  5
B3
330
87
100
AcDbEntity
  8
Layer 1
 62
     1
420
 16711686
370
    70
100
AcDbCircle
 10
10.10244835747613
 20
13.0526123046875
 30
0.0
 40
0.0694444444444445
  0
CIRCLE
  5
B4
330
87
100
AcDbEntity
  8
Layer 1
 62
     1
420
 16711686
370
    70
100
AcDbCircle
 10
4.187193128797742
 20
14.27345106336805
 30
0.0
 40
0.0694444444444445
  0
CIRCLE
  5
B5
330
87
100
AcDbEntity
  8
Layer 1
 62
     1
420
 16711686
370
    70
100
AcDbCircle
 10
5.408029344346787
 20
14.27345106336805
 30
0.0
 40
0.0694444444444445
  0
CIRCLE
  5
B6
330
87
100
AcDbEntity
  8
Layer 1
 62
     1
420
 16711686
370
    70
100
AcDbCircle
 10
4.187193128797742
 20
13.0526123046875
 30
0.0
 40
0.0694444444444445
  0
CIRCLE
  5
B7
330
87
100
AcDbEntity
  8
Layer 1
 62
     1
420
 16711686
370
    70
100
AcDbCircle
 10
5.408029344346787
 20
13.0526123046875
 30
0.0
 40
0.0694444444444445
  0
SPLINE
  5
B8
330
87
100
AcDbEntity
  8
Layer 1
 62
   140
420
    51711
370
    70
100
AcDbSpline
210
0.0
220
0.0
230
1.0
 70
    11
 71
     3
 72
    50
 73
    46
 74
     0
 42
0.0000000001
 43
0.0000000001
 40
0.0
 40
0.0
 40
0.0
 40
0.0
 40
1.0
 40
1.0
 40
1.0
 40
2.0
 40
2.0
 40
2.0
 40
3.0
 40
3.0
 40
3.0
 40
4.0
 40
4.0
 40
4.0
 40
5.0
 40
5.0
 40
5.0
 40
6.0
 40
6.0
 40
6.0
 40
7.0
 40
7.0
 40
7.0
 40
8.0
 40
8.0
 40
8.0
 40
9.0
 40
9.0
 40
9.0
 40
10.0
 40
10.0
 40
10.0
 40
11.0
 40
11.0
 40
11.0
 40
12.0
 40
12.0
 40
12.0
 40
13.0
 40
13.0
 40
13.0
 40
14.0
 40
14.0
 40
14.0
 40
15.0
 40
15.0
 40
15.0
 40
15.0
 10
5.452014075385199
 20
14.511474609375
 30
0.0
 10
5.452014075385199
 20
14.511474609375
 30
0.0
 10
5.403993394639756
 20
14.511474609375
 30
0.0
 10
5.403993394639756
 20
14.511474609375
 30
0.0
 10
5.403993394639756
 20
14.511474609375
 30
0.0
 10
5.403993394639756
 20
15.45148383246528
 30
0.0
 10
5.403993394639756
 20
15.45148383246528
 30
0.0
 10
5.403993394639756
 20
15.53285047743055
 30
0.0
 10
5.337797376844617
 20
15.59905327690972
 30
0.0
 10
5.256426917182074
 20
15.59905327690972
 30
0.0
 10
5.256426917182074
 20
15.59905327690972
 30
0.0
 10
4.28927018907335
 20
15.59905327690972
 30
0.0
 10
4.28927018907335
 20
15.59905327690972
 30
0.0
 10
4.20790057712131
 20
15.59905327690972
 30
0.0
 10
4.141700744628906
 20
15.53285047743055
 30
0.0
 10
4.141700744628906
 20
15.45148383246528
 30
0.0
 10
4.141700744628906
 20
15.45148383246528
 30
0.0
 10
4.141700744628906
 20
14.511474609375
 30
0.0
 10
4.141700744628906
 20
14.511474609375
 30
0.0
 10
4.141700744628906
 20
14.511474609375
 30
0.0
 10
4.093680063883462
 20
14.511474609375
 30
0.0
 10
4.093680063883462
 20
14.511474609375
 30
0.0
 10
4.006182776557074
 20
14.511474609375
 30
0.0
 10
3.934999677870008
 20
14.44029405381944
 30
0.0
 10
3.934999677870008
 20
14.35279676649305
 30
0.0
 10
3.934999677870008
 20
14.35279676649305
 30
0.0
 10
3.934999677870008
 20
12.99446614583333
 30
0.0
 10
3.934999677870008
 20
12.99446614583333
 30
0.0
 10
3.934999677870008
 20
12.90696885850694
 30
0.0
 10
4.006183200412325
 20
12.83578830295138
 30
0.0
 10
4.093680063883462
 20
12.83578830295138
 30
0.0
 10
4.093680063883462
 20
12.83578830295138
 30
0.0
 10
5.452013651529947
 20
12.83578830295138
 30
0.0
 10
5.452013651529947
 20
12.83578830295138
 30
0.0
 10
5.539510938856336
 20
12.83578830295138
 30
0.0
 10
5.610694037543402
 20
12.90696885850694
 30
0.0
 10
5.610694037543402
 20
12.99446614583333
 30
0.0
 10
5.610694037543402
 20
12.99446614583333
 30
0.0
 10
5.610694037543402
 20
14.35279676649305
 30
0.0
 10
5.610694037543402
 20
14.35279676649305
 30
0.0
 10
5.610694037543402
 20
14.44029405381944
 30
0.0
 10
5.539510515001084
 20
14.511474609375
 30
0.0
 10
5.452013651529947
 20
14.511474609375
 30
0.0
 10
5.452013651529947
 20
14.511474609375
 30
0.0
 10
5.452014075385199
 20
14.511474609375
 30
0.0
 10
5.452014075385199
 20
14.511474609375
 30
0.0
  0
SPLINE
  5
B9
330
87
100
AcDbEntity
  8
Layer 1
 62
   140
420
    51711
370
    70
100
AcDbSpline
210
0.0
220
0.0
230
1.0
 70
    11
 71
     3
 72
    50
 73
    46
 74
     0
 42
0.0000000001
 43
0.0000000001
 40
0.0
 40
0.0
 40
0.0
 40
0.0
 40
1.0
 40
1.0
 40
1.0
 40
2.0
 40
2.0
 40
2.0
 40
3.0
 40
3.0
 40
3.0
 40
4.0
 40
4.0
 40
4.0
 40
5.0
 40
5.0
 40
5.0
 40
6.0
 40
6.0
 40
6.0
 40
7.0
 40
7.0
 40
7.0
 40
8.0
 40
8.0
 40
8.0
 40
9.0
 40
9.0
 40
9.0
 40
10.0
 40
10.0
 40
10.0
 40
11.0
 40
11.0
 40
11.0
 40
12.0
 40
12.0
 40
12.0
 40
13.0
 40
13.0
 40
13.0
 40
14.0
 40
14.0
 40
14.0
 40
15.0
 40
15.0
 40
15.0
 40
15.0
 10
10.15201399061415
 20
14.511474609375
 30
0.0
 10
10.15201399061415
 20
14.511474609375
 30
0.0
 10
10.10399288601345
 20
14.511474609375
 30
0.0
 10
10.10399288601345
 20
14.511474609375
 30
0.0
 10
10.10399288601345
 20
14.511474609375
 30
0.0
 10
10.10399288601345
 20
15.45148383246528
 30
0.0
 10
10.10399288601345
 20
15.45148383246528
 30
0.0
 10
10.10399288601345
 20
15.53285047743055
 30
0.0
 10
10.03779686821831
 20
15.59905327690972
 30
0.0
 10
9.956425984700519
 20
15.59905327690972
 30
0.0
 10
9.956425984700519
 20
15.59905327690972
 30
0.0
 10
8.989268832736543
 20
15.59905327690972
 30
0.0
 10
8.989268832736543
 20
15.59905327690972
 30
0.0
 10
8.907899644639757
 20
15.59905327690972
 30
0.0
 10
8.8416993882921
 20
15.53285047743055
 30
0.0
 10
8.8416993882921
 20
15.45148383246528
 30
0.0
 10
8.8416993882921
 20
15.45148383246528
 30
0.0
 10
8.8416993882921
 20
14.511474609375
 30
0.0
 10
8.8416993882921
 20
14.511474609375
 30
0.0
 10
8.8416993882921
 20
14.511474609375
 30
0.0
 10
8.793678283691406
 20
14.511474609375
 30
0.0
 10
8.793678283691406
 20
14.511474609375
 30
0.0
 10
8.706180996365016
 20
14.511474609375
 30
0.0
 10
8.634997897677951
 20
14.44029405381944
 30
0.0
 10
8.634997897677951
 20
14.35279676649305
 30
0.0
 10
8.634997897677951
 20
14.35279676649305
 30
0.0
 10
8.634997897677951
 20
12.99446614583333
 30
0.0
 10
8.634997897677951
 20
12.99446614583333
 30
0.0
 10
8.634997897677951
 20
12.90696885850694
 30
0.0
 10
8.706180996365016
 20
12.83578830295138
 30
0.0
 10
8.793678283691406
 20
12.83578830295138
 30
0.0
 10
8.793678283691406
 20
12.83578830295138
 30
0.0
 10
10.15201144748264
 20
12.83578830295138
 30
0.0
 10
10.15201144748264
 20
12.83578830295138
 30
0.0
 10
10.23950873480902
 20
12.83578830295138
 30
0.0
 10
10.31069183349609
 20
12.90696885850694
 30
0.0
 10
10.31069183349609
 20
12.99446614583333
 30
0.0
 10
10.31069183349609
 20
12.99446614583333
 30
0.0
 10
10.31069183349609
 20
14.35279676649305
 30
0.0
 10
10.31069183349609
 20
14.35279676649305
 30
0.0
 10
10.31069183349609
 20
14.44029405381944
 30
0.0
 10
10.23950873480902
 20
14.511474609375
 30
0.0
 10
10.15201144748264
 20
14.511474609375
 30
0.0
 10
10.15201144748264
 20
14.511474609375
 30
0.0
 10
10.15201399061415
 20
14.511474609375
 30
0.0
 10
10.15201399061415
 20
14.511474609375
 30
0.0
  0
SPLINE
  5
BA
330
87
100
AcDbEntity
  8
Layer 1
 62
   140
420
    51711
370
    70
100
AcDbSpline
210
0.0
220
0.0
230
1.0
 70
    11
 71
     3
 72
    50
 73
    46
 74
     0
 42
0.0000000001
 43
0.0000000001
 40
0.0
 40
0.0
 40
0.0
 40
0.0
 40
1.0
 40
1.0
 40
1.0
 40
2.0
 40
2.0
 40
2.0
 40
3.0
 40
3.0
 40
3.0
 40
4.0
 40
4.0
 40
4.0
 40
5.0
 40
5.0
 40
5.0
 40
6.0
 40
6.0
 40
6.0
 40
7.0
 40
7.0
 40
7.0
 40
8.0
 40
8.0
 40
8.0
 40
9.0
 40
9.0
 40
9.0
 40
10.0
 40
10.0
 40
10.0
 40
11.0
 40
11.0
 40
11.0
 40
12.0
 40
12.0
 40
12.0
 40
13.0
 40
13.0
 40
13.0
 40
14.0
 40
14.0
 40
14.0
 40
15.0
 40
15.0
 40
15.0
 40
15.0
 10
14.85201348198784
 20
14.511474609375
 30
0.0
 10
14.85201348198784
 20
14.511474609375
 30
0.0
 10
14.80399237738715
 20
14.511474609375
 30
0.0
 10
14.80399237738715
 20
14.511474609375
 30
0.0
 10
14.80399237738715
 20
14.511474609375
 30
0.0
 10
14.80399237738715
 20
15.45148383246528
 30
0.0
 10
14.80399237738715
 20
15.45148383246528
 30
0.0
 10
14.80399237738715
 20
15.53285047743055
 30
0.0
 10
14.73779635959201
 20
15.59905327690972
 30
0.0
 10
14.65642632378472
 20
15.59905327690972
 30
0.0
 10
14.65642632378472
 20
15.59905327690972
 30
0.0
 10
13.68926917182074
 20
15.59905327690972
 30
0.0
 10
13.68926917182074
 20
15.59905327690972
 30
0.0
 10
13.60789998372396
 20
15.59905327690972
 30
0.0
 10
13.5416997273763
 20
15.53285047743055
 30
0.0
 10
13.5416997273763
 20
15.45148383246528
 30
0.0
 10
13.5416997273763
 20
15.45148383246528
 30
0.0
 10
13.5416997273763
 20
14.511474609375
 30
0.0
 10
13.5416997273763
 20
14.511474609375
 30
0.0
 10
13.5416997273763
 20
14.511474609375
 30
0.0
 10
13.4936786227756
 20
14.511474609375
 30
0.0
 10
13.4936786227756
 20
14.511474609375
 30
0.0
 10
13.40618133544922
 20
14.511474609375
 30
0.0
 10
13.33499823676215
 20
14.44029405381944
 30
0.0
 10
13.33499823676215
 20
14.35279676649305
 30
0.0
 10
13.33499823676215
 20
14.35279676649305
 30
0.0
 10
13.33499823676215
 20
12.99446614583333
 30
0.0
 10
13.33499823676215
 20
12.99446614583333
 30
0.0
 10
13.33499823676215
 20
12.90696885850694
 30
0.0
 10
13.40618133544922
 20
12.83578830295138
 30
0.0
 10
13.4936786227756
 20
12.83578830295138
 30
0.0
 10
13.4936786227756
 20
12.83578830295138
 30
0.0
 10
14.85201178656684
 20
12.83578830295138
 30
0.0
 10
14.85201178656684
 20
12.83578830295138
 30
0.0
 10
14.93950907389323
 20
12.83578830295138
 30
0.0
 10
15.0106930202908
 20
12.90696885850694
 30
0.0
 10
15.0106930202908
 20
12.99446614583333
 30
0.0
 10
15.0106930202908
 20
12.99446614583333
 30
0.0
 10
15.0106930202908
 20
14.35279676649305
 30
0.0
 10
15.0106930202908
 20
14.35279676649305
 30
0.0
 10
15.0106930202908
 20
14.44029405381944
 30
0.0
 10
14.93950907389323
 20
14.511474609375
 30
0.0
 10
14.85201178656684
 20
14.511474609375
 30
0.0
 10
14.85201178656684
 20
14.511474609375
 30
0.0
 10
14.85201348198784
 20
14.511474609375
 30
0.0
 10
14.85201348198784
 20
14.511474609375
 30
0.0
  0
SPLINE
  5
BB
330
87
100
AcDbEntity
  8
Layer 1
 62
   140
420
    51711
370
    70
100
AcDbSpline
210
0.0
220
0.0
230
1.0
 70
     9
 71
     3
 72
    47
 73
    43
 74
     0
 42
0.0000000001
 43
0.0000000001
 40
0.0
 40
0.0
 40
0.0
 40
0.0
 40
1.0
 40
1.0
 40
1.0
 40
2.0
 40
2.0
 40
2.0
 40
3.0
 40
3.0
 40
3.0
 40
4.0
 40
4.0
 40
4.0
 40
5.0
 40
5.0
 40
5.0
 40
6.0
 40
6.0
 40
6.0
 40
7.0
 40
7.0
 40
7.0
 40
8.0
 40
8.0
 40
8.0
 40
9.0
 40
9.0
 40
9.0
 40
10.0
 40
10.0
 40
10.0
 40
11.0
 40
11.0
 40
11.0
 40
12.0
 40
12.0
 40
12.0
 40
13.0
 40
13.0
 40
13.0
 40
14.0
 40
14.0
 40
14.0
 40
14.0
 10
19.55201382107205
 20
14.511474609375
 30
0.0
 10
19.55201382107205
 20
14.511474609375
 30
0.0
 10
19.50399271647135
 20
14.511474609375
 30
0.0
 10
19.50399271647135
 20
14.511474609375
 30
0.0
 10
19.50399271647135
 20
14.511474609375
 30
0.0
 10
19.50399271647135
 20
15.45148383246528
 30
0.0
 10
19.50399271647135
 20
15.45148383246528
 30
0.0
 10
19.50399271647135
 20
15.53285047743055
 30
0.0
 10
19.43779669867621
 20
15.59905327690972
 30
0.0
 10
19.35642666286892
 20
15.59905327690972
 30
0.0
 10
19.35642666286892
 20
15.59905327690972
 30
0.0
 10
18.38927035861545
 20
15.59905327690972
 30
0.0
 10
18.38927035861545
 20
15.59905327690972
 30
0.0
 10
18.30790032280816
 20
15.59905327690972
 30
0.0
 10
18.241700914171
 20
15.53285047743055
 30
0.0
 10
18.241700914171
 20
15.45148383246528
 30
0.0
 10
18.241700914171
 20
15.45148383246528
 30
0.0
 10
18.241700914171
 20
14.511474609375
 30
0.0
 10
18.241700914171
 20
14.511474609375
 30
0.0
 10
18.241700914171
 20
14.511474609375
 30
0.0
 10
18.19367980957031
 20
14.511474609375
 30
0.0
 10
18.19367980957031
 20
14.511474609375
 30
0.0
 10
18.10618252224392
 20
14.511474609375
 30
0.0
 10
18.03499857584635
 20
14.44029405381944
 30
0.0
 10
18.03499857584635
 20
14.35279676649305
 30
0.0
 10
18.03499857584635
 20
14.35279676649305
 30
0.0
 10
18.03499857584635
 20
12.99446614583333
 30
0.0
 10
18.03499857584635
 20
12.99446614583333
 30
0.0
 10
18.03499857584635
 20
12.90696885850694
 30
0.0
 10
18.10618252224392
 20
12.83578830295138
 30
0.0
 10
18.19367980957031
 20
12.83578830295138
 30
0.0
 10
18.19367980957031
 20
12.83578830295138
 30
0.0
 10
19.55201382107205
 20
12.83578830295138
 30
0.0
 10
19.55201382107205
 20
12.83578830295138
 30
0.0
 10
19.63951110839843
 20
12.83578830295138
 30
0.0
 10
19.710695054796
 20
12.90696885850694
 30
0.0
 10
19.710695054796
 20
12.99446614583333
 30
0.0
 10
19.710695054796
 20
12.99446614583333
 30
0.0
 10
19.710695054796
 20
14.35279676649305
 30
0.0
 10
19.710695054796
 20
14.35279676649305
 30
0.0
 10
19.710695054796
 20
14.44029405381944
 30
0.0
 10
19.63951110839843
 20
14.511474609375
 30
0.0
 10
19.55201382107205
 20
14.511474609375
 30
0.0
  0
SPLINE
  5
BC
330
87
100
AcDbEntity
  8
Layer 1
 62
   140
420
    51711
370
    70
100
AcDbSpline
210
0.0
220
0.0
230
1.0
 70
     9
 71
     3
 72
    47
 73
    43
 74
     0
 42
0.0000000001
 43
0.0000000001
 40
0.0
 40
0.0
 40
0.0
 40
0.0
 40
1.0
 40
1.0
 40
1.0
 40
2.0
 40
2.0
 40
2.0
 40
3.0
 40
3.0
 40
3.0
 40
4.0
 40
4.0
 40
4.0
 40
5.0
 40
5.0
 40
5.0
 40
6.0
 40
6.0
 40
6.0
 40
7.0
 40
7.0
 40
7.0
 40
8.0
 40
8.0
 40
8.0
 40
9.0
 40
9.0
 40
9.0
 40
10.0
 40
10.0
 40
10.0
 40
11.0
 40
11.0
 40
11.0
 40
12.0
 40
12.0
 40
12.0
 40
13.0
 40
13.0
 40
13.0
 40
14.0
 40
14.0
 40
14.0
 40
14.0
 10
24.25201416015625
 20
14.511474609375
 30
0.0
 10
24.25201416015625
 20
14.511474609375
 30
0.0
 10
24.20399305555556
 20
14.511474609375
 30
0.0
 10
24.20399305555556
 20
14.511474609375
 30
0.0
 10
24.20399305555556
 20
14.511474609375
 30
0.0
 10
24.20399305555556
 20
15.45148383246528
 30
0.0
 10
24.20399305555556
 20
15.45148383246528
 30
0.0
 10
24.20399305555556
 20
15.53285047743055
 30
0.0
 10
24.13779703776042
 20
15.59905327690972
 30
0.0
 10
24.05642700195313
 20
15.59905327690972
 30
0.0
 10
24.05642700195313
 20
15.59905327690972
 30
0.0
 10
23.08927069769965
 20
15.59905327690972
 30
0.0
 10
23.08927069769965
 20
15.59905327690972
 30
0.0
 10
23.00790066189236
 20
15.59905327690972
 30
0.0
 10
22.94170125325521
 20
15.53285047743055
 30
0.0
 10
22.94170125325521
 20
15.45148383246528
 30
0.0
 10
22.94170125325521
 20
15.45148383246528
 30
0.0
 10
22.94170125325521
 20
14.511474609375
 30
0.0
 10
22.94170125325521
 20
14.511474609375
 30
0.0
 10
22.94170125325521
 20
14.511474609375
 30
0.0
 10
22.89368014865452
 20
14.511474609375
 30
0.0
 10
22.89368014865452
 20
14.511474609375
 30
0.0
 10
22.80618286132813
 20
14.511474609375
 30
0.0
 10
22.73499891493055
 20
14.44029405381944
 30
0.0
 10
22.73499891493055
 20
14.35279676649305
 30
0.0
 10
22.73499891493055
 20
14.35279676649305
 30
0.0
 10
22.73499891493055
 20
12.99446614583333
 30
0.0
 10
22.73499891493055
 20
12.99446614583333
 30
0.0
 10
22.73499891493055
 20
12.90696885850694
 30
0.0
 10
22.80618286132813
 20
12.83578830295138
 30
0.0
 10
22.89368014865452
 20
12.83578830295138
 30
0.0
 10
22.89368014865452
 20
12.83578830295138
 30
0.0
 10
24.25201416015625
 20
12.83578830295138
 30
0.0
 10
24.25201416015625
 20
12.83578830295138
 30
0.0
 10
24.33951144748264
 20
12.83578830295138
 30
0.0
 10
24.41069539388021
 20
12.90696885850694
 30
0.0
 10
24.41069539388021
 20
12.99446614583333
 30
0.0
 10
24.41069539388021
 20
12.99446614583333
 30
0.0
 10
24.41069539388021
 20
14.35279676649305
 30
0.0
 10
24.41069539388021
 20
14.35279676649305
 30
0.0
 10
24.41069539388021
 20
14.44029405381944
 30
0.0
 10
24.33951144748264
 20
14.511474609375
 30
0.0
 10
24.25201416015625
 20
14.511474609375
 30
0.0
  0
SPLINE
  5
BD
330
87
100
AcDbEntity
  8
Layer 1
 62
   140
420
    51711
370
    70
100
AcDbSpline
210
0.0
220
0.0
230
1.0
 70
     9
 71
     3
 72
    47
 73
    43
 74
     0
 42
0.0000000001
 43
0.0000000001
 40
0.0
 40
0.0
 40
0.0
 40
0.0
 40
1.0
 40
1.0
 40
1.0
 40
2.0
 40
2.0
 40
2.0
 40
3.0
 40
3.0
 40
3.0
 40
4.0
 40
4.0
 40
4.0
 40
5.0
 40
5.0
 40
5.0
 40
6.0
 40
6.0
 40
6.0
 40
7.0
 40
7.0
 40
7.0
 40
8.0
 40
8.0
 40
8.0
 40
9.0
 40
9.0
 40
9.0
 40
10.0
 40
10.0
 40
10.0
 40
11.0
 40
11.0
 40
11.0
 40
12.0
 40
12.0
 40
12.0
 40
13.0
 40
13.0
 40
13.0
 40
14.0
 40
14.0
 40
14.0
 40
14.0
 10
28.95201280381944
 20
14.511474609375
 30
0.0
 10
28.95201280381944
 20
14.511474609375
 30
0.0
 10
28.90399169921875
 20
14.511474609375
 30
0.0
 10
28.90399169921875
 20
14.511474609375
 30
0.0
 10
28.90399169921875
 20
14.511474609375
 30
0.0
 10
28.90399169921875
 20
15.45148383246528
 30
0.0
 10
28.90399169921875
 20
15.45148383246528
 30
0.0
 10
28.90399169921875
 20
15.53285047743055
 30
0.0
 10
28.83779568142361
 20
15.59905327690972
 30
0.0
 10
28.75642564561632
 20
15.59905327690972
 30
0.0
 10
28.75642564561632
 20
15.59905327690972
 30
0.0
 10
27.78926934136285
 20
15.59905327690972
 30
0.0
 10
27.78926934136285
 20
15.59905327690972
 30
0.0
 10
27.70789930555555
 20
15.59905327690972
 30
0.0
 10
27.6416998969184
 20
15.53285047743055
 30
0.0
 10
27.6416998969184
 20
15.45148383246528
 30
0.0
 10
27.6416998969184
 20
15.45148383246528
 30
0.0
 10
27.6416998969184
 20
14.511474609375
 30
0.0
 10
27.6416998969184
 20
14.511474609375
 30
0.0
 10
27.6416998969184
 20
14.511474609375
 30
0.0
 10
27.59367879231771
 20
14.511474609375
 30
0.0
 10
27.59367879231771
 20
14.511474609375
 30
0.0
 10
27.50618150499132
 20
14.511474609375
 30
0.0
 10
27.43499755859375
 20
14.44029405381944
 30
0.0
 10
27.43499755859375
 20
14.35279676649305
 30
0.0
 10
27.43499755859375
 20
14.35279676649305
 30
0.0
 10
27.43499755859375
 20
12.99446614583333
 30
0.0
 10
27.43499755859375
 20
12.99446614583333
 30
0.0
 10
27.43499755859375
 20
12.90696885850694
 30
0.0
 10
27.50618150499132
 20
12.83578830295138
 30
0.0
 10
27.59367879231771
 20
12.83578830295138
 30
0.0
 10
27.59367879231771
 20
12.83578830295138
 30
0.0
 10
28.95201280381944
 20
12.83578830295138
 30
0.0
 10
28.95201280381944
 20
12.83578830295138
 30
0.0
 10
29.03951009114583
 20
12.83578830295138
 30
0.0
 10
29.1106940375434
 20
12.90696885850694
 30
0.0
 10
29.1106940375434
 20
12.99446614583333
 30
0.0
 10
29.1106940375434
 20
12.99446614583333
 30
0.0
 10
29.1106940375434
 20
14.35279676649305
 30
0.0
 10
29.1106940375434
 20
14.35279676649305
 30
0.0
 10
29.1106940375434
 20
14.44029405381944
 30
0.0
 10
29.03951009114583
 20
14.511474609375
 30
0.0
 10
28.95201280381944
 20
14.511474609375
 30
0.0
  0
SPLINE
  5
BE
330
87
100
AcDbEntity
  8
Layer 1
 62
   140
420
    51711
370
    70
100
AcDbSpline
210
0.0
220
0.0
230
1.0
 70
     9
 71
     3
 72
    47
 73
    43
 74
     0
 42
0.0000000001
 43
0.0000000001
 40
0.0
 40
0.0
 40
0.0
 40
0.0
 40
1.0
 40
1.0
 40
1.0
 40
2.0
 40
2.0
 40
2.0
 40
3.0
 40
3.0
 40
3.0
 40
4.0
 40
4.0
 40
4.0
 40
5.0
 40
5.0
 40
5.0
 40
6.0
 40
6.0
 40
6.0
 40
7.0
 40
7.0
 40
7.0
 40
8.0
 40
8.0
 40
8.0
 40
9.0
 40
9.0
 40
9.0
 40
10.0
 40
10.0
 40
10.0
 40
11.0
 40
11.0
 40
11.0
 40
12.0
 40
12.0
 40
12.0
 40
13.0
 40
13.0
 40
13.0
 40
14.0
 40
14.0
 40
14.0
 40
14.0
 10
33.65201483832465
 20
14.511474609375
 30
0.0
 10
33.65201483832465
 20
14.511474609375
 30
0.0
 10
33.60399373372395
 20
14.511474609375
 30
0.0
 10
33.60399373372395
 20
14.511474609375
 30
0.0
 10
33.60399373372395
 20
14.511474609375
 30
0.0
 10
33.60399373372395
 20
15.45148383246528
 30
0.0
 10
33.60399373372395
 20
15.45148383246528
 30
0.0
 10
33.60399373372395
 20
15.53285047743055
 30
0.0
 10
33.53779771592882
 20
15.59905327690972
 30
0.0
 10
33.45642768012153
 20
15.59905327690972
 30
0.0
 10
33.45642768012153
 20
15.59905327690972
 30
0.0
 10
32.48927137586806
 20
15.59905327690972
 30
0.0
 10
32.48927137586806
 20
15.59905327690972
 30
0.0
 10
32.40790134006076
 20
15.59905327690972
 30
0.0
 10
32.34170193142361
 20
15.53285047743055
 30
0.0
 10
32.34170193142361
 20
15.45148383246528
 30
0.0
 10
32.34170193142361
 20
15.45148383246528
 30
0.0
 10
32.34170193142361
 20
14.511474609375
 30
0.0
 10
32.34170193142361
 20
14.511474609375
 30
0.0
 10
32.34170193142361
 20
14.511474609375
 30
0.0
 10
32.29368082682292
 20
14.511474609375
 30
0.0
 10
32.29368082682292
 20
14.511474609375
 30
0.0
 10
32.20618353949653
 20
14.511474609375
 30
0.0
 10
32.13499959309896
 20
14.44029405381944
 30
0.0
 10
32.13499959309896
 20
14.35279676649305
 30
0.0
 10
32.13499959309896
 20
14.35279676649305
 30
0.0
 10
32.13499959309896
 20
12.99446614583333
 30
0.0
 10
32.13499959309896
 20
12.99446614583333
 30
0.0
 10
32.13499959309896
 20
12.90696885850694
 30
0.0
 10
32.20618353949653
 20
12.83578830295138
 30
0.0
 10
32.29368082682292
 20
12.83578830295138
 30
0.0
 10
32.29368082682292
 20
12.83578830295138
 30
0.0
 10
33.65201483832465
 20
12.83578830295138
 30
0.0
 10
33.65201483832465
 20
12.83578830295138
 30
0.0
 10
33.73951212565104
 20
12.83578830295138
 30
0.0
 10
33.81069607204861
 20
12.90696885850694
 30
0.0
 10
33.81069607204861
 20
12.99446614583333
 30
0.0
 10
33.81069607204861
 20
12.99446614583333
 30
0.0
 10
33.81069607204861
 20
14.35279676649305
 30
0.0
 10
33.81069607204861
 20
14.35279676649305
 30
0.0
 10
33.81069607204861
 20
14.44029405381944
 30
0.0
 10
33.73951212565104
 20
14.511474609375
 30
0.0
 10
33.65201483832465
 20
14.511474609375
 30
0.0
  0
SPLINE
  5
BF
330
87
100
AcDbEntity
  8
Layer 1
 62
   140
420
    51711
370
    70
100
AcDbSpline
210
0.0
220
0.0
230
1.0
 70
     9
 71
     3
 72
    47
 73
    43
 74
     0
 42
0.0000000001
 43
0.0000000001
 40
0.0
 40
0.0
 40
0.0
 40
0.0
 40
1.0
 40
1.0
 40
1.0
 40
2.0
 40
2.0
 40
2.0
 40
3.0
 40
3.0
 40
3.0
 40
4.0
 40
4.0
 40
4.0
 40
5.0
 40
5.0
 40
5.0
 40
6.0
 40
6.0
 40
6.0
 40
7.0
 40
7.0
 40
7.0
 40
8.0
 40
8.0
 40
8.0
 40
9.0
 40
9.0
 40
9.0
 40
10.0
 40
10.0
 40
10.0
 40
11.0
 40
11.0
 40
11.0
 40
12.0
 40
12.0
 40
12.0
 40
13.0
 40
13.0
 40
13.0
 40
14.0
 40
14.0
 40
14.0
 40
14.0
 10
38.35201348198785
 20
14.511474609375
 30
0.0
 10
38.35201348198785
 20
14.511474609375
 30
0.0
 10
38.30399237738716
 20
14.511474609375
 30
0.0
 10
38.30399237738716
 20
14.511474609375
 30
0.0
 10
38.30399237738716
 20
14.511474609375
 30
0.0
 10
38.30399237738716
 20
15.45148383246528
 30
0.0
 10
38.30399237738716
 20
15.45148383246528
 30
0.0
 10
38.30399237738716
 20
15.53285047743055
 30
0.0
 10
38.23779635959201
 20
15.59905327690972
 30
0.0
 10
38.15642632378472
 20
15.59905327690972
 30
0.0
 10
38.15642632378472
 20
15.59905327690972
 30
0.0
 10
37.18927001953125
 20
15.59905327690972
 30
0.0
 10
37.18927001953125
 20
15.59905327690972
 30
0.0
 10
37.10789998372395
 20
15.59905327690972
 30
0.0
 10
37.0417005750868
 20
15.53285047743055
 30
0.0
 10
37.0417005750868
 20
15.45148383246528
 30
0.0
 10
37.0417005750868
 20
15.45148383246528
 30
0.0
 10
37.0417005750868
 20
14.511474609375
 30
0.0
 10
37.0417005750868
 20
14.511474609375
 30
0.0
 10
37.0417005750868
 20
14.511474609375
 30
0.0
 10
36.99367947048611
 20
14.511474609375
 30
0.0
 10
36.99367947048611
 20
14.511474609375
 30
0.0
 10
36.90618218315972
 20
14.511474609375
 30
0.0
 10
36.83499823676215
 20
14.44029405381944
 30
0.0
 10
36.83499823676215
 20
14.35279676649305
 30
0.0
 10
36.83499823676215
 20
14.35279676649305
 30
0.0
 10
36.83499823676215
 20
12.99446614583333
 30
0.0
 10
36.83499823676215
 20
12.99446614583333
 30
0.0
 10
36.83499823676215
 20
12.90696885850694
 30
0.0
 10
36.90618218315972
 20
12.83578830295138
 30
0.0
 10
36.99367947048611
 20
12.83578830295138
 30
0.0
 10
36.99367947048611
 20
12.83578830295138
 30
0.0
 10
38.35201348198785
 20
12.83578830295138
 30
0.0
 10
38.35201348198785
 20
12.83578830295138
 30
0.0
 10
38.43951076931423
 20
12.83578830295138
 30
0.0
 10
38.5106947157118
 20
12.90696885850694
 30
0.0
 10
38.5106947157118
 20
12.99446614583333
 30
0.0
 10
38.5106947157118
 20
12.99446614583333
 30
0.0
 10
38.5106947157118
 20
14.35279676649305
 30
0.0
 10
38.5106947157118
 20
14.35279676649305
 30
0.0
 10
38.5106947157118
 20
14.44029405381944
 30
0.0
 10
38.43951076931423
 20
14.511474609375
 30
0.0
 10
38.35201348198785
 20
14.511474609375
 30
0.0
  0
SPLINE
  5
C0
330
87
100
AcDbEntity
  8
Layer 1
 62
   140
420
    51711
370
    70
100
AcDbSpline
210
0.0
220
0.0
230
1.0
 70
     9
 71
     3
 72
    47
 73
    43
 74
     0
 42
0.0000000001
 43
0.0000000001
 40
0.0
 40
0.0
 40
0.0
 40
0.0
 40
1.0
 40
1.0
 40
1.0
 40
2.0
 40
2.0
 40
2.0
 40
3.0
 40
3.0
 40
3.0
 40
4.0
 40
4.0
 40
4.0
 40
5.0
 40
5.0
 40
5.0
 40
6.0
 40
6.0
 40
6.0
 40
7.0
 40
7.0
 40
7.0
 40
8.0
 40
8.0
 40
8.0
 40
9.0
 40
9.0
 40
9.0
 40
10.0
 40
10.0
 40
10.0
 40
11.0
 40
11.0
 40
11.0
 40
12.0
 40
12.0
 40
12.0
 40
13.0
 40
13.0
 40
13.0
 40
14.0
 40
14.0
 40
14.0
 40
14.0
 10
43.05201551649305
 20
14.511474609375
 30
0.0
 10
43.05201551649305
 20
14.511474609375
 30
0.0
 10
43.00399441189235
 20
14.511474609375
 30
0.0
 10
43.00399441189235
 20
14.511474609375
 30
0.0
 10
43.00399441189235
 20
14.511474609375
 30
0.0
 10
43.00399441189235
 20
15.45148383246528
 30
0.0
 10
43.00399441189235
 20
15.45148383246528
 30
0.0
 10
43.00399441189235
 20
15.53285047743055
 30
0.0
 10
42.93779839409721
 20
15.59905327690972
 30
0.0
 10
42.85642835828992
 20
15.59905327690972
 30
0.0
 10
42.85642835828992
 20
15.59905327690972
 30
0.0
 10
41.88927205403645
 20
15.59905327690972
 30
0.0
 10
41.88927205403645
 20
15.59905327690972
 30
0.0
 10
41.80790201822916
 20
15.59905327690972
 30
0.0
 10
41.74170260959201
 20
15.53285047743055
 30
0.0
 10
41.74170260959201
 20
15.45148383246528
 30
0.0
 10
41.74170260959201
 20
15.45148383246528
 30
0.0
 10
41.74170260959201
 20
14.511474609375
 30
0.0
 10
41.74170260959201
 20
14.511474609375
 30
0.0
 10
41.74170260959201
 20
14.511474609375
 30
0.0
 10
41.69368150499131
 20
14.511474609375
 30
0.0
 10
41.69368150499131
 20
14.511474609375
 30
0.0
 10
41.60618421766492
 20
14.511474609375
 30
0.0
 10
41.53500027126735
 20
14.44029405381944
 30
0.0
 10
41.53500027126735
 20
14.35279676649305
 30
0.0
 10
41.53500027126735
 20
14.35279676649305
 30
0.0
 10
41.53500027126735
 20
12.99446614583333
 30
0.0
 10
41.53500027126735
 20
12.99446614583333
 30
0.0
 10
41.53500027126735
 20
12.90696885850694
 30
0.0
 10
41.60618421766492
 20
12.83578830295138
 30
0.0
 10
41.69368150499131
 20
12.83578830295138
 30
0.0
 10
41.69368150499131
 20
12.83578830295138
 30
0.0
 10
43.05201551649305
 20
12.83578830295138
 30
0.0
 10
43.05201551649305
 20
12.83578830295138
 30
0.0
 10
43.13951280381944
 20
12.83578830295138
 30
0.0
 10
43.21069675021701
 20
12.90696885850694
 30
0.0
 10
43.21069675021701
 20
12.99446614583333
 30
0.0
 10
43.21069675021701
 20
12.99446614583333
 30
0.0
 10
43.21069675021701
 20
14.35279676649305
 30
0.0
 10
43.21069675021701
 20
14.35279676649305
 30
0.0
 10
43.21069675021701
 20
14.44029405381944
 30
0.0
 10
43.13951280381944
 20
14.511474609375
 30
0.0
 10
43.05201551649305
 20
14.511474609375
 30
0.0
  0
SPLINE
  5
C1
330
87
100
AcDbEntity
  8
Layer 1
 62
   140
420
    51711
370
    70
100
AcDbSpline
210
0.0
220
0.0
230
1.0
 70
     9
 71
     3
 72
    47
 73
    43
 74
     0
 42
0.0000000001
 43
0.0000000001
 40
0.0
 40
0.0
 40
0.0
 40
0.0
 40
1.0
 40
1.0
 40
1.0
 40
2.0
 40
2.0
 40
2.0
 40
3.0
 40
3.0
 40
3.0
 40
4.0
 40
4.0
 40
4.0
 40
5.0
 40
5.0
 40
5.0
 40
6.0
 40
6.0
 40
6.0
 40
7.0
 40
7.0
 40
7.0
 40
8.0
 40
8.0
 40
8.0
 40
9.0
 40
9.0
 40
9.0
 40
10.0
 40
10.0
 40
10.0
 40
11.0
 40
11.0
 40
11.0
 40
12.0
 40
12.0
 40
12.0
 40
13.0
 40
13.0
 40
13.0
 40
14.0
 40
14.0
 40
14.0
 40
14.0
 10
47.75201416015625
 20
14.511474609375
 30
0.0
 10
47.75201416015625
 20
14.511474609375
 30
0.0
 10
47.70399305555555
 20
14.511474609375
 30
0.0
 10
47.70399305555555
 20
14.511474609375
 30
0.0
 10
47.70399305555555
 20
14.511474609375
 30
0.0
 10
47.70399305555555
 20
15.45148383246528
 30
0.0
 10
47.70399305555555
 20
15.45148383246528
 30
0.0
 10
47.70399305555555
 20
15.53285047743055
 30
0.0
 10
47.63779703776041
 20
15.59905327690972
 30
0.0
 10
47.55642700195312
 20
15.59905327690972
 30
0.0
 10
47.55642700195312
 20
15.59905327690972
 30
0.0
 10
46.58927069769965
 20
15.59905327690972
 30
0.0
 10
46.58927069769965
 20
15.59905327690972
 30
0.0
 10
46.50790066189236
 20
15.59905327690972
 30
0.0
 10
46.4417012532552
 20
15.53285047743055
 30
0.0
 10
46.4417012532552
 20
15.45148383246528
 30
0.0
 10
46.4417012532552
 20
15.45148383246528
 30
0.0
 10
46.4417012532552
 20
14.511474609375
 30
0.0
 10
46.4417012532552
 20
14.511474609375
 30
0.0
 10
46.4417012532552
 20
14.511474609375
 30
0.0
 10
46.39368014865451
 20
14.511474609375
 30
0.0
 10
46.39368014865451
 20
14.511474609375
 30
0.0
 10
46.30618286132812
 20
14.511474609375
 30
0.0
 10
46.23499891493055
 20
14.44029405381944
 30
0.0
 10
46.23499891493055
 20
14.35279676649305
 30
0.0
 10
46.23499891493055
 20
14.35279676649305
 30
0.0
 10
46.23499891493055
 20
12.99446614583333
 30
0.0
 10
46.23499891493055
 20
12.99446614583333
 30
0.0
 10
46.23499891493055
 20
12.90696885850694
 30
0.0
 10
46.30618286132812
 20
12.83578830295138
 30
0.0
 10
46.39368014865451
 20
12.83578830295138
 30
0.0
 10
46.39368014865451
 20
12.83578830295138
 30
0.0
 10
47.75201416015625
 20
12.83578830295138
 30
0.0
 10
47.75201416015625
 20
12.83578830295138
 30
0.0
 10
47.83951144748264
 20
12.83578830295138
 30
0.0
 10
47.9106953938802
 20
12.90696885850694
 30
0.0
 10
47.9106953938802
 20
12.99446614583333
 30
0.0
 10
47.9106953938802
 20
12.99446614583333
 30
0.0
 10
47.9106953938802
 20
14.35279676649305
 30
0.0
 10
47.9106953938802
 20
14.35279676649305
 30
0.0
 10
47.9106953938802
 20
14.44029405381944
 30
0.0
 10
47.83951144748264
 20
14.511474609375
 30
0.0
 10
47.75201416015625
 20
14.511474609375
 30
0.0
  0
SPLINE
  5
C2
330
87
100
AcDbEntity
  8
Layer 1
 62
   140
420
    51711
370
    70
100
AcDbSpline
210
0.0
220
0.0
230
1.0
 70
     9
 71
     3
 72
    47
 73
    43
 74
     0
 42
0.0000000001
 43
0.0000000001
 40
0.0
 40
0.0
 40
0.0
 40
0.0
 40
1.0
 40
1.0
 40
1.0
 40
2.0
 40
2.0
 40
2.0
 40
3.0
 40
3.0
 40
3.0
 40
4.0
 40
4.0
 40
4.0
 40
5.0
 40
5.0
 40
5.0
 40
6.0
 40
6.0
 40
6.0
 40
7.0
 40
7.0
 40
7.0
 40
8.0
 40
8.0
 40
8.0
 40
9.0
 40
9.0
 40
9.0
 40
10.0
 40
10.0
 40
10.0
 40
11.0
 40
11.0
 40
11.0
 40
12.0
 40
12.0
 40
12.0
 40
13.0
 40
13.0
 40
13.0
 40
14.0
 40
14.0
 40
14.0
 40
14.0
 10
52.45201280381944
 20
14.511474609375
 30
0.0
 10
52.45201280381944
 20
14.511474609375
 30
0.0
 10
52.40399169921875
 20
14.511474609375
 30
0.0
 10
52.40399169921875
 20
14.511474609375
 30
0.0
 10
52.40399169921875
 20
14.511474609375
 30
0.0
 10
52.40399169921875
 20
15.45148383246528
 30
0.0
 10
52.40399169921875
 20
15.45148383246528
 30
0.0
 10
52.40399169921875
 20
15.53285047743055
 30
0.0
 10
52.3377956814236
 20
15.59905327690972
 30
0.0
 10
52.25642564561631
 20
15.59905327690972
 30
0.0
 10
52.25642564561631
 20
15.59905327690972
 30
0.0
 10
51.28926934136284
 20
15.59905327690972
 30
0.0
 10
51.28926934136284
 20
15.59905327690972
 30
0.0
 10
51.20789930555555
 20
15.59905327690972
 30
0.0
 10
51.1416998969184
 20
15.53285047743055
 30
0.0
 10
51.1416998969184
 20
15.45148383246528
 30
0.0
 10
51.1416998969184
 20
15.45148383246528
 30
0.0
 10
51.1416998969184
 20
14.511474609375
 30
0.0
 10
51.1416998969184
 20
14.511474609375
 30
0.0
 10
51.1416998969184
 20
14.511474609375
 30
0.0
 10
51.0936787923177
 20
14.511474609375
 30
0.0
 10
51.0936787923177
 20
14.511474609375
 30
0.0
 10
51.00618150499132
 20
14.511474609375
 30
0.0
 10
50.93499755859375
 20
14.44029405381944
 30
0.0
 10
50.93499755859375
 20
14.35279676649305
 30
0.0
 10
50.93499755859375
 20
14.35279676649305
 30
0.0
 10
50.93499755859375
 20
12.99446614583333
 30
0.0
 10
50.93499755859375
 20
12.99446614583333
 30
0.0
 10
50.93499755859375
 20
12.90696885850694
 30
0.0
 10
51.00618150499132
 20
12.83578830295138
 30
0.0
 10
51.0936787923177
 20
12.83578830295138
 30
0.0
 10
51.0936787923177
 20
12.83578830295138
 30
0.0
 10
52.45201280381944
 20
12.83578830295138
 30
0.0
 10
52.45201280381944
 20
12.83578830295138
 30
0.0
 10
52.53951009114583
 20
12.83578830295138
 30
0.0
 10
52.6106940375434
 20
12.90696885850694
 30
0.0
 10
52.6106940375434
 20
12.99446614583333
 30
0.0
 10
52.6106940375434
 20
12.99446614583333
 30
0.0
 10
52.6106940375434
 20
14.35279676649305
 30
0.0
 10
52.6106940375434
 20
14.35279676649305
 30
0.0
 10
52.6106940375434
 20
14.44029405381944
 30
0.0
 10
52.53951009114583
 20
14.511474609375
 30
0.0
 10
52.45201280381944
 20
14.511474609375
 30
0.0
  0
CIRCLE
  5
C3
330
87
100
AcDbEntity
  8
Layer 1
 62
     1
420
 16711686
370
    70
100
AcDbCircle
 10
55.88774278428819
 20
14.27345106336805
 30
0.0
 40
0.0694444444444445
  0
CIRCLE
  5
C4
330
87
100
AcDbEntity
  8
Layer 1
 62
     1
420
 16711686
370
    70
100
AcDbCircle
 10
57.10858154296875
 20
14.27345106336805
 30
0.0
 40
0.0694444444444445
  0
CIRCLE
  5
C5
330
87
100
AcDbEntity
  8
Layer 1
 62
     1
420
 16711686
370
    70
100
AcDbCircle
 10
55.88774278428819
 20
13.0526123046875
 30
0.0
 40
0.0694444444444445
  0
CIRCLE
  5
C6
330
87
100
AcDbEntity
  8
Layer 1
 62
     1
420
 16711686
370
    70
100
AcDbCircle
 10
57.10858154296875
 20
13.0526123046875
 30
0.0
 40
0.0694444444444445
  0
SPLINE
  5
C7
330
87
100
AcDbEntity
  8
Layer 1
 62
   140
420
    51711
370
    70
100
AcDbSpline
210
0.0
220
0.0
230
1.0
 70
    11
 71
     3
 72
    50
 73
    46
 74
     0
 42
0.0000000001
 43
0.0000000001
 40
0.0
 40
0.0
 40
0.0
 40
0.0
 40
1.0
 40
1.0
 40
1.0
 40
2.0
 40
2.0
 40
2.0
 40
3.0
 40
3.0
 40
3.0
 40
4.0
 40
4.0
 40
4.0
 40
5.0
 40
5.0
 40
5.0
 40
6.0
 40
6.0
 40
6.0
 40
7.0
 40
7.0
 40
7.0
 40
8.0
 40
8.0
 40
8.0
 40
9.0
 40
9.0
 40
9.0
 40
10.0
 40
10.0
 40
10.0
 40
11.0
 40
11.0
 40
11.0
 40
12.0
 40
12.0
 40
12.0
 40
13.0
 40
13.0
 40
13.0
 40
14.0
 40
14.0
 40
14.0
 40
15.0
 40
15.0
 40
15.0
 40
15.0
 10
57.15201144748263
 20
14.511474609375
 30
0.0
 10
57.15201144748263
 20
14.511474609375
 30
0.0
 10
57.10399034288194
 20
14.511474609375
 30
0.0
 10
57.10399034288194
 20
14.511474609375
 30
0.0
 10
57.10399034288194
 20
14.511474609375
 30
0.0
 10
57.10399034288194
 20
15.45148383246528
 30
0.0
 10
57.10399034288194
 20
15.45148383246528
 30
0.0
 10
57.10399034288194
 20
15.53285047743055
 30
0.0
 10
57.0377943250868
 20
15.59905327690972
 30
0.0
 10
56.9564208984375
 20
15.59905327690972
 30
0.0
 10
56.9564208984375
 20
15.59905327690972
 30
0.0
 10
55.98926459418402
 20
15.59905327690972
 30
0.0
 10
55.98926459418402
 20
15.59905327690972
 30
0.0
 10
55.90789455837673
 20
15.59905327690972
 30
0.0
 10
55.84169514973957
 20
15.53285047743055
 30
0.0
 10
55.84169514973957
 20
15.45148383246528
 30
0.0
 10
55.84169514973957
 20
15.45148383246528
 30
0.0
 10
55.84169514973957
 20
14.511474609375
 30
0.0
 10
55.84169514973957
 20
14.511474609375
 30
0.0
 10
55.84169514973957
 20
14.511474609375
 30
0.0
 10
55.79367404513888
 20
14.511474609375
 30
0.0
 10
55.79367404513888
 20
14.511474609375
 30
0.0
 10
55.7061767578125
 20
14.511474609375
 30
0.0
 10
55.63499281141492
 20
14.44029405381944
 30
0.0
 10
55.63499281141492
 20
14.35279676649305
 30
0.0
 10
55.63499281141492
 20
14.35279676649305
 30
0.0
 10
55.63499281141492
 20
12.99446614583333
 30
0.0
 10
55.63499281141492
 20
12.99446614583333
 30
0.0
 10
55.63499281141492
 20
12.90696885850694
 30
0.0
 10
55.7061767578125
 20
12.83578830295138
 30
0.0
 10
55.79367404513888
 20
12.83578830295138
 30
0.0
 10
55.79367404513888
 20
12.83578830295138
 30
0.0
 10
57.15200466579861
 20
12.83578830295138
 30
0.0
 10
57.15200466579861
 20
12.83578830295138
 30
0.0
 10
57.239501953125
 20
12.83578830295138
 30
0.0
 10
57.31068250868055
 20
12.90696885850694
 30
0.0
 10
57.31068250868055
 20
12.99446614583333
 30
0.0
 10
57.31068250868055
 20
12.99446614583333
 30
0.0
 10
57.31068250868055
 20
14.35279676649305
 30
0.0
 10
57.31068250868055
 20
14.35279676649305
 30
0.0
 10
57.31068250868055
 20
14.44029405381944
 30
0.0
 10
57.239501953125
 20
14.511474609375
 30
0.0
 10
57.15200466579861
 20
14.511474609375
 30
0.0
 10
57.15200466579861
 20
14.511474609375
 30
0.0
 10
57.15201144748263
 20
14.511474609375
 30
0.0
 10
57.15201144748263
 20
14.511474609375
 30
0.0
  0
CIRCLE
  5
C8
330
87
100
AcDbEntity
  8
Layer 1
 62
     1
420
 15862796
370
    35
100
AcDbCircle
 10
4.772845798068575
 20
19.94658745659722
 30
0.0
 40
0.098427242702908
  0
CIRCLE
  5
C9
330
87
100
AcDbEntity
  8
Layer 1
 62
     1
420
 15862796
370
    35
100
AcDbCircle
 10
9.472846137152776
 20
19.94658745659722
 30
0.0
 40
0.098427242702908
  0
CIRCLE
  5
CA
330
87
100
AcDbEntity
  8
Layer 1
 62
     1
420
 15862796
370
    35
100
AcDbCircle
 10
14.17284562852647
 20
19.94658745659722
 30
0.0
 40
0.098427242702908
  0
CIRCLE
  5
CB
330
87
100
AcDbEntity
  8
Layer 1
 62
     1
420
 15862796
370
    35
100
AcDbCircle
 10
18.87284511990017
 20
19.94658745659722
 30
0.0
 40
0.0984268188476563
  0
CIRCLE
  5
CC
330
87
100
AcDbEntity
  8
Layer 1
 62
     1
420
 15862796
370
    35
100
AcDbCircle
 10
23.57284545898437
 20
19.94658745659722
 30
0.0
 40
0.0984268188476563
  0
SPLINE
  5
CD
330
87
100
AcDbEntity
  8
Layer 1
 62
     1
420
 15862796
370
    35
100
AcDbSpline
210
0.0
220
0.0
230
1.0
 70
    11
 71
     3
 72
    17
 73
    13
 74
     0
 42
0.0000000001
 43
0.0000000001
 40
0.0
 40
0.0
 40
0.0
 40
0.0
 40
1.0
 40
1.0
 40
1.0
 40
2.0
 40
2.0
 40
2.0
 40
3.0
 40
3.0
 40
3.0
 40
4.0
 40
4.0
 40
4.0
 40
4.0
 10
28.37127176920573
 20
19.94658745659722
 30
0.0
 10
28.37127176920573
 20
19.89222547743055
 30
0.0
 10
28.32720438639323
 20
19.84815809461805
 30
0.0
 10
28.27284749348958
 20
19.84815809461805
 30
0.0
 10
28.21848890516493
 20
19.84815809461805
 30
0.0
 10
28.17442321777344
 20
19.89222547743055
 30
0.0
 10
28.17442321777344
 20
19.94658745659722
 30
0.0
 10
28.17442321777344
 20
20.00094943576389
 30
0.0
 10
28.21849060058594
 20
20.04501681857639
 30
0.0
 10
28.27284749348958
 20
20.04501681857639
 30
0.0
 10
28.32720608181423
 20
20.04501681857639
 30
0.0
 10
28.37127176920573
 20
20.00094943576389
 30
0.0
 10
28.37127176920573
 20
19.94658745659722
 30
0.0
  0
SPLINE
  5
CE
330
87
100
AcDbEntity
  8
Layer 1
 62
     1
420
 15862796
370
    35
100
AcDbSpline
210
0.0
220
0.0
230
1.0
 70
    11
 71
     3
 72
    17
 73
    13
 74
     0
 42
0.0000000001
 43
0.0000000001
 40
0.0
 40
0.0
 40
0.0
 40
0.0
 40
1.0
 40
1.0
 40
1.0
 40
2.0
 40
2.0
 40
2.0
 40
3.0
 40
3.0
 40
3.0
 40
4.0
 40
4.0
 40
4.0
 40
4.0
 10
33.07127210828993
 20
19.94658745659722
 30
0.0
 10
33.07127210828993
 20
19.89222547743055
 30
0.0
 10
33.02720472547743
 20
19.84815809461805
 30
0.0
 10
32.97284613715278
 20
19.84815809461805
 30
0.0
 10
32.91848754882813
 20
19.84815809461805
 30
0.0
 10
32.87442016601563
 20
19.89222547743055
 30
0.0
 10
32.87442016601563
 20
19.94658745659722
 30
0.0
 10
32.87442016601563
 20
20.00094943576389
 30
0.0
 10
32.91848754882813
 20
20.04501681857639
 30
0.0
 10
32.97284613715278
 20
20.04501681857639
 30
0.0
 10
33.02720472547743
 20
20.04501681857639
 30
0.0
 10
33.07127210828993
 20
20.00094943576389
 30
0.0
 10
33.07127210828993
 20
19.94658745659722
 30
0.0
  0
SPLINE
  5
CF
330
87
100
AcDbEntity
  8
Layer 1
 62
     1
420
 15862796
370
    35
100
AcDbSpline
210
0.0
220
0.0
230
1.0
 70
    11
 71
     3
 72
    17
 73
    13
 74
     0
 42
0.0000000001
 43
0.0000000001
 40
0.0
 40
0.0
 40
0.0
 40
0.0
 40
1.0
 40
1.0
 40
1.0
 40
2.0
 40
2.0
 40
2.0
 40
3.0
 40
3.0
 40
3.0
 40
4.0
 40
4.0
 40
4.0
 40
4.0
 10
37.77127075195313
 20
19.94658745659722
 30
0.0
 10
37.77127075195313
 20
19.89222547743055
 30
0.0
 10
37.72720336914062
 20
19.84815809461805
 30
0.0
 10
37.67284478081597
 20
19.84815809461805
 30
0.0
 10
37.61848619249132
 20
19.84815809461805
 30
0.0
 10
37.57441880967882
 20
19.89222547743055
 30
0.0
 10
37.57441880967882
 20
19.94658745659722
 30
0.0
 10
37.57441880967882
 20
20.00094943576389
 30
0.0
 10
37.61848619249132
 20
20.04501681857639
 30
0.0
 10
37.67284478081597
 20
20.04501681857639
 30
0.0
 10
37.72720336914062
 20
20.04501681857639
 30
0.0
 10
37.77127075195313
 20
20.00094943576389
 30
0.0
 10
37.77127075195313
 20
19.94658745659722
 30
0.0
  0
SPLINE
  5
D0
330
87
100
AcDbEntity
  8
Layer 1
 62
     1
420
 15862796
370
    35
100
AcDbSpline
210
0.0
220
0.0
230
1.0
 70
    11
 71
     3
 72
    17
 73
    13
 74
     0
 42
0.0000000001
 43
0.0000000001
 40
0.0
 40
0.0
 40
0.0
 40
0.0
 40
1.0
 40
1.0
 40
1.0
 40
2.0
 40
2.0
 40
2.0
 40
3.0
 40
3.0
 40
3.0
 40
4.0
 40
4.0
 40
4.0
 40
4.0
 10
42.47127278645833
 20
19.94658745659722
 30
0.0
 10
42.47127278645833
 20
19.89222547743055
 30
0.0
 10
42.42720540364582
 20
19.84815809461805
 30
0.0
 10
42.37284681532117
 20
19.84815809461805
 30
0.0
 10
42.31848822699652
 20
19.84815809461805
 30
0.0
 10
42.27442084418402
 20
19.89222547743055
 30
0.0
 10
42.27442084418402
 20
19.94658745659722
 30
0.0
 10
42.27442084418402
 20
20.00094943576389
 30
0.0
 10
42.31848822699652
 20
20.04501681857639
 30
0.0
 10
42.37284681532117
 20
20.04501681857639
 30
0.0
 10
42.42720540364582
 20
20.04501681857639
 30
0.0
 10
42.47127278645833
 20
20.00094943576389
 30
0.0
 10
42.47127278645833
 20
19.94658745659722
 30
0.0
  0
SPLINE
  5
D1
330
87
100
AcDbEntity
  8
Layer 1
 62
     1
420
 15862796
370
    35
100
AcDbSpline
210
0.0
220
0.0
230
1.0
 70
    11
 71
     3
 72
    17
 73
    13
 74
     0
 42
0.0000000001
 43
0.0000000001
 40
0.0
 40
0.0
 40
0.0
 40
0.0
 40
1.0
 40
1.0
 40
1.0
 40
2.0
 40
2.0
 40
2.0
 40
3.0
 40
3.0
 40
3.0
 40
4.0
 40
4.0
 40
4.0
 40
4.0
 10
47.17127143012152
 20
19.94658745659722
 30
0.0
 10
47.17127143012152
 20
19.89222547743055
 30
0.0
 10
47.12720404730903
 20
19.84815809461805
 30
0.0
 10
47.07284545898438
 20
19.84815809461805
 30
0.0
 10
47.01848687065972
 20
19.84815809461805
 30
0.0
 10
46.97441948784722
 20
19.89222547743055
 30
0.0
 10
46.97441948784722
 20
19.94658745659722
 30
0.0
 10
46.97441948784722
 20
20.00094943576389
 30
0.0
 10
47.01848687065972
 20
20.04501681857639
 30
0.0
 10
47.07284545898438
 20
20.04501681857639
 30
0.0
 10
47.12720404730903
 20
20.04501681857639
 30
0.0
 10
47.17127143012152
 20
20.00094943576389
 30
0.0
 10
47.17127143012152
 20
19.94658745659722
 30
0.0
  0
SPLINE
  5
D2
330
87
100
AcDbEntity
  8
Layer 1
 62
     1
420
 15862796
370
    35
100
AcDbSpline
210
0.0
220
0.0
230
1.0
 70
    11
 71
     3
 72
    17
 73
    13
 74
     0
 42
0.0000000001
 43
0.0000000001
 40
0.0
 40
0.0
 40
0.0
 40
0.0
 40
1.0
 40
1.0
 40
1.0
 40
2.0
 40
2.0
 40
2.0
 40
3.0
 40
3.0
 40
3.0
 40
4.0
 40
4.0
 40
4.0
 40
4.0
 10
51.87127346462673
 20
19.94658745659722
 30
0.0
 10
51.87127346462673
 20
19.89222547743055
 30
0.0
 10
51.82720608181423
 20
19.84815809461805
 30
0.0
 10
51.77284749348958
 20
19.84815809461805
 30
0.0
 10
51.71848890516493
 20
19.84815809461805
 30
0.0
 10
51.67442152235242
 20
19.89222547743055
 30
0.0
 10
51.67442152235242
 20
19.94658745659722
 30
0.0
 10
51.67442152235242
 20
20.00094943576389
 30
0.0
 10
51.71848890516493
 20
20.04501681857639
 30
0.0
 10
51.77284749348958
 20
20.04501681857639
 30
0.0
 10
51.82720608181423
 20
20.04501681857639
 30
0.0
 10
51.87127346462673
 20
20.00094943576389
 30
0.0
 10
51.87127346462673
 20
19.94658745659722
 30
0.0
  0
SPLINE
  5
D3
330
87
100
AcDbEntity
  8
Layer 1
 62
     1
420
 15862796
370
    35
100
AcDbSpline
210
0.0
220
0.0
230
1.0
 70
    11
 71
     3
 72
    17
 73
    13
 74
     0
 42
0.0000000001
 43
0.0000000001
 40
0.0
 40
0.0
 40
0.0
 40
0.0
 40
1.0
 40
1.0
 40
1.0
 40
2.0
 40
2.0
 40
2.0
 40
3.0
 40
3.0
 40
3.0
 40
4.0
 40
4.0
 40
4.0
 40
4.0
 10
56.57127210828992
 20
19.94658745659722
 30
0.0
 10
56.57127210828992
 20
19.89222547743055
 30
0.0
 10
56.52720472547742
 20
19.84815809461805
 30
0.0
 10
56.47284613715277
 20
19.84815809461805
 30
0.0
 10
56.41848754882812
 20
19.84815809461805
 30
0.0
 10
56.37442016601562
 20
19.89222547743055
 30
0.0
 10
56.37442016601562
 20
19.94658745659722
 30
0.0
 10
56.37442016601562
 20
20.00094943576389
 30
0.0
 10
56.41848754882812
 20
20.04501681857639
 30
0.0
 10
56.47284613715277
 20
20.04501681857639
 30
0.0
 10
56.52720472547742
 20
20.04501681857639
 30
0.0
 10
56.57127210828992
 20
20.00094943576389
 30
0.0
 10
56.57127210828992
 20
19.94658745659722
 30
0.0
  0
SPLINE
  5
D4
330
87
100
AcDbEntity
  8
Layer 1
 62
    11
420
 15363694
370
    70
100
AcDbSpline
210
0.0
220
0.0
230
1.0
 70
    11
 71
     3
 72
   116
 73
   112
 74
     0
 42
0.0000000001
 43
0.0000000001
 40
0.0
 40
0.0
 40
0.0
 40
0.0
 40
1.0
 40
1.0
 40
1.0
 40
2.0
 40
2.0
 40
2.0
 40
3.0
 40
3.0
 40
3.0
 40
4.0
 40
4.0
 40
4.0
 40
5.0
 40
5.0
 40
5.0
 40
6.0
 40
6.0
 40
6.0
 40
7.0
 40
7.0
 40
7.0
 40
8.0
 40
8.0
 40
8.0
 40
9.0
 40
9.0
 40
9.0
 40
10.0
 40
10.0
 40
10.0
 40
11.0
 40
11.0
 40
11.0
 40
12.0
 40
12.0
 40
12.0
 40
13.0
 40
13.0
 40
13.0
 40
14.0
 40
14.0
 40
14.0
 40
15.0
 40
15.0
 40
15.0
 40
16.0
 40
16.0
 40
16.0
 40
17.0
 40
17.0
 40
17.0
 40
18.0
 40
18.0
 40
18.0
 40
19.0
 40
19.0
 40
19.0
 40
20.0
 40
20.0
 40
20.0
 40
21.0
 40
21.0
 40
21.0
 40
22.0
 40
22.0
 40
22.0
 40
23.0
 40
23.0
 40
23.0
 40
24.0
 40
24.0
 40
24.0
 40
25.0
 40
25.0
 40
25.0
 40
26.0
 40
26.0
 40
26.0
 40
27.0
 40
27.0
 40
27.0
 40
28.0
 40
28.0
 40
28.0
 40
29.0
 40
29.0
 40
29.0
 40
30.0
 40
30.0
 40
30.0
 40
31.0
 40
31.0
 40
31.0
 40
32.0
 40
32.0
 40
32.0
 40
33.0
 40
33.0
 40
33.0
 40
34.0
 40
34.0
 40
34.0
 40
35.0
 40
35.0
 40
35.0
 40
36.0
 40
36.0
 40
36.0
 40
37.0
 40
37.0
 40
37.0
 40
37.0
 10
0.6122888988918728
 20
4.513875325520833
 30
0.0
 10
0.6122888988918728
 20
4.513875325520833
 30
0.0
 10
61.21389431423611
 20
4.513875325520833
 30
0.0
 10
61.21389431423611
 20
4.513875325520833
 30
0.0
 10
61.21389431423611
 20
4.513875325520833
 30
0.0
 10
61.21389431423611
 20
4.017781575520833
 30
0.0
 10
61.21389431423611
 20
4.017781575520833
 30
0.0
 10
61.21389431423611
 20
4.017781575520833
 30
0.0
 10
60.61549207899305
 20
4.017781575520833
 30
0.0
 10
60.61549207899305
 20
4.017781575520833
 30
0.0
 10
60.61549207899305
 20
4.017781575520833
 30
0.0
 10
60.61549207899305
 20
3.509982638888888
 30
0.0
 10
60.61549207899305
 20
3.509982638888888
 30
0.0
 10
60.61549207899305
 20
3.509982638888888
 30
0.0
 10
61.21389431423611
 20
3.509982638888888
 30
0.0
 10
61.21389431423611
 20
3.509982638888888
 30
0.0
 10
61.21389431423611
 20
3.509982638888888
 30
0.0
 10
61.21389431423611
 20
3.017781575520833
 30
0.0
 10
61.21389431423611
 20
3.017781575520833
 30
0.0
 10
61.21389431423611
 20
3.017781575520833
 30
0.0
 10
60.61549207899305
 20
3.017781575520833
 30
0.0
 10
60.61549207899305
 20
3.017781575520833
 30
0.0
 10
60.61549207899305
 20
3.017781575520833
 30
0.0
 10
60.61549207899305
 20
2.509982638888888
 30
0.0
 10
60.61549207899305
 20
2.509982638888888
 30
0.0
 10
60.61549207899305
 20
2.509982638888888
 30
0.0
 10
61.21389431423611
 20
2.509982638888888
 30
0.0
 10
61.21389431423611
 20
2.509982638888888
 30
0.0
 10
61.21389431423611
 20
2.509982638888888
 30
0.0
 10
61.21389431423611
 20
2.017781575520833
 30
0.0
 10
61.21389431423611
 20
2.017781575520833
 30
0.0
 10
61.21389431423611
 20
2.017781575520833
 30
0.0
 10
60.61549207899305
 20
2.017781575520833
 30
0.0
 10
60.61549207899305
 20
2.017781575520833
 30
0.0
 10
60.61549207899305
 20
2.017781575520833
 30
0.0
 10
60.61549207899305
 20
1.509982638888888
 30
0.0
 10
60.61549207899305
 20
1.509982638888888
 30
0.0
 10
60.61549207899305
 20
1.509982638888888
 30
0.0
 10
61.21389431423611
 20
1.509982638888888
 30
0.0
 10
61.21389431423611
 20
1.509982638888888
 30
0.0
 10
61.21389431423611
 20
1.509982638888888
 30
0.0
 10
61.21389431423611
 20
1.017781575520833
 30
0.0
 10
61.21389431423611
 20
1.017781575520833
 30
0.0
 10
61.21389431423611
 20
1.017781575520833
 30
0.0
 10
60.61549207899305
 20
1.017781575520833
 30
0.0
 10
60.61549207899305
 20
1.017781575520833
 30
0.0
 10
60.61549207899305
 20
1.017781575520833
 30
0.0
 10
60.61549207899305
 20
0.5099826388888889
 30
0.0
 10
60.61549207899305
 20
0.5099826388888889
 30
0.0
 10
60.61549207899305
 20
0.5099826388888889
 30
0.0
 10
61.21389431423611
 20
0.5099826388888889
 30
0.0
 10
61.21389431423611
 20
0.5099826388888889
 30
0.0
 10
61.21389431423611
 20
0.5099826388888889
 30
0.0
 10
61.21389431423611
 20
0.0138888888888889
 30
0.0
 10
61.21389431423611
 20
0.0138888888888889
 30
0.0
 10
61.21389431423611
 20
0.0138888888888889
 30
0.0
 10
0.0138888888888889
 20
0.0138888888888889
 30
0.0
 10
0.0138888888888889
 20
0.0138888888888889
 30
0.0
 10
0.0138888888888889
 20
0.0138888888888889
 30
0.0
 10
0.0138888888888889
 20
0.5099826388888889
 30
0.0
 10
0.0138888888888889
 20
0.5099826388888889
 30
0.0
 10
0.0138888888888889
 20
0.5099826388888889
 30
0.0
 10
0.6122888988918728
 20
0.5099826388888889
 30
0.0
 10
0.6122888988918728
 20
0.5099826388888889
 30
0.0
 10
0.6122888988918728
 20
0.5099826388888889
 30
0.0
 10
0.6122888988918728
 20
1.017781575520833
 30
0.0
 10
0.6122888988918728
 20
1.017781575520833
 30
0.0
 10
0.6122888988918728
 20
1.017781575520833
 30
0.0
 10
0.0138888888888889
 20
1.017781575520833
 30
0.0
 10
0.0138888888888889
 20
1.017781575520833
 30
0.0
 10
0.0138888888888889
 20
1.017781575520833
 30
0.0
 10
0.0138888888888889
 20
1.509982638888888
 30
0.0
 10
0.0138888888888889
 20
1.509982638888888
 30
0.0
 10
0.0138888888888889
 20
1.509982638888888
 30
0.0
 10
0.6122888988918728
 20
1.509982638888888
 30
0.0
 10
0.6122888988918728
 20
1.509982638888888
 30
0.0
 10
0.6122888988918728
 20
1.509982638888888
 30
0.0
 10
0.6122888988918728
 20
2.017781575520833
 30
0.0
 10
0.6122888988918728
 20
2.017781575520833
 30
0.0
 10
0.6122888988918728
 20
2.017781575520833
 30
0.0
 10
0.0138888888888889
 20
2.017781575520833
 30
0.0
 10
0.0138888888888889
 20
2.017781575520833
 30
0.0
 10
0.0138888888888889
 20
2.017781575520833
 30
0.0
 10
0.0138888888888889
 20
2.509982638888888
 30
0.0
 10
0.0138888888888889
 20
2.509982638888888
 30
0.0
 10
0.0138888888888889
 20
2.509982638888888
 30
0.0
 10
0.6122888988918728
 20
2.509982638888888
 30
0.0
 10
0.6122888988918728
 20
2.509982638888888
 30
0.0
 10
0.6122888988918728
 20
2.509982638888888
 30
0.0
 10
0.6122888988918728
 20
3.017781575520833
 30
0.0
 10
0.6122888988918728
 20
3.017781575520833
 30
0.0
 10
0.6122888988918728
 20
3.017781575520833
 30
0.0
 10
0.0138888888888889
 20
3.017781575520833
 30
0.0
 10
0.0138888888888889
 20
3.017781575520833
 30
0.0
 10
0.0138888888888889
 20
3.017781575520833
 30
0.0
 10
0.0138888888888889
 20
3.509982638888888
 30
0.0
 10
0.0138888888888889
 20
3.509982638888888
 30
0.0
 10
0.0138888888888889
 20
3.509982638888888
 30
0.0
 10
0.6122888988918728
 20
3.509982638888888
 30
0.0
 10
0.6122888988918728
 20
3.509982638888888
 30
0.0
 10
0.6122888988918728
 20
3.509982638888888
 30
0.0
 10
0.6122888988918728
 20
4.017781575520833
 30
0.0
 10
0.6122888988918728
 20
4.017781575520833
 30
0.0
 10
0.6122888988918728
 20
4.017781575520833
 30
0.0
 10
0.0138888888888889
 20
4.017781575520833
 30
0.0
 10
0.0138888888888889
 20
4.017781575520833
 30
0.0
 10
0.0138888888888889
 20
4.017781575520833
 30
0.0
 10
0.0138888888888889
 20
4.513875325520833
 30
0.0
 10
0.0138888888888889
 20
4.513875325520833
 30
0.0
 10
0.0138888888888889
 20
4.513875325520833
 30
0.0
 10
0.6122888988918728
 20
4.513875325520833
 30
0.0
 10
0.6122888988918728
 20
4.513875325520833
 30
0.0
  0
CIRCLE
  5
D5
330
87
100
AcDbEntity
  8
Layer 1
 62
     1
420
 16711686
370
    70
100
AcDbCircle
 10
27.68707105848524
 20
2.723076714409721
 30
0.0
 40
0.0694444444444445
  0
CIRCLE
  5
D6
330
87
100
AcDbEntity
  8
Layer 1
 62
     1
420
 16711686
370
    70
100
AcDbCircle
 10
28.90790812174479
 20
2.723076714409721
 30
0.0
 40
0.0694444444444445
  0
CIRCLE
  5
D7
330
87
100
AcDbEntity
  8
Layer 1
 62
     1
420
 16711686
370
    70
100
AcDbCircle
 10
27.68707105848524
 20
1.502251519097222
 30
0.0
 40
0.0694444444444445
  0
CIRCLE
  5
D8
330
87
100
AcDbEntity
  8
Layer 1
 62
     1
420
 16711686
370
    70
100
AcDbCircle
 10
28.90790812174479
 20
1.502251519097222
 30
0.0
 40
0.0694444444444445
  0
CIRCLE
  5
D9
330
87
100
AcDbEntity
  8
Layer 1
 62
     1
420
 16711686
370
    70
100
AcDbCircle
 10
32.39060126410591
 20
2.723076714409721
 30
0.0
 40
0.0694444444444445
  0
CIRCLE
  5
DA
330
87
100
AcDbEntity
  8
Layer 1
 62
     1
420
 16711686
370
    70
100
AcDbCircle
 10
33.61143663194444
 20
2.723076714409721
 30
0.0
 40
0.0694444444444445
  0
CIRCLE
  5
DB
330
87
100
AcDbEntity
  8
Layer 1
 62
     1
420
 16711686
370
    70
100
AcDbCircle
 10
32.39060126410591
 20
1.502251519097222
 30
0.0
 40
0.0694444444444445
  0
CIRCLE
  5
DC
330
87
100
AcDbEntity
  8
Layer 1
 62
     1
420
 16711686
370
    70
100
AcDbCircle
 10
33.61143663194444
 20
1.502251519097222
 30
0.0
 40
0.0694444444444445
  0
CIRCLE
  5
DD
330
87
100
AcDbEntity
  8
Layer 1
 62
     1
420
 16711686
370
    70
100
AcDbCircle
 10
37.08502197265625
 20
2.723076714409721
 30
0.0
 40
0.0694444444444445
  0
CIRCLE
  5
DE
330
87
100
AcDbEntity
  8
Layer 1
 62
     1
420
 16711686
370
    70
100
AcDbCircle
 10
38.30585734049479
 20
2.723076714409721
 30
0.0
 40
0.0694444444444445
  0
CIRCLE
  5
DF
330
87
100
AcDbEntity
  8
Layer 1
 62
     1
420
 16711686
370
    70
100
AcDbCircle
 10
37.08502197265625
 20
1.502251519097222
 30
0.0
 40
0.0694444444444445
  0
CIRCLE
  5
E0
330
87
100
AcDbEntity
  8
Layer 1
 62
     1
420
 16711686
370
    70
100
AcDbCircle
 10
38.30585734049479
 20
1.502251519097222
 30
0.0
 40
0.0694444444444445
  0
CIRCLE
  5
E1
330
87
100
AcDbEntity
  8
Layer 1
 62
     1
420
 16711686
370
    70
100
AcDbCircle
 10
41.77944268120659
 20
2.723076714409721
 30
0.0
 40
0.0694444444444445
  0
CIRCLE
  5
E2
330
87
100
AcDbEntity
  8
Layer 1
 62
     1
420
 16711686
370
    70
100
AcDbCircle
 10
43.00027804904513
 20
2.723076714409721
 30
0.0
 40
0.0694444444444445
  0
CIRCLE
  5
E3
330
87
100
AcDbEntity
  8
Layer 1
 62
     1
420
 16711686
370
    70
100
AcDbCircle
 10
41.77944268120659
 20
1.502251519097222
 30
0.0
 40
0.0694444444444445
  0
CIRCLE
  5
E4
330
87
100
AcDbEntity
  8
Layer 1
 62
     1
420
 16711686
370
    70
100
AcDbCircle
 10
43.00027804904513
 20
1.502251519097222
 30
0.0
 40
0.0694444444444445
  0
CIRCLE
  5
E5
330
87
100
AcDbEntity
  8
Layer 1
 62
     1
420
 16711686
370
    70
100
AcDbCircle
 10
46.48272365993923
 20
2.723076714409721
 30
0.0
 40
0.0694444444444445
  0
CIRCLE
  5
E6
330
87
100
AcDbEntity
  8
Layer 1
 62
     1
420
 16711686
370
    70
100
AcDbCircle
 10
47.70356241861978
 20
2.723076714409721
 30
0.0
 40
0.0694444444444445
  0
CIRCLE
  5
E7
330
87
100
AcDbEntity
  8
Layer 1
 62
     1
420
 16711686
370
    70
100
AcDbCircle
 10
46.48272365993923
 20
1.502251519097222
 30
0.0
 40
0.0694444444444445
  0
CIRCLE
  5
E8
330
87
100
AcDbEntity
  8
Layer 1
 62
     1
420
 16711686
370
    70
100
AcDbCircle
 10
47.70356241861978
 20
1.502251519097222
 30
0.0
 40
0.0694444444444445
  0
CIRCLE
  5
E9
330
87
100
AcDbEntity
  8
Layer 1
 62
     1
420
 16711686
370
    70
100
AcDbCircle
 10
51.187744140625
 20
2.723076714409721
 30
0.0
 40
0.0694444444444445
  0
CIRCLE
  5
EA
330
87
100
AcDbEntity
  8
Layer 1
 62
     1
420
 16711686
370
    70
100
AcDbCircle
 10
52.40857950846354
 20
2.723076714409721
 30
0.0
 40
0.0694444444444445
  0
CIRCLE
  5
EB
330
87
100
AcDbEntity
  8
Layer 1
 62
     1
420
 16711686
370
    70
100
AcDbCircle
 10
51.187744140625
 20
1.502251519097222
 30
0.0
 40
0.0694444444444445
  0
CIRCLE
  5
EC
330
87
100
AcDbEntity
  8
Layer 1
 62
     1
420
 16711686
370
    70
100
AcDbCircle
 10
52.40857950846354
 20
1.502251519097222
 30
0.0
 40
0.0694444444444445
  0
CIRCLE
  5
ED
330
87
100
AcDbEntity
  8
Layer 1
 62
     1
420
 16711686
370
    70
100
AcDbCircle
 10
22.97876315646702
 20
2.723076714409721
 30
0.0
 40
0.0694444444444445
  0
CIRCLE
  5
EE
330
87
100
AcDbEntity
  8
Layer 1
 62
     1
420
 16711686
370
    70
100
AcDbCircle
 10
24.19959682888455
 20
2.723076714409721
 30
0.0
 40
0.0694444444444445
  0
CIRCLE
  5
EF
330
87
100
AcDbEntity
  8
Layer 1
 62
     1
420
 16711686
370
    70
100
AcDbCircle
 10
22.97876315646702
 20
1.502251519097222
 30
0.0
 40
0.0694444444444445
  0
CIRCLE
  5
F0
330
87
100
AcDbEntity
  8
Layer 1
 62
     1
420
 16711686
370
    70
100
AcDbCircle
 10
24.19959682888455
 20
1.502251519097222
 30
0.0
 40
0.0694444444444445
  0
CIRCLE
  5
F1
330
87
100
AcDbEntity
  8
Layer 1
 62
     1
420
 16711686
370
    70
100
AcDbCircle
 10
18.28434244791666
 20
2.723076714409721
 30
0.0
 40
0.0694444444444445
  0
CIRCLE
  5
F2
330
87
100
AcDbEntity
  8
Layer 1
 62
     1
420
 16711686
370
    70
100
AcDbCircle
 10
19.50517781575521
 20
2.723076714409721
 30
0.0
 40
0.0694444444444445
  0
CIRCLE
  5
F3
330
87
100
AcDbEntity
  8
Layer 1
 62
     1
420
 16711686
370
    70
100
AcDbCircle
 10
18.28434244791666
 20
1.502251519097222
 30
0.0
 40
0.0694444444444445
  0
CIRCLE
  5
F4
330
87
100
AcDbEntity
  8
Layer 1
 62
     1
420
 16711686
370
    70
100
AcDbCircle
 10
19.50517781575521
 20
1.502251519097222
 30
0.0
 40
0.0694444444444445
  0
CIRCLE
  5
F5
330
87
100
AcDbEntity
  8
Layer 1
 62
     1
420
 16711686
370
    70
100
AcDbCircle
 10
13.58992258707682
 20
2.723076714409721
 30
0.0
 40
0.0694444444444445
  0
CIRCLE
  5
F6
330
87
100
AcDbEntity
  8
Layer 1
 62
     1
420
 16711686
370
    70
100
AcDbCircle
 10
14.81075710720486
 20
2.723076714409721
 30
0.0
 40
0.0694444444444445
  0
CIRCLE
  5
F7
330
87
100
AcDbEntity
  8
Layer 1
 62
     1
420
 16711686
370
    70
100
AcDbCircle
 10
13.58992258707682
 20
1.502251519097222
 30
0.0
 40
0.0694444444444445
  0
CIRCLE
  5
F8
330
87
100
AcDbEntity
  8
Layer 1
 62
     1
420
 16711686
370
    70
100
AcDbCircle
 10
14.81075710720486
 20
1.502251519097222
 30
0.0
 40
0.0694444444444445
  0
CIRCLE
  5
F9
330
87
100
AcDbEntity
  8
Layer 1
 62
     1
420
 16711686
370
    70
100
AcDbCircle
 10
8.881612141927082
 20
2.723076714409721
 30
0.0
 40
0.0694444444444445
  0
CIRCLE
  5
FA
330
87
100
AcDbEntity
  8
Layer 1
 62
     1
420
 16711686
370
    70
100
AcDbCircle
 10
10.10244835747613
 20
2.723076714409721
 30
0.0
 40
0.0694444444444445
  0
CIRCLE
  5
FB
330
87
100
AcDbEntity
  8
Layer 1
 62
     1
420
 16711686
370
    70
100
AcDbCircle
 10
8.881612141927082
 20
1.502251519097222
 30
0.0
 40
0.0694444444444445
  0
CIRCLE
  5
FC
330
87
100
AcDbEntity
  8
Layer 1
 62
     1
420
 16711686
370
    70
100
AcDbCircle
 10
10.10244835747613
 20
1.502251519097222
 30
0.0
 40
0.0694444444444445
  0
CIRCLE
  5
FD
330
87
100
AcDbEntity
  8
Layer 1
 62
     1
420
 16711686
370
    70
100
AcDbCircle
 10
4.187193128797742
 20
2.723076714409721
 30
0.0
 40
0.0694444444444445
  0
CIRCLE
  5
FE
330
87
100
AcDbEntity
  8
Layer 1
 62
     1
420
 16711686
370
    70
100
AcDbCircle
 10
5.408029344346787
 20
2.723076714409721
 30
0.0
 40
0.0694444444444445
  0
CIRCLE
  5
FF
330
87
100
AcDbEntity
  8
Layer 1
 62
     1
420
 16711686
370
    70
100
AcDbCircle
 10
4.187193128797742
 20
1.502251519097222
 30
0.0
 40
0.0694444444444445
  0
CIRCLE
  5
100
330
87
100
AcDbEntity
  8
Layer 1
 62
     1
420
 16711686
370
    70
100
AcDbCircle
 10
5.408029344346787
 20
1.502251519097222
 30
0.0
 40
0.0694444444444445
  0
SPLINE
  5
101
330
87
100
AcDbEntity
  8
Layer 1
 62
   140
420
    51711
370
    70
100
AcDbSpline
210
0.0
220
0.0
230
1.0
 70
    11
 71
     3
 72
    50
 73
    46
 74
     0
 42
0.0000000001
 43
0.0000000001
 40
0.0
 40
0.0
 40
0.0
 40
0.0
 40
1.0
 40
1.0
 40
1.0
 40
2.0
 40
2.0
 40
2.0
 40
3.0
 40
3.0
 40
3.0
 40
4.0
 40
4.0
 40
4.0
 40
5.0
 40
5.0
 40
5.0
 40
6.0
 40
6.0
 40
6.0
 40
7.0
 40
7.0
 40
7.0
 40
8.0
 40
8.0
 40
8.0
 40
9.0
 40
9.0
 40
9.0
 40
10.0
 40
10.0
 40
10.0
 40
11.0
 40
11.0
 40
11.0
 40
12.0
 40
12.0
 40
12.0
 40
13.0
 40
13.0
 40
13.0
 40
14.0
 40
14.0
 40
14.0
 40
15.0
 40
15.0
 40
15.0
 40
15.0
 10
5.452014075385199
 20
2.961100260416666
 30
0.0
 10
5.452014075385199
 20
2.961100260416666
 30
0.0
 10
5.403993394639756
 20
2.961100260416666
 30
0.0
 10
5.403993394639756
 20
2.961100260416666
 30
0.0
 10
5.403993394639756
 20
2.961100260416666
 30
0.0
 10
5.403993394639756
 20
3.901109483506944
 30
0.0
 10
5.403993394639756
 20
3.901109483506944
 30
0.0
 10
5.403993394639756
 20
3.982476128472221
 30
0.0
 10
5.337797376844617
 20
4.048678927951388
 30
0.0
 10
5.256426917182074
 20
4.048678927951388
 30
0.0
 10
5.256426917182074
 20
4.048678927951388
 30
0.0
 10
4.28927018907335
 20
4.048678927951388
 30
0.0
 10
4.28927018907335
 20
4.048678927951388
 30
0.0
 10
4.20790057712131
 20
4.048678927951388
 30
0.0
 10
4.141700744628906
 20
3.982476128472221
 30
0.0
 10
4.141700744628906
 20
3.901109483506944
 30
0.0
 10
4.141700744628906
 20
3.901109483506944
 30
0.0
 10
4.141700744628906
 20
2.961100260416666
 30
0.0
 10
4.141700744628906
 20
2.961100260416666
 30
0.0
 10
4.141700744628906
 20
2.961100260416666
 30
0.0
 10
4.093680063883462
 20
2.961100260416666
 30
0.0
 10
4.093680063883462
 20
2.961100260416666
 30
0.0
 10
4.006182776557074
 20
2.961100260416666
 30
0.0
 10
3.934999677870008
 20
2.889919704861111
 30
0.0
 10
3.934999677870008
 20
2.802422417534721
 30
0.0
 10
3.934999677870008
 20
2.802422417534721
 30
0.0
 10
3.934999677870008
 20
1.444091796875
 30
0.0
 10
3.934999677870008
 20
1.444091796875
 30
0.0
 10
3.934999677870008
 20
1.35659450954861
 30
0.0
 10
4.006183200412325
 20
1.285413953993055
 30
0.0
 10
4.093680063883462
 20
1.285413953993055
 30
0.0
 10
4.093680063883462
 20
1.285413953993055
 30
0.0
 10
5.452013651529947
 20
1.285413953993055
 30
0.0
 10
5.452013651529947
 20
1.285413953993055
 30
0.0
 10
5.539510938856336
 20
1.285413953993055
 30
0.0
 10
5.610694037543402
 20
1.35659450954861
 30
0.0
 10
5.610694037543402
 20
1.444091796875
 30
0.0
 10
5.610694037543402
 20
1.444091796875
 30
0.0
 10
5.610694037543402
 20
2.802422417534721
 30
0.0
 10
5.610694037543402
 20
2.802422417534721
 30
0.0
 10
5.610694037543402
 20
2.889919704861111
 30
0.0
 10
5.539510515001084
 20
2.961100260416666
 30
0.0
 10
5.452013651529947
 20
2.961100260416666
 30
0.0
 10
5.452013651529947
 20
2.961100260416666
 30
0.0
 10
5.452014075385199
 20
2.961100260416666
 30
0.0
 10
5.452014075385199
 20
2.961100260416666
 30
0.0
  0
SPLINE
  5
102
330
87
100
AcDbEntity
  8
Layer 1
 62
   140
420
    51711
370
    70
100
AcDbSpline
210
0.0
220
0.0
230
1.0
 70
    11
 71
     3
 72
    50
 73
    46
 74
     0
 42
0.0000000001
 43
0.0000000001
 40
0.0
 40
0.0
 40
0.0
 40
0.0
 40
1.0
 40
1.0
 40
1.0
 40
2.0
 40
2.0
 40
2.0
 40
3.0
 40
3.0
 40
3.0
 40
4.0
 40
4.0
 40
4.0
 40
5.0
 40
5.0
 40
5.0
 40
6.0
 40
6.0
 40
6.0
 40
7.0
 40
7.0
 40
7.0
 40
8.0
 40
8.0
 40
8.0
 40
9.0
 40
9.0
 40
9.0
 40
10.0
 40
10.0
 40
10.0
 40
11.0
 40
11.0
 40
11.0
 40
12.0
 40
12.0
 40
12.0
 40
13.0
 40
13.0
 40
13.0
 40
14.0
 40
14.0
 40
14.0
 40
15.0
 40
15.0
 40
15.0
 40
15.0
 10
10.15201399061415
 20
2.961100260416666
 30
0.0
 10
10.15201399061415
 20
2.961100260416666
 30
0.0
 10
10.10399288601345
 20
2.961100260416666
 30
0.0
 10
10.10399288601345
 20
2.961100260416666
 30
0.0
 10
10.10399288601345
 20
2.961100260416666
 30
0.0
 10
10.10399288601345
 20
3.901109483506944
 30
0.0
 10
10.10399288601345
 20
3.901109483506944
 30
0.0
 10
10.10399288601345
 20
3.982476128472221
 30
0.0
 10
10.03779686821831
 20
4.048678927951388
 30
0.0
 10
9.956425984700519
 20
4.048678927951388
 30
0.0
 10
9.956425984700519
 20
4.048678927951388
 30
0.0
 10
8.989268832736543
 20
4.048678927951388
 30
0.0
 10
8.989268832736543
 20
4.048678927951388
 30
0.0
 10
8.907899644639757
 20
4.048678927951388
 30
0.0
 10
8.8416993882921
 20
3.982476128472221
 30
0.0
 10
8.8416993882921
 20
3.901109483506944
 30
0.0
 10
8.8416993882921
 20
3.901109483506944
 30
0.0
 10
8.8416993882921
 20
2.961100260416666
 30
0.0
 10
8.8416993882921
 20
2.961100260416666
 30
0.0
 10
8.8416993882921
 20
2.961100260416666
 30
0.0
 10
8.793678283691406
 20
2.961100260416666
 30
0.0
 10
8.793678283691406
 20
2.961100260416666
 30
0.0
 10
8.706180996365016
 20
2.961100260416666
 30
0.0
 10
8.634997897677951
 20
2.889919704861111
 30
0.0
 10
8.634997897677951
 20
2.802422417534721
 30
0.0
 10
8.634997897677951
 20
2.802422417534721
 30
0.0
 10
8.634997897677951
 20
1.444091796875
 30
0.0
 10
8.634997897677951
 20
1.444091796875
 30
0.0
 10
8.634997897677951
 20
1.35659450954861
 30
0.0
 10
8.706180996365016
 20
1.285413953993055
 30
0.0
 10
8.793678283691406
 20
1.285413953993055
 30
0.0
 10
8.793678283691406
 20
1.285413953993055
 30
0.0
 10
10.15201144748264
 20
1.285413953993055
 30
0.0
 10
10.15201144748264
 20
1.285413953993055
 30
0.0
 10
10.23950873480902
 20
1.285413953993055
 30
0.0
 10
10.31069183349609
 20
1.35659450954861
 30
0.0
 10
10.31069183349609
 20
1.444091796875
 30
0.0
 10
10.31069183349609
 20
1.444091796875
 30
0.0
 10
10.31069183349609
 20
2.802422417534721
 30
0.0
 10
10.31069183349609
 20
2.802422417534721
 30
0.0
 10
10.31069183349609
 20
2.889919704861111
 30
0.0
 10
10.23950873480902
 20
2.961100260416666
 30
0.0
 10
10.15201144748264
 20
2.961100260416666
 30
0.0
 10
10.15201144748264
 20
2.961100260416666
 30
0.0
 10
10.15201399061415
 20
2.961100260416666
 30
0.0
 10
10.15201399061415
 20
2.961100260416666
 30
0.0
  0
SPLINE
  5
103
330
87
100
AcDbEntity
  8
Layer 1
 62
   140
420
    51711
370
    70
100
AcDbSpline
210
0.0
220
0.0
230
1.0
 70
    11
 71
     3
 72
    50
 73
    46
 74
     0
 42
0.0000000001
 43
0.0000000001
 40
0.0
 40
0.0
 40
0.0
 40
0.0
 40
1.0
 40
1.0
 40
1.0
 40
2.0
 40
2.0
 40
2.0
 40
3.0
 40
3.0
 40
3.0
 40
4.0
 40
4.0
 40
4.0
 40
5.0
 40
5.0
 40
5.0
 40
6.0
 40
6.0
 40
6.0
 40
7.0
 40
7.0
 40
7.0
 40
8.0
 40
8.0
 40
8.0
 40
9.0
 40
9.0
 40
9.0
 40
10.0
 40
10.0
 40
10.0
 40
11.0
 40
11.0
 40
11.0
 40
12.0
 40
12.0
 40
12.0
 40
13.0
 40
13.0
 40
13.0
 40
14.0
 40
14.0
 40
14.0
 40
15.0
 40
15.0
 40
15.0
 40
15.0
 10
14.85201348198784
 20
2.961100260416666
 30
0.0
 10
14.85201348198784
 20
2.961100260416666
 30
0.0
 10
14.80399237738715
 20
2.961100260416666
 30
0.0
 10
14.80399237738715
 20
2.961100260416666
 30
0.0
 10
14.80399237738715
 20
2.961100260416666
 30
0.0
 10
14.80399237738715
 20
3.901109483506944
 30
0.0
 10
14.80399237738715
 20
3.901109483506944
 30
0.0
 10
14.80399237738715
 20
3.982476128472221
 30
0.0
 10
14.73779635959201
 20
4.048678927951388
 30
0.0
 10
14.65642632378472
 20
4.048678927951388
 30
0.0
 10
14.65642632378472
 20
4.048678927951388
 30
0.0
 10
13.68926917182074
 20
4.048678927951388
 30
0.0
 10
13.68926917182074
 20
4.048678927951388
 30
0.0
 10
13.60789998372396
 20
4.048678927951388
 30
0.0
 10
13.5416997273763
 20
3.982476128472221
 30
0.0
 10
13.5416997273763
 20
3.901109483506944
 30
0.0
 10
13.5416997273763
 20
3.901109483506944
 30
0.0
 10
13.5416997273763
 20
2.961100260416666
 30
0.0
 10
13.5416997273763
 20
2.961100260416666
 30
0.0
 10
13.5416997273763
 20
2.961100260416666
 30
0.0
 10
13.4936786227756
 20
2.961100260416666
 30
0.0
 10
13.4936786227756
 20
2.961100260416666
 30
0.0
 10
13.40618133544922
 20
2.961100260416666
 30
0.0
 10
13.33499823676215
 20
2.889919704861111
 30
0.0
 10
13.33499823676215
 20
2.802422417534721
 30
0.0
 10
13.33499823676215
 20
2.802422417534721
 30
0.0
 10
13.33499823676215
 20
1.444091796875
 30
0.0
 10
13.33499823676215
 20
1.444091796875
 30
0.0
 10
13.33499823676215
 20
1.35659450954861
 30
0.0
 10
13.40618133544922
 20
1.285413953993055
 30
0.0
 10
13.4936786227756
 20
1.285413953993055
 30
0.0
 10
13.4936786227756
 20
1.285413953993055
 30
0.0
 10
14.85201178656684
 20
1.285413953993055
 30
0.0
 10
14.85201178656684
 20
1.285413953993055
 30
0.0
 10
14.93950907389323
 20
1.285413953993055
 30
0.0
 10
15.0106930202908
 20
1.35659450954861
 30
0.0
 10
15.0106930202908
 20
1.444091796875
 30
0.0
 10
15.0106930202908
 20
1.444091796875
 30
0.0
 10
15.0106930202908
 20
2.802422417534721
 30
0.0
 10
15.0106930202908
 20
2.802422417534721
 30
0.0
 10
15.0106930202908
 20
2.889919704861111
 30
0.0
 10
14.93950907389323
 20
2.961100260416666
 30
0.0
 10
14.85201178656684
 20
2.961100260416666
 30
0.0
 10
14.85201178656684
 20
2.961100260416666
 30
0.0
 10
14.85201348198784
 20
2.961100260416666
 30
0.0
 10
14.85201348198784
 20
2.961100260416666
 30
0.0
  0
SPLINE
  5
104
330
87
100
AcDbEntity
  8
Layer 1
 62
   140
420
    51711
370
    70
100
AcDbSpline
210
0.0
220
0.0
230
1.0
 70
     9
 71
     3
 72
    47
 73
    43
 74
     0
 42
0.0000000001
 43
0.0000000001
 40
0.0
 40
0.0
 40
0.0
 40
0.0
 40
1.0
 40
1.0
 40
1.0
 40
2.0
 40
2.0
 40
2.0
 40
3.0
 40
3.0
 40
3.0
 40
4.0
 40
4.0
 40
4.0
 40
5.0
 40
5.0
 40
5.0
 40
6.0
 40
6.0
 40
6.0
 40
7.0
 40
7.0
 40
7.0
 40
8.0
 40
8.0
 40
8.0
 40
9.0
 40
9.0
 40
9.0
 40
10.0
 40
10.0
 40
10.0
 40
11.0
 40
11.0
 40
11.0
 40
12.0
 40
12.0
 40
12.0
 40
13.0
 40
13.0
 40
13.0
 40
14.0
 40
14.0
 40
14.0
 40
14.0
 10
19.55201382107205
 20
2.961100260416666
 30
0.0
 10
19.55201382107205
 20
2.961100260416666
 30
0.0
 10
19.50399271647135
 20
2.961100260416666
 30
0.0
 10
19.50399271647135
 20
2.961100260416666
 30
0.0
 10
19.50399271647135
 20
2.961100260416666
 30
0.0
 10
19.50399271647135
 20
3.901109483506944
 30
0.0
 10
19.50399271647135
 20
3.901109483506944
 30
0.0
 10
19.50399271647135
 20
3.982476128472221
 30
0.0
 10
19.43779669867621
 20
4.048678927951388
 30
0.0
 10
19.35642666286892
 20
4.048678927951388
 30
0.0
 10
19.35642666286892
 20
4.048678927951388
 30
0.0
 10
18.38927035861545
 20
4.048678927951388
 30
0.0
 10
18.38927035861545
 20
4.048678927951388
 30
0.0
 10
18.30790032280816
 20
4.048678927951388
 30
0.0
 10
18.241700914171
 20
3.982476128472221
 30
0.0
 10
18.241700914171
 20
3.901109483506944
 30
0.0
 10
18.241700914171
 20
3.901109483506944
 30
0.0
 10
18.241700914171
 20
2.961100260416666
 30
0.0
 10
18.241700914171
 20
2.961100260416666
 30
0.0
 10
18.241700914171
 20
2.961100260416666
 30
0.0
 10
18.19367980957031
 20
2.961100260416666
 30
0.0
 10
18.19367980957031
 20
2.961100260416666
 30
0.0
 10
18.10618252224392
 20
2.961100260416666
 30
0.0
 10
18.03499857584635
 20
2.889919704861111
 30
0.0
 10
18.03499857584635
 20
2.802422417534721
 30
0.0
 10
18.03499857584635
 20
2.802422417534721
 30
0.0
 10
18.03499857584635
 20
1.444091796875
 30
0.0
 10
18.03499857584635
 20
1.444091796875
 30
0.0
 10
18.03499857584635
 20
1.35659450954861
 30
0.0
 10
18.10618252224392
 20
1.285413953993055
 30
0.0
 10
18.19367980957031
 20
1.285413953993055
 30
0.0
 10
18.19367980957031
 20
1.285413953993055
 30
0.0
 10
19.55201382107205
 20
1.285413953993055
 30
0.0
 10
19.55201382107205
 20
1.285413953993055
 30
0.0
 10
19.63951110839843
 20
1.285413953993055
 30
0.0
 10
19.710695054796
 20
1.35659450954861
 30
0.0
 10
19.710695054796
 20
1.444091796875
 30
0.0
 10
19.710695054796
 20
1.444091796875
 30
0.0
 10
19.710695054796
 20
2.802422417534721
 30
0.0
 10
19.710695054796
 20
2.802422417534721
 30
0.0
 10
19.710695054796
 20
2.889919704861111
 30
0.0
 10
19.63951110839843
 20
2.961100260416666
 30
0.0
 10
19.55201382107205
 20
2.961100260416666
 30
0.0
  0
SPLINE
  5
105
330
87
100
AcDbEntity
  8
Layer 1
 62
   140
420
    51711
370
    70
100
AcDbSpline
210
0.0
220
0.0
230
1.0
 70
     9
 71
     3
 72
    47
 73
    43
 74
     0
 42
0.0000000001
 43
0.0000000001
 40
0.0
 40
0.0
 40
0.0
 40
0.0
 40
1.0
 40
1.0
 40
1.0
 40
2.0
 40
2.0
 40
2.0
 40
3.0
 40
3.0
 40
3.0
 40
4.0
 40
4.0
 40
4.0
 40
5.0
 40
5.0
 40
5.0
 40
6.0
 40
6.0
 40
6.0
 40
7.0
 40
7.0
 40
7.0
 40
8.0
 40
8.0
 40
8.0
 40
9.0
 40
9.0
 40
9.0
 40
10.0
 40
10.0
 40
10.0
 40
11.0
 40
11.0
 40
11.0
 40
12.0
 40
12.0
 40
12.0
 40
13.0
 40
13.0
 40
13.0
 40
14.0
 40
14.0
 40
14.0
 40
14.0
 10
24.25201416015625
 20
2.961100260416666
 30
0.0
 10
24.25201416015625
 20
2.961100260416666
 30
0.0
 10
24.20399305555556
 20
2.961100260416666
 30
0.0
 10
24.20399305555556
 20
2.961100260416666
 30
0.0
 10
24.20399305555556
 20
2.961100260416666
 30
0.0
 10
24.20399305555556
 20
3.901109483506944
 30
0.0
 10
24.20399305555556
 20
3.901109483506944
 30
0.0
 10
24.20399305555556
 20
3.982476128472221
 30
0.0
 10
24.13779703776042
 20
4.048678927951388
 30
0.0
 10
24.05642700195313
 20
4.048678927951388
 30
0.0
 10
24.05642700195313
 20
4.048678927951388
 30
0.0
 10
23.08927069769965
 20
4.048678927951388
 30
0.0
 10
23.08927069769965
 20
4.048678927951388
 30
0.0
 10
23.00790066189236
 20
4.048678927951388
 30
0.0
 10
22.94170125325521
 20
3.982476128472221
 30
0.0
 10
22.94170125325521
 20
3.901109483506944
 30
0.0
 10
22.94170125325521
 20
3.901109483506944
 30
0.0
 10
22.94170125325521
 20
2.961100260416666
 30
0.0
 10
22.94170125325521
 20
2.961100260416666
 30
0.0
 10
22.94170125325521
 20
2.961100260416666
 30
0.0
 10
22.89368014865452
 20
2.961100260416666
 30
0.0
 10
22.89368014865452
 20
2.961100260416666
 30
0.0
 10
22.80618286132813
 20
2.961100260416666
 30
0.0
 10
22.73499891493055
 20
2.889919704861111
 30
0.0
 10
22.73499891493055
 20
2.802422417534721
 30
0.0
 10
22.73499891493055
 20
2.802422417534721
 30
0.0
 10
22.73499891493055
 20
1.444091796875
 30
0.0
 10
22.73499891493055
 20
1.444091796875
 30
0.0
 10
22.73499891493055
 20
1.35659450954861
 30
0.0
 10
22.80618286132813
 20
1.285413953993055
 30
0.0
 10
22.89368014865452
 20
1.285413953993055
 30
0.0
 10
22.89368014865452
 20
1.285413953993055
 30
0.0
 10
24.25201416015625
 20
1.285413953993055
 30
0.0
 10
24.25201416015625
 20
1.285413953993055
 30
0.0
 10
24.33951144748264
 20
1.285413953993055
 30
0.0
 10
24.41069539388021
 20
1.35659450954861
 30
0.0
 10
24.41069539388021
 20
1.444091796875
 30
0.0
 10
24.41069539388021
 20
1.444091796875
 30
0.0
 10
24.41069539388021
 20
2.802422417534721
 30
0.0
 10
24.41069539388021
 20
2.802422417534721
 30
0.0
 10
24.41069539388021
 20
2.889919704861111
 30
0.0
 10
24.33951144748264
 20
2.961100260416666
 30
0.0
 10
24.25201416015625
 20
2.961100260416666
 30
0.0
  0
SPLINE
  5
106
330
87
100
AcDbEntity
  8
Layer 1
 62
   140
420
    51711
370
    70
100
AcDbSpline
210
0.0
220
0.0
230
1.0
 70
     9
 71
     3
 72
    47
 73
    43
 74
     0
 42
0.0000000001
 43
0.0000000001
 40
0.0
 40
0.0
 40
0.0
 40
0.0
 40
1.0
 40
1.0
 40
1.0
 40
2.0
 40
2.0
 40
2.0
 40
3.0
 40
3.0
 40
3.0
 40
4.0
 40
4.0
 40
4.0
 40
5.0
 40
5.0
 40
5.0
 40
6.0
 40
6.0
 40
6.0
 40
7.0
 40
7.0
 40
7.0
 40
8.0
 40
8.0
 40
8.0
 40
9.0
 40
9.0
 40
9.0
 40
10.0
 40
10.0
 40
10.0
 40
11.0
 40
11.0
 40
11.0
 40
12.0
 40
12.0
 40
12.0
 40
13.0
 40
13.0
 40
13.0
 40
14.0
 40
14.0
 40
14.0
 40
14.0
 10
28.95201280381944
 20
2.961100260416666
 30
0.0
 10
28.95201280381944
 20
2.961100260416666
 30
0.0
 10
28.90399169921875
 20
2.961100260416666
 30
0.0
 10
28.90399169921875
 20
2.961100260416666
 30
0.0
 10
28.90399169921875
 20
2.961100260416666
 30
0.0
 10
28.90399169921875
 20
3.901109483506944
 30
0.0
 10
28.90399169921875
 20
3.901109483506944
 30
0.0
 10
28.90399169921875
 20
3.982476128472221
 30
0.0
 10
28.83779568142361
 20
4.048678927951388
 30
0.0
 10
28.75642564561632
 20
4.048678927951388
 30
0.0
 10
28.75642564561632
 20
4.048678927951388
 30
0.0
 10
27.78926934136285
 20
4.048678927951388
 30
0.0
 10
27.78926934136285
 20
4.048678927951388
 30
0.0
 10
27.70789930555555
 20
4.048678927951388
 30
0.0
 10
27.6416998969184
 20
3.982476128472221
 30
0.0
 10
27.6416998969184
 20
3.901109483506944
 30
0.0
 10
27.6416998969184
 20
3.901109483506944
 30
0.0
 10
27.6416998969184
 20
2.961100260416666
 30
0.0
 10
27.6416998969184
 20
2.961100260416666
 30
0.0
 10
27.6416998969184
 20
2.961100260416666
 30
0.0
 10
27.59367879231771
 20
2.961100260416666
 30
0.0
 10
27.59367879231771
 20
2.961100260416666
 30
0.0
 10
27.50618150499132
 20
2.961100260416666
 30
0.0
 10
27.43499755859375
 20
2.889919704861111
 30
0.0
 10
27.43499755859375
 20
2.802422417534721
 30
0.0
 10
27.43499755859375
 20
2.802422417534721
 30
0.0
 10
27.43499755859375
 20
1.444091796875
 30
0.0
 10
27.43499755859375
 20
1.444091796875
 30
0.0
 10
27.43499755859375
 20
1.35659450954861
 30
0.0
 10
27.50618150499132
 20
1.285413953993055
 30
0.0
 10
27.59367879231771
 20
1.285413953993055
 30
0.0
 10
27.59367879231771
 20
1.285413953993055
 30
0.0
 10
28.95201280381944
 20
1.285413953993055
 30
0.0
 10
28.95201280381944
 20
1.285413953993055
 30
0.0
 10
29.03951009114583
 20
1.285413953993055
 30
0.0
 10
29.1106940375434
 20
1.35659450954861
 30
0.0
 10
29.1106940375434
 20
1.444091796875
 30
0.0
 10
29.1106940375434
 20
1.444091796875
 30
0.0
 10
29.1106940375434
 20
2.802422417534721
 30
0.0
 10
29.1106940375434
 20
2.802422417534721
 30
0.0
 10
29.1106940375434
 20
2.889919704861111
 30
0.0
 10
29.03951009114583
 20
2.961100260416666
 30
0.0
 10
28.95201280381944
 20
2.961100260416666
 30
0.0
  0
SPLINE
  5
107
330
87
100
AcDbEntity
  8
Layer 1
 62
   140
420
    51711
370
    70
100
AcDbSpline
210
0.0
220
0.0
230
1.0
 70
     9
 71
     3
 72
    47
 73
    43
 74
     0
 42
0.0000000001
 43
0.0000000001
 40
0.0
 40
0.0
 40
0.0
 40
0.0
 40
1.0
 40
1.0
 40
1.0
 40
2.0
 40
2.0
 40
2.0
 40
3.0
 40
3.0
 40
3.0
 40
4.0
 40
4.0
 40
4.0
 40
5.0
 40
5.0
 40
5.0
 40
6.0
 40
6.0
 40
6.0
 40
7.0
 40
7.0
 40
7.0
 40
8.0
 40
8.0
 40
8.0
 40
9.0
 40
9.0
 40
9.0
 40
10.0
 40
10.0
 40
10.0
 40
11.0
 40
11.0
 40
11.0
 40
12.0
 40
12.0
 40
12.0
 40
13.0
 40
13.0
 40
13.0
 40
14.0
 40
14.0
 40
14.0
 40
14.0
 10
33.65201483832465
 20
2.961100260416666
 30
0.0
 10
33.65201483832465
 20
2.961100260416666
 30
0.0
 10
33.60399373372395
 20
2.961100260416666
 30
0.0
 10
33.60399373372395
 20
2.961100260416666
 30
0.0
 10
33.60399373372395
 20
2.961100260416666
 30
0.0
 10
33.60399373372395
 20
3.901109483506944
 30
0.0
 10
33.60399373372395
 20
3.901109483506944
 30
0.0
 10
33.60399373372395
 20
3.982476128472221
 30
0.0
 10
33.53779771592882
 20
4.048678927951388
 30
0.0
 10
33.45642768012153
 20
4.048678927951388
 30
0.0
 10
33.45642768012153
 20
4.048678927951388
 30
0.0
 10
32.48927137586806
 20
4.048678927951388
 30
0.0
 10
32.48927137586806
 20
4.048678927951388
 30
0.0
 10
32.40790134006076
 20
4.048678927951388
 30
0.0
 10
32.34170193142361
 20
3.982476128472221
 30
0.0
 10
32.34170193142361
 20
3.901109483506944
 30
0.0
 10
32.34170193142361
 20
3.901109483506944
 30
0.0
 10
32.34170193142361
 20
2.961100260416666
 30
0.0
 10
32.34170193142361
 20
2.961100260416666
 30
0.0
 10
32.34170193142361
 20
2.961100260416666
 30
0.0
 10
32.29368082682292
 20
2.961100260416666
 30
0.0
 10
32.29368082682292
 20
2.961100260416666
 30
0.0
 10
32.20618353949653
 20
2.961100260416666
 30
0.0
 10
32.13499959309896
 20
2.889919704861111
 30
0.0
 10
32.13499959309896
 20
2.802422417534721
 30
0.0
 10
32.13499959309896
 20
2.802422417534721
 30
0.0
 10
32.13499959309896
 20
1.444091796875
 30
0.0
 10
32.13499959309896
 20
1.444091796875
 30
0.0
 10
32.13499959309896
 20
1.35659450954861
 30
0.0
 10
32.20618353949653
 20
1.285413953993055
 30
0.0
 10
32.29368082682292
 20
1.285413953993055
 30
0.0
 10
32.29368082682292
 20
1.285413953993055
 30
0.0
 10
33.65201483832465
 20
1.285413953993055
 30
0.0
 10
33.65201483832465
 20
1.285413953993055
 30
0.0
 10
33.73951212565104
 20
1.285413953993055
 30
0.0
 10
33.81069607204861
 20
1.35659450954861
 30
0.0
 10
33.81069607204861
 20
1.444091796875
 30
0.0
 10
33.81069607204861
 20
1.444091796875
 30
0.0
 10
33.81069607204861
 20
2.802422417534721
 30
0.0
 10
33.81069607204861
 20
2.802422417534721
 30
0.0
 10
33.81069607204861
 20
2.889919704861111
 30
0.0
 10
33.73951212565104
 20
2.961100260416666
 30
0.0
 10
33.65201483832465
 20
2.961100260416666
 30
0.0
  0
SPLINE
  5
108
330
87
100
AcDbEntity
  8
Layer 1
 62
   140
420
    51711
370
    70
100
AcDbSpline
210
0.0
220
0.0
230
1.0
 70
     9
 71
     3
 72
    47
 73
    43
 74
     0
 42
0.0000000001
 43
0.0000000001
 40
0.0
 40
0.0
 40
0.0
 40
0.0
 40
1.0
 40
1.0
 40
1.0
 40
2.0
 40
2.0
 40
2.0
 40
3.0
 40
3.0
 40
3.0
 40
4.0
 40
4.0
 40
4.0
 40
5.0
 40
5.0
 40
5.0
 40
6.0
 40
6.0
 40
6.0
 40
7.0
 40
7.0
 40
7.0
 40
8.0
 40
8.0
 40
8.0
 40
9.0
 40
9.0
 40
9.0
 40
10.0
 40
10.0
 40
10.0
 40
11.0
 40
11.0
 40
11.0
 40
12.0
 40
12.0
 40
12.0
 40
13.0
 40
13.0
 40
13.0
 40
14.0
 40
14.0
 40
14.0
 40
14.0
 10
38.35201348198785
 20
2.961100260416666
 30
0.0
 10
38.35201348198785
 20
2.961100260416666
 30
0.0
 10
38.30399237738716
 20
2.961100260416666
 30
0.0
 10
38.30399237738716
 20
2.961100260416666
 30
0.0
 10
38.30399237738716
 20
2.961100260416666
 30
0.0
 10
38.30399237738716
 20
3.901109483506944
 30
0.0
 10
38.30399237738716
 20
3.901109483506944
 30
0.0
 10
38.30399237738716
 20
3.982476128472221
 30
0.0
 10
38.23779635959201
 20
4.048678927951388
 30
0.0
 10
38.15642632378472
 20
4.048678927951388
 30
0.0
 10
38.15642632378472
 20
4.048678927951388
 30
0.0
 10
37.18927001953125
 20
4.048678927951388
 30
0.0
 10
37.18927001953125
 20
4.048678927951388
 30
0.0
 10
37.10789998372395
 20
4.048678927951388
 30
0.0
 10
37.0417005750868
 20
3.982476128472221
 30
0.0
 10
37.0417005750868
 20
3.901109483506944
 30
0.0
 10
37.0417005750868
 20
3.901109483506944
 30
0.0
 10
37.0417005750868
 20
2.961100260416666
 30
0.0
 10
37.0417005750868
 20
2.961100260416666
 30
0.0
 10
37.0417005750868
 20
2.961100260416666
 30
0.0
 10
36.99367947048611
 20
2.961100260416666
 30
0.0
 10
36.99367947048611
 20
2.961100260416666
 30
0.0
 10
36.90618218315972
 20
2.961100260416666
 30
0.0
 10
36.83499823676215
 20
2.889919704861111
 30
0.0
 10
36.83499823676215
 20
2.802422417534721
 30
0.0
 10
36.83499823676215
 20
2.802422417534721
 30
0.0
 10
36.83499823676215
 20
1.444091796875
 30
0.0
 10
36.83499823676215
 20
1.444091796875
 30
0.0
 10
36.83499823676215
 20
1.35659450954861
 30
0.0
 10
36.90618218315972
 20
1.285413953993055
 30
0.0
 10
36.99367947048611
 20
1.285413953993055
 30
0.0
 10
36.99367947048611
 20
1.285413953993055
 30
0.0
 10
38.35201348198785
 20
1.285413953993055
 30
0.0
 10
38.35201348198785
 20
1.285413953993055
 30
0.0
 10
38.43951076931423
 20
1.285413953993055
 30
0.0
 10
38.5106947157118
 20
1.35659450954861
 30
0.0
 10
38.5106947157118
 20
1.444091796875
 30
0.0
 10
38.5106947157118
 20
1.444091796875
 30
0.0
 10
38.5106947157118
 20
2.802422417534721
 30
0.0
 10
38.5106947157118
 20
2.802422417534721
 30
0.0
 10
38.5106947157118
 20
2.889919704861111
 30
0.0
 10
38.43951076931423
 20
2.961100260416666
 30
0.0
 10
38.35201348198785
 20
2.961100260416666
 30
0.0
  0
SPLINE
  5
109
330
87
100
AcDbEntity
  8
Layer 1
 62
   140
420
    51711
370
    70
100
AcDbSpline
210
0.0
220
0.0
230
1.0
 70
     9
 71
     3
 72
    47
 73
    43
 74
     0
 42
0.0000000001
 43
0.0000000001
 40
0.0
 40
0.0
 40
0.0
 40
0.0
 40
1.0
 40
1.0
 40
1.0
 40
2.0
 40
2.0
 40
2.0
 40
3.0
 40
3.0
 40
3.0
 40
4.0
 40
4.0
 40
4.0
 40
5.0
 40
5.0
 40
5.0
 40
6.0
 40
6.0
 40
6.0
 40
7.0
 40
7.0
 40
7.0
 40
8.0
 40
8.0
 40
8.0
 40
9.0
 40
9.0
 40
9.0
 40
10.0
 40
10.0
 40
10.0
 40
11.0
 40
11.0
 40
11.0
 40
12.0
 40
12.0
 40
12.0
 40
13.0
 40
13.0
 40
13.0
 40
14.0
 40
14.0
 40
14.0
 40
14.0
 10
43.05201551649305
 20
2.961100260416666
 30
0.0
 10
43.05201551649305
 20
2.961100260416666
 30
0.0
 10
43.00399441189235
 20
2.961100260416666
 30
0.0
 10
43.00399441189235
 20
2.961100260416666
 30
0.0
 10
43.00399441189235
 20
2.961100260416666
 30
0.0
 10
43.00399441189235
 20
3.901109483506944
 30
0.0
 10
43.00399441189235
 20
3.901109483506944
 30
0.0
 10
43.00399441189235
 20
3.982476128472221
 30
0.0
 10
42.93779839409721
 20
4.048678927951388
 30
0.0
 10
42.85642835828992
 20
4.048678927951388
 30
0.0
 10
42.85642835828992
 20
4.048678927951388
 30
0.0
 10
41.88927205403645
 20
4.048678927951388
 30
0.0
 10
41.88927205403645
 20
4.048678927951388
 30
0.0
 10
41.80790201822916
 20
4.048678927951388
 30
0.0
 10
41.74170260959201
 20
3.982476128472221
 30
0.0
 10
41.74170260959201
 20
3.901109483506944
 30
0.0
 10
41.74170260959201
 20
3.901109483506944
 30
0.0
 10
41.74170260959201
 20
2.961100260416666
 30
0.0
 10
41.74170260959201
 20
2.961100260416666
 30
0.0
 10
41.74170260959201
 20
2.961100260416666
 30
0.0
 10
41.69368150499131
 20
2.961100260416666
 30
0.0
 10
41.69368150499131
 20
2.961100260416666
 30
0.0
 10
41.60618421766492
 20
2.961100260416666
 30
0.0
 10
41.53500027126735
 20
2.889919704861111
 30
0.0
 10
41.53500027126735
 20
2.802422417534721
 30
0.0
 10
41.53500027126735
 20
2.802422417534721
 30
0.0
 10
41.53500027126735
 20
1.444091796875
 30
0.0
 10
41.53500027126735
 20
1.444091796875
 30
0.0
 10
41.53500027126735
 20
1.35659450954861
 30
0.0
 10
41.60618421766492
 20
1.285413953993055
 30
0.0
 10
41.69368150499131
 20
1.285413953993055
 30
0.0
 10
41.69368150499131
 20
1.285413953993055
 30
0.0
 10
43.05201551649305
 20
1.285413953993055
 30
0.0
 10
43.05201551649305
 20
1.285413953993055
 30
0.0
 10
43.13951280381944
 20
1.285413953993055
 30
0.0
 10
43.21069675021701
 20
1.35659450954861
 30
0.0
 10
43.21069675021701
 20
1.444091796875
 30
0.0
 10
43.21069675021701
 20
1.444091796875
 30
0.0
 10
43.21069675021701
 20
2.802422417534721
 30
0.0
 10
43.21069675021701
 20
2.802422417534721
 30
0.0
 10
43.21069675021701
 20
2.889919704861111
 30
0.0
 10
43.13951280381944
 20
2.961100260416666
 30
0.0
 10
43.05201551649305
 20
2.961100260416666
 30
0.0
  0
SPLINE
  5
10A
330
87
100
AcDbEntity
  8
Layer 1
 62
   140
420
    51711
370
    70
100
AcDbSpline
210
0.0
220
0.0
230
1.0
 70
     9
 71
     3
 72
    47
 73
    43
 74
     0
 42
0.0000000001
 43
0.0000000001
 40
0.0
 40
0.0
 40
0.0
 40
0.0
 40
1.0
 40
1.0
 40
1.0
 40
2.0
 40
2.0
 40
2.0
 40
3.0
 40
3.0
 40
3.0
 40
4.0
 40
4.0
 40
4.0
 40
5.0
 40
5.0
 40
5.0
 40
6.0
 40
6.0
 40
6.0
 40
7.0
 40
7.0
 40
7.0
 40
8.0
 40
8.0
 40
8.0
 40
9.0
 40
9.0
 40
9.0
 40
10.0
 40
10.0
 40
10.0
 40
11.0
 40
11.0
 40
11.0
 40
12.0
 40
12.0
 40
12.0
 40
13.0
 40
13.0
 40
13.0
 40
14.0
 40
14.0
 40
14.0
 40
14.0
 10
47.75201416015625
 20
2.961100260416666
 30
0.0
 10
47.75201416015625
 20
2.961100260416666
 30
0.0
 10
47.70399305555555
 20
2.961100260416666
 30
0.0
 10
47.70399305555555
 20
2.961100260416666
 30
0.0
 10
47.70399305555555
 20
2.961100260416666
 30
0.0
 10
47.70399305555555
 20
3.901109483506944
 30
0.0
 10
47.70399305555555
 20
3.901109483506944
 30
0.0
 10
47.70399305555555
 20
3.982476128472221
 30
0.0
 10
47.63779703776041
 20
4.048678927951388
 30
0.0
 10
47.55642700195312
 20
4.048678927951388
 30
0.0
 10
47.55642700195312
 20
4.048678927951388
 30
0.0
 10
46.58927069769965
 20
4.048678927951388
 30
0.0
 10
46.58927069769965
 20
4.048678927951388
 30
0.0
 10
46.50790066189236
 20
4.048678927951388
 30
0.0
 10
46.4417012532552
 20
3.982476128472221
 30
0.0
 10
46.4417012532552
 20
3.901109483506944
 30
0.0
 10
46.4417012532552
 20
3.901109483506944
 30
0.0
 10
46.4417012532552
 20
2.961100260416666
 30
0.0
 10
46.4417012532552
 20
2.961100260416666
 30
0.0
 10
46.4417012532552
 20
2.961100260416666
 30
0.0
 10
46.39368014865451
 20
2.961100260416666
 30
0.0
 10
46.39368014865451
 20
2.961100260416666
 30
0.0
 10
46.30618286132812
 20
2.961100260416666
 30
0.0
 10
46.23499891493055
 20
2.889919704861111
 30
0.0
 10
46.23499891493055
 20
2.802422417534721
 30
0.0
 10
46.23499891493055
 20
2.802422417534721
 30
0.0
 10
46.23499891493055
 20
1.444091796875
 30
0.0
 10
46.23499891493055
 20
1.444091796875
 30
0.0
 10
46.23499891493055
 20
1.35659450954861
 30
0.0
 10
46.30618286132812
 20
1.285413953993055
 30
0.0
 10
46.39368014865451
 20
1.285413953993055
 30
0.0
 10
46.39368014865451
 20
1.285413953993055
 30
0.0
 10
47.75201416015625
 20
1.285413953993055
 30
0.0
 10
47.75201416015625
 20
1.285413953993055
 30
0.0
 10
47.83951144748264
 20
1.285413953993055
 30
0.0
 10
47.9106953938802
 20
1.35659450954861
 30
0.0
 10
47.9106953938802
 20
1.444091796875
 30
0.0
 10
47.9106953938802
 20
1.444091796875
 30
0.0
 10
47.9106953938802
 20
2.802422417534721
 30
0.0
 10
47.9106953938802
 20
2.802422417534721
 30
0.0
 10
47.9106953938802
 20
2.889919704861111
 30
0.0
 10
47.83951144748264
 20
2.961100260416666
 30
0.0
 10
47.75201416015625
 20
2.961100260416666
 30
0.0
  0
SPLINE
  5
10B
330
87
100
AcDbEntity
  8
Layer 1
 62
   140
420
    51711
370
    70
100
AcDbSpline
210
0.0
220
0.0
230
1.0
 70
     9
 71
     3
 72
    47
 73
    43
 74
     0
 42
0.0000000001
 43
0.0000000001
 40
0.0
 40
0.0
 40
0.0
 40
0.0
 40
1.0
 40
1.0
 40
1.0
 40
2.0
 40
2.0
 40
2.0
 40
3.0
 40
3.0
 40
3.0
 40
4.0
 40
4.0
 40
4.0
 40
5.0
 40
5.0
 40
5.0
 40
6.0
 40
6.0
 40
6.0
 40
7.0
 40
7.0
 40
7.0
 40
8.0
 40
8.0
 40
8.0
 40
9.0
 40
9.0
 40
9.0
 40
10.0
 40
10.0
 40
10.0
 40
11.0
 40
11.0
 40
11.0
 40
12.0
 40
12.0
 40
12.0
 40
13.0
 40
13.0
 40
13.0
 40
14.0
 40
14.0
 40
14.0
 40
14.0
 10
52.45201280381944
 20
2.961100260416666
 30
0.0
 10
52.45201280381944
 20
2.961100260416666
 30
0.0
 10
52.40399169921875
 20
2.961100260416666
 30
0.0
 10
52.40399169921875
 20
2.961100260416666
 30
0.0
 10
52.40399169921875
 20
2.961100260416666
 30
0.0
 10
52.40399169921875
 20
3.901109483506944
 30
0.0
 10
52.40399169921875
 20
3.901109483506944
 30
0.0
 10
52.40399169921875
 20
3.982476128472221
 30
0.0
 10
52.3377956814236
 20
4.048678927951388
 30
0.0
 10
52.25642564561631
 20
4.048678927951388
 30
0.0
 10
52.25642564561631
 20
4.048678927951388
 30
0.0
 10
51.28926934136284
 20
4.048678927951388
 30
0.0
 10
51.28926934136284
 20
4.048678927951388
 30
0.0
 10
51.20789930555555
 20
4.048678927951388
 30
0.0
 10
51.1416998969184
 20
3.982476128472221
 30
0.0
 10
51.1416998969184
 20
3.901109483506944
 30
0.0
 10
51.1416998969184
 20
3.901109483506944
 30
0.0
 10
51.1416998969184
 20
2.961100260416666
 30
0.0
 10
51.1416998969184
 20
2.961100260416666
 30
0.0
 10
51.1416998969184
 20
2.961100260416666
 30
0.0
 10
51.0936787923177
 20
2.961100260416666
 30
0.0
 10
51.0936787923177
 20
2.961100260416666
 30
0.0
 10
51.00618150499132
 20
2.961100260416666
 30
0.0
 10
50.93499755859375
 20
2.889919704861111
 30
0.0
 10
50.93499755859375
 20
2.802422417534721
 30
0.0
 10
50.93499755859375
 20
2.802422417534721
 30
0.0
 10
50.93499755859375
 20
1.444091796875
 30
0.0
 10
50.93499755859375
 20
1.444091796875
 30
0.0
 10
50.93499755859375
 20
1.35659450954861
 30
0.0
 10
51.00618150499132
 20
1.285413953993055
 30
0.0
 10
51.0936787923177
 20
1.285413953993055
 30
0.0
 10
51.0936787923177
 20
1.285413953993055
 30
0.0
 10
52.45201280381944
 20
1.285413953993055
 30
0.0
 10
52.45201280381944
 20
1.285413953993055
 30
0.0
 10
52.53951009114583
 20
1.285413953993055
 30
0.0
 10
52.6106940375434
 20
1.35659450954861
 30
0.0
 10
52.6106940375434
 20
1.444091796875
 30
0.0
 10
52.6106940375434
 20
1.444091796875
 30
0.0
 10
52.6106940375434
 20
2.802422417534721
 30
0.0
 10
52.6106940375434
 20
2.802422417534721
 30
0.0
 10
52.6106940375434
 20
2.889919704861111
 30
0.0
 10
52.53951009114583
 20
2.961100260416666
 30
0.0
 10
52.45201280381944
 20
2.961100260416666
 30
0.0
  0
CIRCLE
  5
10C
330
87
100
AcDbEntity
  8
Layer 1
 62
     1
420
 16711686
370
    70
100
AcDbCircle
 10
55.88774278428819
 20
2.723076714409721
 30
0.0
 40
0.0694444444444445
  0
CIRCLE
  5
10D
330
87
100
AcDbEntity
  8
Layer 1
 62
     1
420
 16711686
370
    70
100
AcDbCircle
 10
57.10858154296875
 20
2.723076714409721
 30
0.0
 40
0.0694444444444445
  0
CIRCLE
  5
10E
330
87
100
AcDbEntity
  8
Layer 1
 62
     1
420
 16711686
370
    70
100
AcDbCircle
 10
55.88774278428819
 20
1.502251519097222
 30
0.0
 40
0.0694444444444445
  0
CIRCLE
  5
10F
330
87
100
AcDbEntity
  8
Layer 1
 62
     1
420
 16711686
370
    70
100
AcDbCircle
 10
57.10858154296875
 20
1.502251519097222
 30
0.0
 40
0.0694444444444445
  0
SPLINE
  5
110
330
87
100
AcDbEntity
  8
Layer 1
 62
   140
420
    51711
370
    70
100
AcDbSpline
210
0.0
220
0.0
230
1.0
 70
    11
 71
     3
 72
    50
 73
    46
 74
     0
 42
0.0000000001
 43
0.0000000001
 40
0.0
 40
0.0
 40
0.0
 40
0.0
 40
1.0
 40
1.0
 40
1.0
 40
2.0
 40
2.0
 40
2.0
 40
3.0
 40
3.0
 40
3.0
 40
4.0
 40
4.0
 40
4.0
 40
5.0
 40
5.0
 40
5.0
 40
6.0
 40
6.0
 40
6.0
 40
7.0
 40
7.0
 40
7.0
 40
8.0
 40
8.0
 40
8.0
 40
9.0
 40
9.0
 40
9.0
 40
10.0
 40
10.0
 40
10.0
 40
11.0
 40
11.0
 40
11.0
 40
12.0
 40
12.0
 40
12.0
 40
13.0
 40
13.0
 40
13.0
 40
14.0
 40
14.0
 40
14.0
 40
15.0
 40
15.0
 40
15.0
 40
15.0
 10
57.15201144748263
 20
2.961100260416666
 30
0.0
 10
57.15201144748263
 20
2.961100260416666
 30
0.0
 10
57.10399034288194
 20
2.961100260416666
 30
0.0
 10
57.10399034288194
 20
2.961100260416666
 30
0.0
 10
57.10399034288194
 20
2.961100260416666
 30
0.0
 10
57.10399034288194
 20
3.901109483506944
 30
0.0
 10
57.10399034288194
 20
3.901109483506944
 30
0.0
 10
57.10399034288194
 20
3.982476128472221
 30
0.0
 10
57.0377943250868
 20
4.048678927951388
 30
0.0
 10
56.9564208984375
 20
4.048678927951388
 30
0.0
 10
56.9564208984375
 20
4.048678927951388
 30
0.0
 10
55.98926459418402
 20
4.048678927951388
 30
0.0
 10
55.98926459418402
 20
4.048678927951388
 30
0.0
 10
55.90789455837673
 20
4.048678927951388
 30
0.0
 10
55.84169514973957
 20
3.982476128472221
 30
0.0
 10
55.84169514973957
 20
3.901109483506944
 30
0.0
 10
55.84169514973957
 20
3.901109483506944
 30
0.0
 10
55.84169514973957
 20
2.961100260416666
 30
0.0
 10
55.84169514973957
 20
2.961100260416666
 30
0.0
 10
55.84169514973957
 20
2.961100260416666
 30
0.0
 10
55.79367404513888
 20
2.961100260416666
 30
0.0
 10
55.79367404513888
 20
2.961100260416666
 30
0.0
 10
55.7061767578125
 20
2.961100260416666
 30
0.0
 10
55.63499281141492
 20
2.889919704861111
 30
0.0
 10
55.63499281141492
 20
2.802422417534721
 30
0.0
 10
55.63499281141492
 20
2.802422417534721
 30
0.0
 10
55.63499281141492
 20
1.444091796875
 30
0.0
 10
55.63499281141492
 20
1.444091796875
 30
0.0
 10
55.63499281141492
 20
1.35659450954861
 30
0.0
 10
55.7061767578125
 20
1.285413953993055
 30
0.0
 10
55.79367404513888
 20
1.285413953993055
 30
0.0
 10
55.79367404513888
 20
1.285413953993055
 30
0.0
 10
57.15200466579861
 20
1.285413953993055
 30
0.0
 10
57.15200466579861
 20
1.285413953993055
 30
0.0
 10
57.239501953125
 20
1.285413953993055
 30
0.0
 10
57.31068250868055
 20
1.35659450954861
 30
0.0
 10
57.31068250868055
 20
1.444091796875
 30
0.0
 10
57.31068250868055
 20
1.444091796875
 30
0.0
 10
57.31068250868055
 20
2.802422417534721
 30
0.0
 10
57.31068250868055
 20
2.802422417534721
 30
0.0
 10
57.31068250868055
 20
2.889919704861111
 30
0.0
 10
57.239501953125
 20
2.961100260416666
 30
0.0
 10
57.15200466579861
 20
2.961100260416666
 30
0.0
 10
57.15200466579861
 20
2.961100260416666
 30
0.0
 10
57.15201144748263
 20
2.961100260416666
 30
0.0
 10
57.15201144748263
 20
2.961100260416666
 30
0.0
  0
CIRCLE
  5
111
330
87
100
AcDbEntity
  8
Layer 1
 62
     1
420
 15862796
370
    35
100
AcDbCircle
 10
4.772845798068575
 20
8.11843532986111
 30
0.0
 40
0.098427242702908
  0
CIRCLE
  5
112
330
87
100
AcDbEntity
  8
Layer 1
 62
     1
420
 15862796
370
    35
100
AcDbCircle
 10
9.472846137152776
 20
8.11843532986111
 30
0.0
 40
0.098427242702908
  0
CIRCLE
  5
113
330
87
100
AcDbEntity
  8
Layer 1
 62
     1
420
 15862796
370
    35
100
AcDbCircle
 10
14.17284562852647
 20
8.11843532986111
 30
0.0
 40
0.098427242702908
  0
CIRCLE
  5
114
330
87
100
AcDbEntity
  8
Layer 1
 62
     1
420
 15862796
370
    35
100
AcDbCircle
 10
18.87284511990017
 20
8.11843532986111
 30
0.0
 40
0.0984268188476563
  0
CIRCLE
  5
115
330
87
100
AcDbEntity
  8
Layer 1
 62
     1
420
 15862796
370
    35
100
AcDbCircle
 10
23.57284545898437
 20
8.11843532986111
 30
0.0
 40
0.0984268188476563
  0
SPLINE
  5
116
330
87
100
AcDbEntity
  8
Layer 1
 62
     1
420
 15862796
370
    35
100
AcDbSpline
210
0.0
220
0.0
230
1.0
 70
    11
 71
     3
 72
    17
 73
    13
 74
     0
 42
0.0000000001
 43
0.0000000001
 40
0.0
 40
0.0
 40
0.0
 40
0.0
 40
1.0
 40
1.0
 40
1.0
 40
2.0
 40
2.0
 40
2.0
 40
3.0
 40
3.0
 40
3.0
 40
4.0
 40
4.0
 40
4.0
 40
4.0
 10
28.37127176920573
 20
8.11843532986111
 30
0.0
 10
28.37127176920573
 20
8.064073350694444
 30
0.0
 10
28.32720438639323
 20
8.020005967881944
 30
0.0
 10
28.27284749348958
 20
8.020005967881944
 30
0.0
 10
28.21848890516493
 20
8.020005967881944
 30
0.0
 10
28.17442321777344
 20
8.064073350694444
 30
0.0
 10
28.17442321777344
 20
8.11843532986111
 30
0.0
 10
28.17442321777344
 20
8.172797309027776
 30
0.0
 10
28.21849060058594
 20
8.216864691840276
 30
0.0
 10
28.27284749348958
 20
8.216864691840276
 30
0.0
 10
28.32720608181423
 20
8.216864691840276
 30
0.0
 10
28.37127176920573
 20
8.172797309027776
 30
0.0
 10
28.37127176920573
 20
8.11843532986111
 30
0.0
  0
SPLINE
  5
117
330
87
100
AcDbEntity
  8
Layer 1
 62
     1
420
 15862796
370
    35
100
AcDbSpline
210
0.0
220
0.0
230
1.0
 70
    11
 71
     3
 72
    17
 73
    13
 74
     0
 42
0.0000000001
 43
0.0000000001
 40
0.0
 40
0.0
 40
0.0
 40
0.0
 40
1.0
 40
1.0
 40
1.0
 40
2.0
 40
2.0
 40
2.0
 40
3.0
 40
3.0
 40
3.0
 40
4.0
 40
4.0
 40
4.0
 40
4.0
 10
33.07127210828993
 20
8.11843532986111
 30
0.0
 10
33.07127210828993
 20
8.064073350694444
 30
0.0
 10
33.02720472547743
 20
8.020005967881944
 30
0.0
 10
32.97284613715278
 20
8.020005967881944
 30
0.0
 10
32.91848754882813
 20
8.020005967881944
 30
0.0
 10
32.87442016601563
 20
8.064073350694444
 30
0.0
 10
32.87442016601563
 20
8.11843532986111
 30
0.0
 10
32.87442016601563
 20
8.172797309027776
 30
0.0
 10
32.91848754882813
 20
8.216864691840276
 30
0.0
 10
32.97284613715278
 20
8.216864691840276
 30
0.0
 10
33.02720472547743
 20
8.216864691840276
 30
0.0
 10
33.07127210828993
 20
8.172797309027776
 30
0.0
 10
33.07127210828993
 20
8.11843532986111
 30
0.0
  0
SPLINE
  5
118
330
87
100
AcDbEntity
  8
Layer 1
 62
     1
420
 15862796
370
    35
100
AcDbSpline
210
0.0
220
0.0
230
1.0
 70
    11
 71
     3
 72
    17
 73
    13
 74
     0
 42
0.0000000001
 43
0.0000000001
 40
0.0
 40
0.0
 40
0.0
 40
0.0
 40
1.0
 40
1.0
 40
1.0
 40
2.0
 40
2.0
 40
2.0
 40
3.0
 40
3.0
 40
3.0
 40
4.0
 40
4.0
 40
4.0
 40
4.0
 10
37.77127075195313
 20
8.11843532986111
 30
0.0
 10
37.77127075195313
 20
8.064073350694444
 30
0.0
 10
37.72720336914062
 20
8.020005967881944
 30
0.0
 10
37.67284478081597
 20
8.020005967881944
 30
0.0
 10
37.61848619249132
 20
8.020005967881944
 30
0.0
 10
37.57441880967882
 20
8.064073350694444
 30
0.0
 10
37.57441880967882
 20
8.11843532986111
 30
0.0
 10
37.57441880967882
 20
8.172797309027776
 30
0.0
 10
37.61848619249132
 20
8.216864691840276
 30
0.0
 10
37.67284478081597
 20
8.216864691840276
 30
0.0
 10
37.72720336914062
 20
8.216864691840276
 30
0.0
 10
37.77127075195313
 20
8.172797309027776
 30
0.0
 10
37.77127075195313
 20
8.11843532986111
 30
0.0
  0
SPLINE
  5
119
330
87
100
AcDbEntity
  8
Layer 1
 62
     1
420
 15862796
370
    35
100
AcDbSpline
210
0.0
220
0.0
230
1.0
 70
    11
 71
     3
 72
    17
 73
    13
 74
     0
 42
0.0000000001
 43
0.0000000001
 40
0.0
 40
0.0
 40
0.0
 40
0.0
 40
1.0
 40
1.0
 40
1.0
 40
2.0
 40
2.0
 40
2.0
 40
3.0
 40
3.0
 40
3.0
 40
4.0
 40
4.0
 40
4.0
 40
4.0
 10
42.47127278645833
 20
8.11843532986111
 30
0.0
 10
42.47127278645833
 20
8.064073350694444
 30
0.0
 10
42.42720540364582
 20
8.020005967881944
 30
0.0
 10
42.37284681532117
 20
8.020005967881944
 30
0.0
 10
42.31848822699652
 20
8.020005967881944
 30
0.0
 10
42.27442084418402
 20
8.064073350694444
 30
0.0
 10
42.27442084418402
 20
8.11843532986111
 30
0.0
 10
42.27442084418402
 20
8.172797309027776
 30
0.0
 10
42.31848822699652
 20
8.216864691840276
 30
0.0
 10
42.37284681532117
 20
8.216864691840276
 30
0.0
 10
42.42720540364582
 20
8.216864691840276
 30
0.0
 10
42.47127278645833
 20
8.172797309027776
 30
0.0
 10
42.47127278645833
 20
8.11843532986111
 30
0.0
  0
SPLINE
  5
11A
330
87
100
AcDbEntity
  8
Layer 1
 62
     1
420
 15862796
370
    35
100
AcDbSpline
210
0.0
220
0.0
230
1.0
 70
    11
 71
     3
 72
    17
 73
    13
 74
     0
 42
0.0000000001
 43
0.0000000001
 40
0.0
 40
0.0
 40
0.0
 40
0.0
 40
1.0
 40
1.0
 40
1.0
 40
2.0
 40
2.0
 40
2.0
 40
3.0
 40
3.0
 40
3.0
 40
4.0
 40
4.0
 40
4.0
 40
4.0
 10
47.17127143012152
 20
8.11843532986111
 30
0.0
 10
47.17127143012152
 20
8.064073350694444
 30
0.0
 10
47.12720404730903
 20
8.020005967881944
 30
0.0
 10
47.07284545898438
 20
8.020005967881944
 30
0.0
 10
47.01848687065972
 20
8.020005967881944
 30
0.0
 10
46.97441948784722
 20
8.064073350694444
 30
0.0
 10
46.97441948784722
 20
8.11843532986111
 30
0.0
 10
46.97441948784722
 20
8.172797309027776
 30
0.0
 10
47.01848687065972
 20
8.216864691840276
 30
0.0
 10
47.07284545898438
 20
8.216864691840276
 30
0.0
 10
47.12720404730903
 20
8.216864691840276
 30
0.0
 10
47.17127143012152
 20
8.172797309027776
 30
0.0
 10
47.17127143012152
 20
8.11843532986111
 30
0.0
  0
SPLINE
  5
11B
330
87
100
AcDbEntity
  8
Layer 1
 62
     1
420
 15862796
370
    35
100
AcDbSpline
210
0.0
220
0.0
230
1.0
 70
    11
 71
     3
 72
    17
 73
    13
 74
     0
 42
0.0000000001
 43
0.0000000001
 40
0.0
 40
0.0
 40
0.0
 40
0.0
 40
1.0
 40
1.0
 40
1.0
 40
2.0
 40
2.0
 40
2.0
 40
3.0
 40
3.0
 40
3.0
 40
4.0
 40
4.0
 40
4.0
 40
4.0
 10
51.87127346462673
 20
8.11843532986111
 30
0.0
 10
51.87127346462673
 20
8.064073350694444
 30
0.0
 10
51.82720608181423
 20
8.020005967881944
 30
0.0
 10
51.77284749348958
 20
8.020005967881944
 30
0.0
 10
51.71848890516493
 20
8.020005967881944
 30
0.0
 10
51.67442152235242
 20
8.064073350694444
 30
0.0
 10
51.67442152235242
 20
8.11843532986111
 30
0.0
 10
51.67442152235242
 20
8.172797309027776
 30
0.0
 10
51.71848890516493
 20
8.216864691840276
 30
0.0
 10
51.77284749348958
 20
8.216864691840276
 30
0.0
 10
51.82720608181423
 20
8.216864691840276
 30
0.0
 10
51.87127346462673
 20
8.172797309027776
 30
0.0
 10
51.87127346462673
 20
8.11843532986111
 30
0.0
  0
SPLINE
  5
11C
330
87
100
AcDbEntity
  8
Layer 1
 62
     1
420
 15862796
370
    35
100
AcDbSpline
210
0.0
220
0.0
230
1.0
 70
    11
 71
     3
 72
    17
 73
    13
 74
     0
 42
0.0000000001
 43
0.0000000001
 40
0.0
 40
0.0
 40
0.0
 40
0.0
 40
1.0
 40
1.0
 40
1.0
 40
2.0
 40
2.0
 40
2.0
 40
3.0
 40
3.0
 40
3.0
 40
4.0
 40
4.0
 40
4.0
 40
4.0
 10
56.57127210828992
 20
8.11843532986111
 30
0.0
 10
56.57127210828992
 20
8.064073350694444
 30
0.0
 10
56.52720472547742
 20
8.020005967881944
 30
0.0
 10
56.47284613715277
 20
8.020005967881944
 30
0.0
 10
56.41848754882812
 20
8.020005967881944
 30
0.0
 10
56.37442016601562
 20
8.064073350694444
 30
0.0
 10
56.37442016601562
 20
8.11843532986111
 30
0.0
 10
56.37442016601562
 20
8.172797309027776
 30
0.0
 10
56.41848754882812
 20
8.216864691840276
 30
0.0
 10
56.47284613715277
 20
8.216864691840276
 30
0.0
 10
56.52720472547742
 20
8.216864691840276
 30
0.0
 10
56.57127210828992
 20
8.172797309027776
 30
0.0
 10
56.57127210828992
 20
8.11843532986111
 30
0.0
  0
ENDBLK
  5
8A
330
87
100
AcDbEntity
  8
0
100
AcDbBlockEnd
  0
ENDSEC
  0
SECTION
  2
ENTITIES
  0
INSERT
  5
7A
330
70
100
AcDbEntity
  8
Layer 1
100
AcDbBlockReference
  2
Block_0
 10
0.0
 20
0.0
 30
0.0
  0
SPLINE
  5
81
330
70
100
AcDbEntity
  8
Layer 1
 62
    11
420
 15363694
370
    70
100
AcDbSpline
210
0.0
220
0.0
230
1.0
 70
    11
 71
     3
 72
   113
 73
   109
 74
     0
 42
0.0000000001
 43
0.0000000001
 40
0.0
 40
0.0
 40
0.0
 40
0.0
 40
1.0
 40
1.0
 40
1.0
 40
2.0
 40
2.0
 40
2.0
 40
3.0
 40
3.0
 40
3.0
 40
4.0
 40
4.0
 40
4.0
 40
5.0
 40
5.0
 40
5.0
 40
6.0
 40
6.0
 40
6.0
 40
7.0
 40
7.0
 40
7.0
 40
8.0
 40
8.0
 40
8.0
 40
9.0
 40
9.0
 40
9.0
 40
10.0
 40
10.0
 40
10.0
 40
11.0
 40
11.0
 40
11.0
 40
12.0
 40
12.0
 40
12.0
 40
13.0
 40
13.0
 40
13.0
 40
14.0
 40
14.0
 40
14.0
 40
15.0
 40
15.0
 40
15.0
 40
16.0
 40
16.0
 40
16.0
 40
17.0
 40
17.0
 40
17.0
 40
18.0
 40
18.0
 40
18.0
 40
19.0
 40
19.0
 40
19.0
 40
20.0
 40
20.0
 40
20.0
 40
21.0
 40
21.0
 40
21.0
 40
22.0
 40
22.0
 40
22.0
 40
23.0
 40
23.0
 40
23.0
 40
24.0
 40
24.0
 40
24.0
 40
25.0
 40
25.0
 40
25.0
 40
26.0
 40
26.0
 40
26.0
 40
27.0
 40
27.0
 40
27.0
 40
28.0
 40
28.0
 40
28.0
 40
29.0
 40
29.0
 40
29.0
 40
30.0
 40
30.0
 40
30.0
 40
31.0
 40
31.0
 40
31.0
 40
32.0
 40
32.0
 40
32.0
 40
33.0
 40
33.0
 40
33.0
 40
34.0
 40
34.0
 40
34.0
 40
35.0
 40
35.0
 40
35.0
 40
36.0
 40
36.0
 40
36.0
 40
36.0
 10
41.61548868815104
 20
24.11941189236111
 30
0.0
 10
41.61548868815104
 20
24.11941189236111
 30
0.0
 10
0.6122888988918728
 20
24.11941189236111
 30
0.0
 10
0.6122888988918728
 20
24.11941189236111
 30
0.0
 10
0.6122888988918728
 20
24.11941189236111
 30
0.0
 10
0.6122888988918728
 20
24.61941189236111
 30
0.0
 10
0.6122888988918728
 20
24.61941189236111
 30
0.0
 10
0.6122888988918728
 20
24.61941189236111
 30
0.0
 10
0.0138888888888889
 20
24.61941189236111
 30
0.0
 10
0.0138888888888889
 20
24.61941189236111
 30
0.0
 10
0.0138888888888889
 20
24.61941189236111
 30
0.0
 10
0.0138888888888889
 20
25.11941189236111
 30
0.0
 10
0.0138888888888889
 20
25.11941189236111
 30
0.0
 10
0.0138888888888889
 20
25.11941189236111
 30
0.0
 10
0.6122888988918728
 20
25.11941189236111
 30
0.0
 10
0.6122888988918728
 20
25.11941189236111
 30
0.0
 10
0.6122888988918728
 20
25.11941189236111
 30
0.0
 10
0.6122888988918728
 20
25.61941189236111
 30
0.0
 10
0.6122888988918728
 20
25.61941189236111
 30
0.0
 10
0.6122888988918728
 20
25.61941189236111
 30
0.0
 10
0.0138888888888889
 20
25.61941189236111
 30
0.0
 10
0.0138888888888889
 20
25.61941189236111
 30
0.0
 10
0.0138888888888889
 20
25.61941189236111
 30
0.0
 10
0.0138888888888889
 20
26.11941189236111
 30
0.0
 10
0.0138888888888889
 20
26.11941189236111
 30
0.0
 10
0.0138888888888889
 20
26.11941189236111
 30
0.0
 10
0.6122888988918728
 20
26.11941189236111
 30
0.0
 10
0.6122888988918728
 20
26.11941189236111
 30
0.0
 10
0.6122888988918728
 20
26.11941189236111
 30
0.0
 10
0.6122888988918728
 20
26.61941189236111
 30
0.0
 10
0.6122888988918728
 20
26.61941189236111
 30
0.0
 10
0.6122888988918728
 20
26.61941189236111
 30
0.0
 10
0.0138888888888889
 20
26.61941189236111
 30
0.0
 10
0.0138888888888889
 20
26.61941189236111
 30
0.0
 10
0.0138888888888889
 20
26.61941189236111
 30
0.0
 10
0.0138888888888889
 20
27.11941189236111
 30
0.0
 10
0.0138888888888889
 20
27.11941189236111
 30
0.0
 10
0.0138888888888889
 20
27.11941189236111
 30
0.0
 10
0.6122888988918728
 20
27.11941189236111
 30
0.0
 10
0.6122888988918728
 20
27.11941189236111
 30
0.0
 10
0.6122888988918728
 20
27.11941189236111
 30
0.0
 10
0.6122888988918728
 20
27.61941189236111
 30
0.0
 10
0.6122888988918728
 20
27.61941189236111
 30
0.0
 10
0.6122888988918728
 20
27.61941189236111
 30
0.0
 10
0.0138888888888889
 20
27.61941189236111
 30
0.0
 10
0.0138888888888889
 20
27.61941189236111
 30
0.0
 10
0.0138888888888889
 20
27.61941189236111
 30
0.0
 10
0.0138888888888889
 20
28.11941189236111
 30
0.0
 10
0.0138888888888889
 20
28.11941189236111
 30
0.0
 10
0.0138888888888889
 20
28.11941189236111
 30
0.0
 10
0.6122888988918728
 20
28.11941189236111
 30
0.0
 10
0.6122888988918728
 20
28.11941189236111
 30
0.0
 10
0.6122888988918728
 20
28.11941189236111
 30
0.0
 10
0.6122888988918728
 20
28.61941189236111
 30
0.0
 10
0.6122888988918728
 20
28.61941189236111
 30
0.0
 10
0.6122888988918728
 20
28.61941189236111
 30
0.0
 10
41.61548868815104
 20
28.61941189236111
 30
0.0
 10
41.61548868815104
 20
28.61941189236111
 30
0.0
 10
41.61548868815104
 20
28.61941189236111
 30
0.0
 10
41.61548868815104
 20
28.11941189236111
 30
0.0
 10
41.61548868815104
 20
28.11941189236111
 30
0.0
 10
41.61548868815104
 20
28.11941189236111
 30
0.0
 10
42.21388753255207
 20
28.11941189236111
 30
0.0
 10
42.21388753255207
 20
28.11941189236111
 30
0.0
 10
42.21388753255207
 20
28.11941189236111
 30
0.0
 10
42.21388753255207
 20
27.61941189236111
 30
0.0
 10
42.21388753255207
 20
27.61941189236111
 30
0.0
 10
42.21388753255207
 20
27.61941189236111
 30
0.0
 10
41.61548868815104
 20
27.61941189236111
 30
0.0
 10
41.61548868815104
 20
27.61941189236111
 30
0.0
 10
41.61548868815104
 20
27.61941189236111
 30
0.0
 10
41.61548868815104
 20
27.11941189236111
 30
0.0
 10
41.61548868815104
 20
27.11941189236111
 30
0.0
 10
41.61548868815104
 20
27.11941189236111
 30
0.0
 10
42.21388753255207
 20
27.11941189236111
 30
0.0
 10
42.21388753255207
 20
27.11941189236111
 30
0.0
 10
42.21388753255207
 20
27.11941189236111
 30
0.0
 10
42.21388753255207
 20
26.61941189236111
 30
0.0
 10
42.21388753255207
 20
26.61941189236111
 30
0.0
 10
42.21388753255207
 20
26.61941189236111
 30
0.0
 10
41.61548868815104
 20
26.61941189236111
 30
0.0
 10
41.61548868815104
 20
26.61941189236111
 30
0.0
 10
41.61548868815104
 20
26.61941189236111
 30
0.0
 10
41.61548868815104
 20
26.11941189236111
 30
0.0
 10
41.61548868815104
 20
26.11941189236111
 30
0.0
 10
41.61548868815104
 20
26.11941189236111
 30
0.0
 10
42.21388753255207
 20
26.11941189236111
 30
0.0
 10
42.21388753255207
 20
26.11941189236111
 30
0.0
 10
42.21388753255207
 20
26.11941189236111
 30
0.0
 10
42.21388753255207
 20
25.61941189236111
 30
0.0
 10
42.21388753255207
 20
25.61941189236111
 30
0.0
 10
42.21388753255207
 20
25.61941189236111
 30
0.0
 10
41.61548868815104
 20
25.61941189236111
 30
0.0
 10
41.61548868815104
 20
25.61941189236111
 30
0.0
 10
41.61548868815104
 20
25.61941189236111
 30
0.0
 10
41.61548868815104
 20
25.11941189236111
 30
0.0
 10
41.61548868815104
 20
25.11941189236111
 30
0.0
 10
41.61548868815104
 20
25.11941189236111
 30
0.0
 10
42.21388753255207
 20
25.11941189236111
 30
0.0
 10
42.21388753255207
 20
25.11941189236111
 30
0.0
 10
42.21388753255207
 20
25.11941189236111
 30
0.0
 10
42.21388753255207
 20
24.61941189236111
 30
0.0
 10
42.21388753255207
 20
24.61941189236111
 30
0.0
 10
42.21388753255207
 20
24.61941189236111
 30
0.0
 10
41.61548868815104
 20
24.61941189236111
 30
0.0
 10
41.61548868815104
 20
24.61941189236111
 30
0.0
 10
41.61548868815104
 20
24.61941189236111
 30
0.0
 10
41.61548868815104
 20
24.11941189236111
 30
0.0
 10
41.61548868815104
 20
24.11941189236111
 30
0.0
  0
SPLINE
  5
82
330
70
100
AcDbEntity
  8
Layer 1
 62
    11
420
 15363694
370
    70
100
AcDbSpline
210
0.0
220
0.0
230
1.0
 70
    11
 71
     3
 72
   113
 73
   109
 74
     0
 42
0.0000000001
 43
0.0000000001
 40
0.0
 40
0.0
 40
0.0
 40
0.0
 40
1.0
 40
1.0
 40
1.0
 40
2.0
 40
2.0
 40
2.0
 40
3.0
 40
3.0
 40
3.0
 40
4.0
 40
4.0
 40
4.0
 40
5.0
 40
5.0
 40
5.0
 40
6.0
 40
6.0
 40
6.0
 40
7.0
 40
7.0
 40
7.0
 40
8.0
 40
8.0
 40
8.0
 40
9.0
 40
9.0
 40
9.0
 40
10.0
 40
10.0
 40
10.0
 40
11.0
 40
11.0
 40
11.0
 40
12.0
 40
12.0
 40
12.0
 40
13.0
 40
13.0
 40
13.0
 40
14.0
 40
14.0
 40
14.0
 40
15.0
 40
15.0
 40
15.0
 40
16.0
 40
16.0
 40
16.0
 40
17.0
 40
17.0
 40
17.0
 40
18.0
 40
18.0
 40
18.0
 40
19.0
 40
19.0
 40
19.0
 40
20.0
 40
20.0
 40
20.0
 40
21.0
 40
21.0
 40
21.0
 40
22.0
 40
22.0
 40
22.0
 40
23.0
 40
23.0
 40
23.0
 40
24.0
 40
24.0
 40
24.0
 40
25.0
 40
25.0
 40
25.0
 40
26.0
 40
26.0
 40
26.0
 40
27.0
 40
27.0
 40
27.0
 40
28.0
 40
28.0
 40
28.0
 40
29.0
 40
29.0
 40
29.0
 40
30.0
 40
30.0
 40
30.0
 40
31.0
 40
31.0
 40
31.0
 40
32.0
 40
32.0
 40
32.0
 40
33.0
 40
33.0
 40
33.0
 40
34.0
 40
34.0
 40
34.0
 40
35.0
 40
35.0
 40
35.0
 40
36.0
 40
36.0
 40
36.0
 40
36.0
 10
41.61548868815104
 20
29.58737521701389
 30
0.0
 10
41.61548868815104
 20
29.58737521701389
 30
0.0
 10
0.6122888988918728
 20
29.58737521701389
 30
0.0
 10
0.6122888988918728
 20
29.58737521701389
 30
0.0
 10
0.6122888988918728
 20
29.58737521701389
 30
0.0
 10
0.6122888988918728
 20
30.08737521701389
 30
0.0
 10
0.6122888988918728
 20
30.08737521701389
 30
0.0
 10
0.6122888988918728
 20
30.08737521701389
 30
0.0
 10
0.0138888888888889
 20
30.08737521701389
 30
0.0
 10
0.0138888888888889
 20
30.08737521701389
 30
0.0
 10
0.0138888888888889
 20
30.08737521701389
 30
0.0
 10
0.0138888888888889
 20
30.58737521701389
 30
0.0
 10
0.0138888888888889
 20
30.58737521701389
 30
0.0
 10
0.0138888888888889
 20
30.58737521701389
 30
0.0
 10
0.6122888988918728
 20
30.58737521701389
 30
0.0
 10
0.6122888988918728
 20
30.58737521701389
 30
0.0
 10
0.6122888988918728
 20
30.58737521701389
 30
0.0
 10
0.6122888988918728
 20
31.08737521701389
 30
0.0
 10
0.6122888988918728
 20
31.08737521701389
 30
0.0
 10
0.6122888988918728
 20
31.08737521701389
 30
0.0
 10
0.0138888888888889
 20
31.08737521701389
 30
0.0
 10
0.0138888888888889
 20
31.08737521701389
 30
0.0
 10
0.0138888888888889
 20
31.08737521701389
 30
0.0
 10
0.0138888888888889
 20
31.58737521701389
 30
0.0
 10
0.0138888888888889
 20
31.58737521701389
 30
0.0
 10
0.0138888888888889
 20
31.58737521701389
 30
0.0
 10
0.6122888988918728
 20
31.58737521701389
 30
0.0
 10
0.6122888988918728
 20
31.58737521701389
 30
0.0
 10
0.6122888988918728
 20
31.58737521701389
 30
0.0
 10
0.6122888988918728
 20
32.08737521701389
 30
0.0
 10
0.6122888988918728
 20
32.08737521701389
 30
0.0
 10
0.6122888988918728
 20
32.08737521701389
 30
0.0
 10
0.0138888888888889
 20
32.08737521701389
 30
0.0
 10
0.0138888888888889
 20
32.08737521701389
 30
0.0
 10
0.0138888888888889
 20
32.08737521701389
 30
0.0
 10
0.0138888888888889
 20
32.58737521701389
 30
0.0
 10
0.0138888888888889
 20
32.58737521701389
 30
0.0
 10
0.0138888888888889
 20
32.58737521701389
 30
0.0
 10
0.6122888988918728
 20
32.58737521701389
 30
0.0
 10
0.6122888988918728
 20
32.58737521701389
 30
0.0
 10
0.6122888988918728
 20
32.58737521701389
 30
0.0
 10
0.6122888988918728
 20
33.08737521701389
 30
0.0
 10
0.6122888988918728
 20
33.08737521701389
 30
0.0
 10
0.6122888988918728
 20
33.08737521701389
 30
0.0
 10
0.0138888888888889
 20
33.08737521701389
 30
0.0
 10
0.0138888888888889
 20
33.08737521701389
 30
0.0
 10
0.0138888888888889
 20
33.08737521701389
 30
0.0
 10
0.0138888888888889
 20
33.58737521701389
 30
0.0
 10
0.0138888888888889
 20
33.58737521701389
 30
0.0
 10
0.0138888888888889
 20
33.58737521701389
 30
0.0
 10
0.6122888988918728
 20
33.58737521701389
 30
0.0
 10
0.6122888988918728
 20
33.58737521701389
 30
0.0
 10
0.6122888988918728
 20
33.58737521701389
 30
0.0
 10
0.6122888988918728
 20
34.08737521701389
 30
0.0
 10
0.6122888988918728
 20
34.08737521701389
 30
0.0
 10
0.6122888988918728
 20
34.08737521701389
 30
0.0
 10
41.61548868815104
 20
34.08737521701389
 30
0.0
 10
41.61548868815104
 20
34.08737521701389
 30
0.0
 10
41.61548868815104
 20
34.08737521701389
 30
0.0
 10
41.61548868815104
 20
33.58737521701389
 30
0.0
 10
41.61548868815104
 20
33.58737521701389
 30
0.0
 10
41.61548868815104
 20
33.58737521701389
 30
0.0
 10
42.21388753255207
 20
33.58737521701389
 30
0.0
 10
42.21388753255207
 20
33.58737521701389
 30
0.0
 10
42.21388753255207
 20
33.58737521701389
 30
0.0
 10
42.21388753255207
 20
33.08737521701389
 30
0.0
 10
42.21388753255207
 20
33.08737521701389
 30
0.0
 10
42.21388753255207
 20
33.08737521701389
 30
0.0
 10
41.61548868815104
 20
33.08737521701389
 30
0.0
 10
41.61548868815104
 20
33.08737521701389
 30
0.0
 10
41.61548868815104
 20
33.08737521701389
 30
0.0
 10
41.61548868815104
 20
32.58737521701389
 30
0.0
 10
41.61548868815104
 20
32.58737521701389
 30
0.0
 10
41.61548868815104
 20
32.58737521701389
 30
0.0
 10
42.21388753255207
 20
32.58737521701389
 30
0.0
 10
42.21388753255207
 20
32.58737521701389
 30
0.0
 10
42.21388753255207
 20
32.58737521701389
 30
0.0
 10
42.21388753255207
 20
32.08737521701389
 30
0.0
 10
42.21388753255207
 20
32.08737521701389
 30
0.0
 10
42.21388753255207
 20
32.08737521701389
 30
0.0
 10
41.61548868815104
 20
32.08737521701389
 30
0.0
 10
41.61548868815104
 20
32.08737521701389
 30
0.0
 10
41.61548868815104
 20
32.08737521701389
 30
0.0
 10
41.61548868815104
 20
31.58737521701389
 30
0.0
 10
41.61548868815104
 20
31.58737521701389
 30
0.0
 10
41.61548868815104
 20
31.58737521701389
 30
0.0
 10
42.21388753255207
 20
31.58737521701389
 30
0.0
 10
42.21388753255207
 20
31.58737521701389
 30
0.0
 10
42.21388753255207
 20
31.58737521701389
 30
0.0
 10
42.21388753255207
 20
31.08737521701389
 30
0.0
 10
42.21388753255207
 20
31.08737521701389
 30
0.0
 10
42.21388753255207
 20
31.08737521701389
 30
0.0
 10
41.61548868815104
 20
31.08737521701389
 30
0.0
 10
41.61548868815104
 20
31.08737521701389
 30
0.0
 10
41.61548868815104
 20
31.08737521701389
 30
0.0
 10
41.61548868815104
 20
30.58737521701389
 30
0.0
 10
41.61548868815104
 20
30.58737521701389
 30
0.0
 10
41.61548868815104
 20
30.58737521701389
 30
0.0
 10
42.21388753255207
 20
30.58737521701389
 30
0.0
 10
42.21388753255207
 20
30.58737521701389
 30
0.0
 10
42.21388753255207
 20
30.58737521701389
 30
0.0
 10
42.21388753255207
 20
30.08737521701389
 30
0.0
 10
42.21388753255207
 20
30.08737521701389
 30
0.0
 10
42.21388753255207
 20
30.08737521701389
 30
0.0
 10
41.61548868815104
 20
30.08737521701389
 30
0.0
 10
41.61548868815104
 20
30.08737521701389
 30
0.0
 10
41.61548868815104
 20
30.08737521701389
 30
0.0
 10
41.61548868815104
 20
29.58737521701389
 30
0.0
 10
41.61548868815104
 20
29.58737521701389
 30
0.0
  0
SPLINE
  5
83
330
70
100
AcDbEntity
  8
Layer 1
 62
    11
420
 15363694
370
    70
100
AcDbSpline
210
0.0
220
0.0
230
1.0
 70
    11
 71
     3
 72
   113
 73
   109
 74
     0
 42
0.0000000001
 43
0.0000000001
 40
0.0
 40
0.0
 40
0.0
 40
0.0
 40
1.0
 40
1.0
 40
1.0
 40
2.0
 40
2.0
 40
2.0
 40
3.0
 40
3.0
 40
3.0
 40
4.0
 40
4.0
 40
4.0
 40
5.0
 40
5.0
 40
5.0
 40
6.0
 40
6.0
 40
6.0
 40
7.0
 40
7.0
 40
7.0
 40
8.0
 40
8.0
 40
8.0
 40
9.0
 40
9.0
 40
9.0
 40
10.0
 40
10.0
 40
10.0
 40
11.0
 40
11.0
 40
11.0
 40
12.0
 40
12.0
 40
12.0
 40
13.0
 40
13.0
 40
13.0
 40
14.0
 40
14.0
 40
14.0
 40
15.0
 40
15.0
 40
15.0
 40
16.0
 40
16.0
 40
16.0
 40
17.0
 40
17.0
 40
17.0
 40
18.0
 40
18.0
 40
18.0
 40
19.0
 40
19.0
 40
19.0
 40
20.0
 40
20.0
 40
20.0
 40
21.0
 40
21.0
 40
21.0
 40
22.0
 40
22.0
 40
22.0
 40
23.0
 40
23.0
 40
23.0
 40
24.0
 40
24.0
 40
24.0
 40
25.0
 40
25.0
 40
25.0
 40
26.0
 40
26.0
 40
26.0
 40
27.0
 40
27.0
 40
27.0
 40
28.0
 40
28.0
 40
28.0
 40
29.0
 40
29.0
 40
29.0
 40
30.0
 40
30.0
 40
30.0
 40
31.0
 40
31.0
 40
31.0
 40
32.0
 40
32.0
 40
32.0
 40
33.0
 40
33.0
 40
33.0
 40
34.0
 40
34.0
 40
34.0
 40
35.0
 40
35.0
 40
35.0
 40
36.0
 40
36.0
 40
36.0
 40
36.0
 10
41.61548868815104
 20
35.18380398220486
 30
0.0
 10
41.61548868815104
 20
35.18380398220486
 30
0.0
 10
0.6122888988918728
 20
35.18380398220486
 30
0.0
 10
0.6122888988918728
 20
35.18380398220486
 30
0.0
 10
0.6122888988918728
 20
35.18380398220486
 30
0.0
 10
0.6122888988918728
 20
35.68380398220486
 30
0.0
 10
0.6122888988918728
 20
35.68380398220486
 30
0.0
 10
0.6122888988918728
 20
35.68380398220486
 30
0.0
 10
0.0138888888888889
 20
35.68380398220486
 30
0.0
 10
0.0138888888888889
 20
35.68380398220486
 30
0.0
 10
0.0138888888888889
 20
35.68380398220486
 30
0.0
 10
0.0138888888888889
 20
36.18380398220486
 30
0.0
 10
0.0138888888888889
 20
36.18380398220486
 30
0.0
 10
0.0138888888888889
 20
36.18380398220486
 30
0.0
 10
0.6122888988918728
 20
36.18380398220486
 30
0.0
 10
0.6122888988918728
 20
36.18380398220486
 30
0.0
 10
0.6122888988918728
 20
36.18380398220486
 30
0.0
 10
0.6122888988918728
 20
36.68380398220486
 30
0.0
 10
0.6122888988918728
 20
36.68380398220486
 30
0.0
 10
0.6122888988918728
 20
36.68380398220486
 30
0.0
 10
0.0138888888888889
 20
36.68380398220486
 30
0.0
 10
0.0138888888888889
 20
36.68380398220486
 30
0.0
 10
0.0138888888888889
 20
36.68380398220486
 30
0.0
 10
0.0138888888888889
 20
37.18380398220486
 30
0.0
 10
0.0138888888888889
 20
37.18380398220486
 30
0.0
 10
0.0138888888888889
 20
37.18380398220486
 30
0.0
 10
0.6122888988918728
 20
37.18380398220486
 30
0.0
 10
0.6122888988918728
 20
37.18380398220486
 30
0.0
 10
0.6122888988918728
 20
37.18380398220486
 30
0.0
 10
0.6122888988918728
 20
37.68380398220486
 30
0.0
 10
0.6122888988918728
 20
37.68380398220486
 30
0.0
 10
0.6122888988918728
 20
37.68380398220486
 30
0.0
 10
0.0138888888888889
 20
37.68380398220486
 30
0.0
 10
0.0138888888888889
 20
37.68380398220486
 30
0.0
 10
0.0138888888888889
 20
37.68380398220486
 30
0.0
 10
0.0138888888888889
 20
38.18380398220486
 30
0.0
 10
0.0138888888888889
 20
38.18380398220486
 30
0.0
 10
0.0138888888888889
 20
38.18380398220486
 30
0.0
 10
0.6122888988918728
 20
38.18380398220486
 30
0.0
 10
0.6122888988918728
 20
38.18380398220486
 30
0.0
 10
0.6122888988918728
 20
38.18380398220486
 30
0.0
 10
0.6122888988918728
 20
38.68380398220486
 30
0.0
 10
0.6122888988918728
 20
38.68380398220486
 30
0.0
 10
0.6122888988918728
 20
38.68380398220486
 30
0.0
 10
0.0138888888888889
 20
38.68380398220486
 30
0.0
 10
0.0138888888888889
 20
38.68380398220486
 30
0.0
 10
0.0138888888888889
 20
38.68380398220486
 30
0.0
 10
0.0138888888888889
 20
39.18380398220486
 30
0.0
 10
0.0138888888888889
 20
39.18380398220486
 30
0.0
 10
0.0138888888888889
 20
39.18380398220486
 30
0.0
 10
0.6122888988918728
 20
39.18380398220486
 30
0.0
 10
0.6122888988918728
 20
39.18380398220486
 30
0.0
 10
0.6122888988918728
 20
39.18380398220486
 30
0.0
 10
0.6122888988918728
 20
39.68380398220486
 30
0.0
 10
0.6122888988918728
 20
39.68380398220486
 30
0.0
 10
0.6122888988918728
 20
39.68380398220486
 30
0.0
 10
41.61548868815104
 20
39.68380398220486
 30
0.0
 10
41.61548868815104
 20
39.68380398220486
 30
0.0
 10
41.61548868815104
 20
39.68380398220486
 30
0.0
 10
41.61548868815104
 20
39.18380398220486
 30
0.0
 10
41.61548868815104
 20
39.18380398220486
 30
0.0
 10
41.61548868815104
 20
39.18380398220486
 30
0.0
 10
42.21388753255207
 20
39.18380398220486
 30
0.0
 10
42.21388753255207
 20
39.18380398220486
 30
0.0
 10
42.21388753255207
 20
39.18380398220486
 30
0.0
 10
42.21388753255207
 20
38.68380398220486
 30
0.0
 10
42.21388753255207
 20
38.68380398220486
 30
0.0
 10
42.21388753255207
 20
38.68380398220486
 30
0.0
 10
41.61548868815104
 20
38.68380398220486
 30
0.0
 10
41.61548868815104
 20
38.68380398220486
 30
0.0
 10
41.61548868815104
 20
38.68380398220486
 30
0.0
 10
41.61548868815104
 20
38.18380398220486
 30
0.0
 10
41.61548868815104
 20
38.18380398220486
 30
0.0
 10
41.61548868815104
 20
38.18380398220486
 30
0.0
 10
42.21388753255207
 20
38.18380398220486
 30
0.0
 10
42.21388753255207
 20
38.18380398220486
 30
0.0
 10
42.21388753255207
 20
38.18380398220486
 30
0.0
 10
42.21388753255207
 20
37.68380398220486
 30
0.0
 10
42.21388753255207
 20
37.68380398220486
 30
0.0
 10
42.21388753255207
 20
37.68380398220486
 30
0.0
 10
41.61548868815104
 20
37.68380398220486
 30
0.0
 10
41.61548868815104
 20
37.68380398220486
 30
0.0
 10
41.61548868815104
 20
37.68380398220486
 30
0.0
 10
41.61548868815104
 20
37.18380398220486
 30
0.0
 10
41.61548868815104
 20
37.18380398220486
 30
0.0
 10
41.61548868815104
 20
37.18380398220486
 30
0.0
 10
42.21388753255207
 20
37.18380398220486
 30
0.0
 10
42.21388753255207
 20
37.18380398220486
 30
0.0
 10
42.21388753255207
 20
37.18380398220486
 30
0.0
 10
42.21388753255207
 20
36.68380398220486
 30
0.0
 10
42.21388753255207
 20
36.68380398220486
 30
0.0
 10
42.21388753255207
 20
36.68380398220486
 30
0.0
 10
41.61548868815104
 20
36.68380398220486
 30
0.0
 10
41.61548868815104
 20
36.68380398220486
 30
0.0
 10
41.61548868815104
 20
36.68380398220486
 30
0.0
 10
41.61548868815104
 20
36.18380398220486
 30
0.0
 10
41.61548868815104
 20
36.18380398220486
 30
0.0
 10
41.61548868815104
 20
36.18380398220486
 30
0.0
 10
42.21388753255207
 20
36.18380398220486
 30
0.0
 10
42.21388753255207
 20
36.18380398220486
 30
0.0
 10
42.21388753255207
 20
36.18380398220486
 30
0.0
 10
42.21388753255207
 20
35.68380398220486
 30
0.0
 10
42.21388753255207
 20
35.68380398220486
 30
0.0
 10
42.21388753255207
 20
35.68380398220486
 30
0.0
 10
41.61548868815104
 20
35.68380398220486
 30
0.0
 10
41.61548868815104
 20
35.68380398220486
 30
0.0
 10
41.61548868815104
 20
35.68380398220486
 30
0.0
 10
41.61548868815104
 20
35.18380398220486
 30
0.0
 10
41.61548868815104
 20
35.18380398220486
 30
0.0
  0
SPLINE
  5
84
330
70
100
AcDbEntity
  8
Layer 1
 62
    11
420
 15363694
370
    70
100
AcDbSpline
210
0.0
220
0.0
230
1.0
 70
    11
 71
     3
 72
   113
 73
   109
 74
     0
 42
0.0000000001
 43
0.0000000001
 40
0.0
 40
0.0
 40
0.0
 40
0.0
 40
1.0
 40
1.0
 40
1.0
 40
2.0
 40
2.0
 40
2.0
 40
3.0
 40
3.0
 40
3.0
 40
4.0
 40
4.0
 40
4.0
 40
5.0
 40
5.0
 40
5.0
 40
6.0
 40
6.0
 40
6.0
 40
7.0
 40
7.0
 40
7.0
 40
8.0
 40
8.0
 40
8.0
 40
9.0
 40
9.0
 40
9.0
 40
10.0
 40
10.0
 40
10.0
 40
11.0
 40
11.0
 40
11.0
 40
12.0
 40
12.0
 40
12.0
 40
13.0
 40
13.0
 40
13.0
 40
14.0
 40
14.0
 40
14.0
 40
15.0
 40
15.0
 40
15.0
 40
16.0
 40
16.0
 40
16.0
 40
17.0
 40
17.0
 40
17.0
 40
18.0
 40
18.0
 40
18.0
 40
19.0
 40
19.0
 40
19.0
 40
20.0
 40
20.0
 40
20.0
 40
21.0
 40
21.0
 40
21.0
 40
22.0
 40
22.0
 40
22.0
 40
23.0
 40
23.0
 40
23.0
 40
24.0
 40
24.0
 40
24.0
 40
25.0
 40
25.0
 40
25.0
 40
26.0
 40
26.0
 40
26.0
 40
27.0
 40
27.0
 40
27.0
 40
28.0
 40
28.0
 40
28.0
 40
29.0
 40
29.0
 40
29.0
 40
30.0
 40
30.0
 40
30.0
 40
31.0
 40
31.0
 40
31.0
 40
32.0
 40
32.0
 40
32.0
 40
33.0
 40
33.0
 40
33.0
 40
34.0
 40
34.0
 40
34.0
 40
35.0
 40
35.0
 40
35.0
 40
36.0
 40
36.0
 40
36.0
 40
36.0
 10
41.61548868815104
 20
40.51287841796875
 30
0.0
 10
41.61548868815104
 20
40.51287841796875
 30
0.0
 10
0.6122888988918728
 20
40.51287841796875
 30
0.0
 10
0.6122888988918728
 20
40.51287841796875
 30
0.0
 10
0.6122888988918728
 20
40.51287841796875
 30
0.0
 10
0.6122888988918728
 20
41.01287841796875
 30
0.0
 10
0.6122888988918728
 20
41.01287841796875
 30
0.0
 10
0.6122888988918728
 20
41.01287841796875
 30
0.0
 10
0.0138888888888889
 20
41.01287841796875
 30
0.0
 10
0.0138888888888889
 20
41.01287841796875
 30
0.0
 10
0.0138888888888889
 20
41.01287841796875
 30
0.0
 10
0.0138888888888889
 20
41.51287841796874
 30
0.0
 10
0.0138888888888889
 20
41.51287841796874
 30
0.0
 10
0.0138888888888889
 20
41.51287841796874
 30
0.0
 10
0.6122888988918728
 20
41.51287841796874
 30
0.0
 10
0.6122888988918728
 20
41.51287841796874
 30
0.0
 10
0.6122888988918728
 20
41.51287841796874
 30
0.0
 10
0.6122888988918728
 20
42.01287841796875
 30
0.0
 10
0.6122888988918728
 20
42.01287841796875
 30
0.0
 10
0.6122888988918728
 20
42.01287841796875
 30
0.0
 10
0.0138888888888889
 20
42.01287841796875
 30
0.0
 10
0.0138888888888889
 20
42.01287841796875
 30
0.0
 10
0.0138888888888889
 20
42.01287841796875
 30
0.0
 10
0.0138888888888889
 20
42.51287841796875
 30
0.0
 10
0.0138888888888889
 20
42.51287841796875
 30
0.0
 10
0.0138888888888889
 20
42.51287841796875
 30
0.0
 10
0.6122888988918728
 20
42.51287841796875
 30
0.0
 10
0.6122888988918728
 20
42.51287841796875
 30
0.0
 10
0.6122888988918728
 20
42.51287841796875
 30
0.0
 10
0.6122888988918728
 20
43.01287841796875
 30
0.0
 10
0.6122888988918728
 20
43.01287841796875
 30
0.0
 10
0.6122888988918728
 20
43.01287841796875
 30
0.0
 10
0.0138888888888889
 20
43.01287841796875
 30
0.0
 10
0.0138888888888889
 20
43.01287841796875
 30
0.0
 10
0.0138888888888889
 20
43.01287841796875
 30
0.0
 10
0.0138888888888889
 20
43.51287841796875
 30
0.0
 10
0.0138888888888889
 20
43.51287841796875
 30
0.0
 10
0.0138888888888889
 20
43.51287841796875
 30
0.0
 10
0.6122888988918728
 20
43.51287841796875
 30
0.0
 10
0.6122888988918728
 20
43.51287841796875
 30
0.0
 10
0.6122888988918728
 20
43.51287841796875
 30
0.0
 10
0.6122888988918728
 20
44.01287841796874
 30
0.0
 10
0.6122888988918728
 20
44.01287841796874
 30
0.0
 10
0.6122888988918728
 20
44.01287841796874
 30
0.0
 10
0.0138888888888889
 20
44.01287841796874
 30
0.0
 10
0.0138888888888889
 20
44.01287841796874
 30
0.0
 10
0.0138888888888889
 20
44.01287841796874
 30
0.0
 10
0.0138888888888889
 20
44.51287841796875
 30
0.0
 10
0.0138888888888889
 20
44.51287841796875
 30
0.0
 10
0.0138888888888889
 20
44.51287841796875
 30
0.0
 10
0.6122888988918728
 20
44.51287841796875
 30
0.0
 10
0.6122888988918728
 20
44.51287841796875
 30
0.0
 10
0.6122888988918728
 20
44.51287841796875
 30
0.0
 10
0.6122888988918728
 20
45.01287841796875
 30
0.0
 10
0.6122888988918728
 20
45.01287841796875
 30
0.0
 10
0.6122888988918728
 20
45.01287841796875
 30
0.0
 10
41.61548868815104
 20
45.01287841796875
 30
0.0
 10
41.61548868815104
 20
45.01287841796875
 30
0.0
 10
41.61548868815104
 20
45.01287841796875
 30
0.0
 10
41.61548868815104
 20
44.51287841796875
 30
0.0
 10
41.61548868815104
 20
44.51287841796875
 30
0.0
 10
41.61548868815104
 20
44.51287841796875
 30
0.0
 10
42.21388753255207
 20
44.51287841796875
 30
0.0
 10
42.21388753255207
 20
44.51287841796875
 30
0.0
 10
42.21388753255207
 20
44.51287841796875
 30
0.0
 10
42.21388753255207
 20
44.01287841796874
 30
0.0
 10
42.21388753255207
 20
44.01287841796874
 30
0.0
 10
42.21388753255207
 20
44.01287841796874
 30
0.0
 10
41.61548868815104
 20
44.01287841796874
 30
0.0
 10
41.61548868815104
 20
44.01287841796874
 30
0.0
 10
41.61548868815104
 20
44.01287841796874
 30
0.0
 10
41.61548868815104
 20
43.51287841796875
 30
0.0
 10
41.61548868815104
 20
43.51287841796875
 30
0.0
 10
41.61548868815104
 20
43.51287841796875
 30
0.0
 10
42.21388753255207
 20
43.51287841796875
 30
0.0
 10
42.21388753255207
 20
43.51287841796875
 30
0.0
 10
42.21388753255207
 20
43.51287841796875
 30
0.0
 10
42.21388753255207
 20
43.01287841796875
 30
0.0
 10
42.21388753255207
 20
43.01287841796875
 30
0.0
 10
42.21388753255207
 20
43.01287841796875
 30
0.0
 10
41.61548868815104
 20
43.01287841796875
 30
0.0
 10
41.61548868815104
 20
43.01287841796875
 30
0.0
 10
41.61548868815104
 20
43.01287841796875
 30
0.0
 10
41.61548868815104
 20
42.51287841796875
 30
0.0
 10
41.61548868815104
 20
42.51287841796875
 30
0.0
 10
41.61548868815104
 20
42.51287841796875
 30
0.0
 10
42.21388753255207
 20
42.51287841796875
 30
0.0
 10
42.21388753255207
 20
42.51287841796875
 30
0.0
 10
42.21388753255207
 20
42.51287841796875
 30
0.0
 10
42.21388753255207
 20
42.01287841796875
 30
0.0
 10
42.21388753255207
 20
42.01287841796875
 30
0.0
 10
42.21388753255207
 20
42.01287841796875
 30
0.0
 10
41.61548868815104
 20
42.01287841796875
 30
0.0
 10
41.61548868815104
 20
42.01287841796875
 30
0.0
 10
41.61548868815104
 20
42.01287841796875
 30
0.0
 10
41.61548868815104
 20
41.51287841796874
 30
0.0
 10
41.61548868815104
 20
41.51287841796874
 30
0.0
 10
41.61548868815104
 20
41.51287841796874
 30
0.0
 10
42.21388753255207
 20
41.51287841796874
 30
0.0
 10
42.21388753255207
 20
41.51287841796874
 30
0.0
 10
42.21388753255207
 20
41.51287841796874
 30
0.0
 10
42.21388753255207
 20
41.01287841796875
 30
0.0
 10
42.21388753255207
 20
41.01287841796875
 30
0.0
 10
42.21388753255207
 20
41.01287841796875
 30
0.0
 10
41.61548868815104
 20
41.01287841796875
 30
0.0
 10
41.61548868815104
 20
41.01287841796875
 30
0.0
 10
41.61548868815104
 20
41.01287841796875
 30
0.0
 10
41.61548868815104
 20
40.51287841796875
 30
0.0
 10
41.61548868815104
 20
40.51287841796875
 30
0.0
  0
SPLINE
  5
85
330
70
100
AcDbEntity
  8
Layer 1
 62
    11
420
 15363694
370
    70
100
AcDbSpline
210
0.0
220
0.0
230
1.0
 70
    11
 71
     3
 72
   116
 73
   112
 74
     0
 42
0.0000000001
 43
0.0000000001
 40
0.0
 40
0.0
 40
0.0
 40
0.0
 40
1.0
 40
1.0
 40
1.0
 40
2.0
 40
2.0
 40
2.0
 40
3.0
 40
3.0
 40
3.0
 40
4.0
 40
4.0
 40
4.0
 40
5.0
 40
5.0
 40
5.0
 40
6.0
 40
6.0
 40
6.0
 40
7.0
 40
7.0
 40
7.0
 40
8.0
 40
8.0
 40
8.0
 40
9.0
 40
9.0
 40
9.0
 40
10.0
 40
10.0
 40
10.0
 40
11.0
 40
11.0
 40
11.0
 40
12.0
 40
12.0
 40
12.0
 40
13.0
 40
13.0
 40
13.0
 40
14.0
 40
14.0
 40
14.0
 40
15.0
 40
15.0
 40
15.0
 40
16.0
 40
16.0
 40
16.0
 40
17.0
 40
17.0
 40
17.0
 40
18.0
 40
18.0
 40
18.0
 40
19.0
 40
19.0
 40
19.0
 40
20.0
 40
20.0
 40
20.0
 40
21.0
 40
21.0
 40
21.0
 40
22.0
 40
22.0
 40
22.0
 40
23.0
 40
23.0
 40
23.0
 40
24.0
 40
24.0
 40
24.0
 40
25.0
 40
25.0
 40
25.0
 40
26.0
 40
26.0
 40
26.0
 40
27.0
 40
27.0
 40
27.0
 40
28.0
 40
28.0
 40
28.0
 40
29.0
 40
29.0
 40
29.0
 40
30.0
 40
30.0
 40
30.0
 40
31.0
 40
31.0
 40
31.0
 40
32.0
 40
32.0
 40
32.0
 40
33.0
 40
33.0
 40
33.0
 40
34.0
 40
34.0
 40
34.0
 40
35.0
 40
35.0
 40
35.0
 40
36.0
 40
36.0
 40
36.0
 40
37.0
 40
37.0
 40
37.0
 40
37.0
 10
0.6122888988918728
 20
22.43752712673611
 30
0.0
 10
0.6122888988918728
 20
22.43752712673611
 30
0.0
 10
61.21389431423611
 20
22.43752712673611
 30
0.0
 10
61.21389431423611
 20
22.43752712673611
 30
0.0
 10
61.21389431423611
 20
22.43752712673611
 30
0.0
 10
61.21389431423611
 20
21.94143337673611
 30
0.0
 10
61.21389431423611
 20
21.94143337673611
 30
0.0
 10
61.21389431423611
 20
21.94143337673611
 30
0.0
 10
60.61549207899305
 20
21.94143337673611
 30
0.0
 10
60.61549207899305
 20
21.94143337673611
 30
0.0
 10
60.61549207899305
 20
21.94143337673611
 30
0.0
 10
60.61549207899305
 20
21.43363444010416
 30
0.0
 10
60.61549207899305
 20
21.43363444010416
 30
0.0
 10
60.61549207899305
 20
21.43363444010416
 30
0.0
 10
61.21389431423611
 20
21.43363444010416
 30
0.0
 10
61.21389431423611
 20
21.43363444010416
 30
0.0
 10
61.21389431423611
 20
21.43363444010416
 30
0.0
 10
61.21389431423611
 20
20.94143337673611
 30
0.0
 10
61.21389431423611
 20
20.94143337673611
 30
0.0
 10
61.21389431423611
 20
20.94143337673611
 30
0.0
 10
60.61549207899305
 20
20.94143337673611
 30
0.0
 10
60.61549207899305
 20
20.94143337673611
 30
0.0
 10
60.61549207899305
 20
20.94143337673611
 30
0.0
 10
60.61549207899305
 20
20.43363444010417
 30
0.0
 10
60.61549207899305
 20
20.43363444010417
 30
0.0
 10
60.61549207899305
 20
20.43363444010417
 30
0.0
 10
61.21389431423611
 20
20.43363444010417
 30
0.0
 10
61.21389431423611
 20
20.43363444010417
 30
0.0
 10
61.21389431423611
 20
20.43363444010417
 30
0.0
 10
61.21389431423611
 20
19.94143337673611
 30
0.0
 10
61.21389431423611
 20
19.94143337673611
 30
0.0
 10
61.21389431423611
 20
19.94143337673611
 30
0.0
 10
60.61549207899305
 20
19.94143337673611
 30
0.0
 10
60.61549207899305
 20
19.94143337673611
 30
0.0
 10
60.61549207899305
 20
19.94143337673611
 30
0.0
 10
60.61549207899305
 20
19.43363444010416
 30
0.0
 10
60.61549207899305
 20
19.43363444010416
 30
0.0
 10
60.61549207899305
 20
19.43363444010416
 30
0.0
 10
61.21389431423611
 20
19.43363444010416
 30
0.0
 10
61.21389431423611
 20
19.43363444010416
 30
0.0
 10
61.21389431423611
 20
19.43363444010416
 30
0.0
 10
61.21389431423611
 20
18.94143337673611
 30
0.0
 10
61.21389431423611
 20
18.94143337673611
 30
0.0
 10
61.21389431423611
 20
18.94143337673611
 30
0.0
 10
60.61549207899305
 20
18.94143337673611
 30
0.0
 10
60.61549207899305
 20
18.94143337673611
 30
0.0
 10
60.61549207899305
 20
18.94143337673611
 30
0.0
 10
60.61549207899305
 20
18.43363444010416
 30
0.0
 10
60.61549207899305
 20
18.43363444010416
 30
0.0
 10
60.61549207899305
 20
18.43363444010416
 30
0.0
 10
61.21389431423611
 20
18.43363444010416
 30
0.0
 10
61.21389431423611
 20
18.43363444010416
 30
0.0
 10
61.21389431423611
 20
18.43363444010416
 30
0.0
 10
61.21389431423611
 20
17.93754069010416
 30
0.0
 10
61.21389431423611
 20
17.93754069010416
 30
0.0
 10
61.21389431423611
 20
17.93754069010416
 30
0.0
 10
0.0138888888888889
 20
17.93754069010416
 30
0.0
 10
0.0138888888888889
 20
17.93754069010416
 30
0.0
 10
0.0138888888888889
 20
17.93754069010416
 30
0.0
 10
0.0138888888888889
 20
18.43363444010416
 30
0.0
 10
0.0138888888888889
 20
18.43363444010416
 30
0.0
 10
0.0138888888888889
 20
18.43363444010416
 30
0.0
 10
0.6122888988918728
 20
18.43363444010416
 30
0.0
 10
0.6122888988918728
 20
18.43363444010416
 30
0.0
 10
0.6122888988918728
 20
18.43363444010416
 30
0.0
 10
0.6122888988918728
 20
18.94143337673611
 30
0.0
 10
0.6122888988918728
 20
18.94143337673611
 30
0.0
 10
0.6122888988918728
 20
18.94143337673611
 30
0.0
 10
0.0138888888888889
 20
18.94143337673611
 30
0.0
 10
0.0138888888888889
 20
18.94143337673611
 30
0.0
 10
0.0138888888888889
 20
18.94143337673611
 30
0.0
 10
0.0138888888888889
 20
19.43363444010416
 30
0.0
 10
0.0138888888888889
 20
19.43363444010416
 30
0.0
 10
0.0138888888888889
 20
19.43363444010416
 30
0.0
 10
0.6122888988918728
 20
19.43363444010416
 30
0.0
 10
0.6122888988918728
 20
19.43363444010416
 30
0.0
 10
0.6122888988918728
 20
19.43363444010416
 30
0.0
 10
0.6122888988918728
 20
19.94143337673611
 30
0.0
 10
0.6122888988918728
 20
19.94143337673611
 30
0.0
 10
0.6122888988918728
 20
19.94143337673611
 30
0.0
 10
0.0138888888888889
 20
19.94143337673611
 30
0.0
 10
0.0138888888888889
 20
19.94143337673611
 30
0.0
 10
0.0138888888888889
 20
19.94143337673611
 30
0.0
 10
0.0138888888888889
 20
20.43363444010417
 30
0.0
 10
0.0138888888888889
 20
20.43363444010417
 30
0.0
 10
0.0138888888888889
 20
20.43363444010417
 30
0.0
 10
0.6122888988918728
 20
20.43363444010417
 30
0.0
 10
0.6122888988918728
 20
20.43363444010417
 30
0.0
 10
0.6122888988918728
 20
20.43363444010417
 30
0.0
 10
0.6122888988918728
 20
20.94143337673611
 30
0.0
 10
0.6122888988918728
 20
20.94143337673611
 30
0.0
 10
0.6122888988918728
 20
20.94143337673611
 30
0.0
 10
0.0138888888888889
 20
20.94143337673611
 30
0.0
 10
0.0138888888888889
 20
20.94143337673611
 30
0.0
 10
0.0138888888888889
 20
20.94143337673611
 30
0.0
 10
0.0138888888888889
 20
21.43363444010416
 30
0.0
 10
0.0138888888888889
 20
21.43363444010416
 30
0.0
 10
0.0138888888888889
 20
21.43363444010416
 30
0.0
 10
0.6122888988918728
 20
21.43363444010416
 30
0.0
 10
0.6122888988918728
 20
21.43363444010416
 30
0.0
 10
0.6122888988918728
 20
21.43363444010416
 30
0.0
 10
0.6122888988918728
 20
21.94143337673611
 30
0.0
 10
0.6122888988918728
 20
21.94143337673611
 30
0.0
 10
0.6122888988918728
 20
21.94143337673611
 30
0.0
 10
0.0138888888888889
 20
21.94143337673611
 30
0.0
 10
0.0138888888888889
 20
21.94143337673611
 30
0.0
 10
0.0138888888888889
 20
21.94143337673611
 30
0.0
 10
0.0138888888888889
 20
22.43752712673611
 30
0.0
 10
0.0138888888888889
 20
22.43752712673611
 30
0.0
 10
0.0138888888888889
 20
22.43752712673611
 30
0.0
 10
0.6122888988918728
 20
22.43752712673611
 30
0.0
 10
0.6122888988918728
 20
22.43752712673611
 30
0.0
  0
SPLINE
  5
86
330
70
100
AcDbEntity
  8
Layer 1
 62
    11
420
 15363694
370
    70
100
AcDbSpline
210
0.0
220
0.0
230
1.0
 70
    11
 71
     3
 72
   116
 73
   112
 74
     0
 42
0.0000000001
 43
0.0000000001
 40
0.0
 40
0.0
 40
0.0
 40
0.0
 40
1.0
 40
1.0
 40
1.0
 40
2.0
 40
2.0
 40
2.0
 40
3.0
 40
3.0
 40
3.0
 40
4.0
 40
4.0
 40
4.0
 40
5.0
 40
5.0
 40
5.0
 40
6.0
 40
6.0
 40
6.0
 40
7.0
 40
7.0
 40
7.0
 40
8.0
 40
8.0
 40
8.0
 40
9.0
 40
9.0
 40
9.0
 40
10.0
 40
10.0
 40
10.0
 40
11.0
 40
11.0
 40
11.0
 40
12.0
 40
12.0
 40
12.0
 40
13.0
 40
13.0
 40
13.0
 40
14.0
 40
14.0
 40
14.0
 40
15.0
 40
15.0
 40
15.0
 40
16.0
 40
16.0
 40
16.0
 40
17.0
 40
17.0
 40
17.0
 40
18.0
 40
18.0
 40
18.0
 40
19.0
 40
19.0
 40
19.0
 40
20.0
 40
20.0
 40
20.0
 40
21.0
 40
21.0
 40
21.0
 40
22.0
 40
22.0
 40
22.0
 40
23.0
 40
23.0
 40
23.0
 40
24.0
 40
24.0
 40
24.0
 40
25.0
 40
25.0
 40
25.0
 40
26.0
 40
26.0
 40
26.0
 40
27.0
 40
27.0
 40
27.0
 40
28.0
 40
28.0
 40
28.0
 40
29.0
 40
29.0
 40
29.0
 40
30.0
 40
30.0
 40
30.0
 40
31.0
 40
31.0
 40
31.0
 40
32.0
 40
32.0
 40
32.0
 40
33.0
 40
33.0
 40
33.0
 40
34.0
 40
34.0
 40
34.0
 40
35.0
 40
35.0
 40
35.0
 40
36.0
 40
36.0
 40
36.0
 40
37.0
 40
37.0
 40
37.0
 40
37.0
 10
0.6122888988918728
 20
10.609375
 30
0.0
 10
0.6122888988918728
 20
10.609375
 30
0.0
 10
61.21389431423611
 20
10.609375
 30
0.0
 10
61.21389431423611
 20
10.609375
 30
0.0
 10
61.21389431423611
 20
10.609375
 30
0.0
 10
61.21389431423611
 20
10.11328125
 30
0.0
 10
61.21389431423611
 20
10.11328125
 30
0.0
 10
61.21389431423611
 20
10.11328125
 30
0.0
 10
60.61549207899305
 20
10.11328125
 30
0.0
 10
60.61549207899305
 20
10.11328125
 30
0.0
 10
60.61549207899305
 20
10.11328125
 30
0.0
 10
60.61549207899305
 20
9.605482313368055
 30
0.0
 10
60.61549207899305
 20
9.605482313368055
 30
0.0
 10
60.61549207899305
 20
9.605482313368055
 30
0.0
 10
61.21389431423611
 20
9.605482313368055
 30
0.0
 10
61.21389431423611
 20
9.605482313368055
 30
0.0
 10
61.21389431423611
 20
9.605482313368055
 30
0.0
 10
61.21389431423611
 20
9.11328125
 30
0.0
 10
61.21389431423611
 20
9.11328125
 30
0.0
 10
61.21389431423611
 20
9.11328125
 30
0.0
 10
60.61549207899305
 20
9.11328125
 30
0.0
 10
60.61549207899305
 20
9.11328125
 30
0.0
 10
60.61549207899305
 20
9.11328125
 30
0.0
 10
60.61549207899305
 20
8.605482313368055
 30
0.0
 10
60.61549207899305
 20
8.605482313368055
 30
0.0
 10
60.61549207899305
 20
8.605482313368055
 30
0.0
 10
61.21389431423611
 20
8.605482313368055
 30
0.0
 10
61.21389431423611
 20
8.605482313368055
 30
0.0
 10
61.21389431423611
 20
8.605482313368055
 30
0.0
 10
61.21389431423611
 20
8.11328125
 30
0.0
 10
61.21389431423611
 20
8.11328125
 30
0.0
 10
61.21389431423611
 20
8.11328125
 30
0.0
 10
60.61549207899305
 20
8.11328125
 30
0.0
 10
60.61549207899305
 20
8.11328125
 30
0.0
 10
60.61549207899305
 20
8.11328125
 30
0.0
 10
60.61549207899305
 20
7.605482313368055
 30
0.0
 10
60.61549207899305
 20
7.605482313368055
 30
0.0
 10
60.61549207899305
 20
7.605482313368055
 30
0.0
 10
61.21389431423611
 20
7.605482313368055
 30
0.0
 10
61.21389431423611
 20
7.605482313368055
 30
0.0
 10
61.21389431423611
 20
7.605482313368055
 30
0.0
 10
61.21389431423611
 20
7.11328125
 30
0.0
 10
61.21389431423611
 20
7.11328125
 30
0.0
 10
61.21389431423611
 20
7.11328125
 30
0.0
 10
60.61549207899305
 20
7.11328125
 30
0.0
 10
60.61549207899305
 20
7.11328125
 30
0.0
 10
60.61549207899305
 20
7.11328125
 30
0.0
 10
60.61549207899305
 20
6.605482313368055
 30
0.0
 10
60.61549207899305
 20
6.605482313368055
 30
0.0
 10
60.61549207899305
 20
6.605482313368055
 30
0.0
 10
61.21389431423611
 20
6.605482313368055
 30
0.0
 10
61.21389431423611
 20
6.605482313368055
 30
0.0
 10
61.21389431423611
 20
6.605482313368055
 30
0.0
 10
61.21389431423611
 20
6.109388563368055
 30
0.0
 10
61.21389431423611
 20
6.109388563368055
 30
0.0
 10
61.21389431423611
 20
6.109388563368055
 30
0.0
 10
0.0138888888888889
 20
6.109388563368055
 30
0.0
 10
0.0138888888888889
 20
6.109388563368055
 30
0.0
 10
0.0138888888888889
 20
6.109388563368055
 30
0.0
 10
0.0138888888888889
 20
6.605482313368055
 30
0.0
 10
0.0138888888888889
 20
6.605482313368055
 30
0.0
 10
0.0138888888888889
 20
6.605482313368055
 30
0.0
 10
0.6122888988918728
 20
6.605482313368055
 30
0.0
 10
0.6122888988918728
 20
6.605482313368055
 30
0.0
 10
0.6122888988918728
 20
6.605482313368055
 30
0.0
 10
0.6122888988918728
 20
7.11328125
 30
0.0
 10
0.6122888988918728
 20
7.11328125
 30
0.0
 10
0.6122888988918728
 20
7.11328125
 30
0.0
 10
0.0138888888888889
 20
7.11328125
 30
0.0
 10
0.0138888888888889
 20
7.11328125
 30
0.0
 10
0.0138888888888889
 20
7.11328125
 30
0.0
 10
0.0138888888888889
 20
7.605482313368055
 30
0.0
 10
0.0138888888888889
 20
7.605482313368055
 30
0.0
 10
0.0138888888888889
 20
7.605482313368055
 30
0.0
 10
0.6122888988918728
 20
7.605482313368055
 30
0.0
 10
0.6122888988918728
 20
7.605482313368055
 30
0.0
 10
0.6122888988918728
 20
7.605482313368055
 30
0.0
 10
0.6122888988918728
 20
8.11328125
 30
0.0
 10
0.6122888988918728
 20
8.11328125
 30
0.0
 10
0.6122888988918728
 20
8.11328125
 30
0.0
 10
0.0138888888888889
 20
8.11328125
 30
0.0
 10
0.0138888888888889
 20
8.11328125
 30
0.0
 10
0.0138888888888889
 20
8.11328125
 30
0.0
 10
0.0138888888888889
 20
8.605482313368055
 30
0.0
 10
0.0138888888888889
 20
8.605482313368055
 30
0.0
 10
0.0138888888888889
 20
8.605482313368055
 30
0.0
 10
0.6122888988918728
 20
8.605482313368055
 30
0.0
 10
0.6122888988918728
 20
8.605482313368055
 30
0.0
 10
0.6122888988918728
 20
8.605482313368055
 30
0.0
 10
0.6122888988918728
 20
9.11328125
 30
0.0
 10
0.6122888988918728
 20
9.11328125
 30
0.0
 10
0.6122888988918728
 20
9.11328125
 30
0.0
 10
0.0138888888888889
 20
9.11328125
 30
0.0
 10
0.0138888888888889
 20
9.11328125
 30
0.0
 10
0.0138888888888889
 20
9.11328125
 30
0.0
 10
0.0138888888888889
 20
9.605482313368055
 30
0.0
 10
0.0138888888888889
 20
9.605482313368055
 30
0.0
 10
0.0138888888888889
 20
9.605482313368055
 30
0.0
 10
0.6122888988918728
 20
9.605482313368055
 30
0.0
 10
0.6122888988918728
 20
9.605482313368055
 30
0.0
 10
0.6122888988918728
 20
9.605482313368055
 30
0.0
 10
0.6122888988918728
 20
10.11328125
 30
0.0
 10
0.6122888988918728
 20
10.11328125
 30
0.0
 10
0.6122888988918728
 20
10.11328125
 30
0.0
 10
0.0138888888888889
 20
10.11328125
 30
0.0
 10
0.0138888888888889
 20
10.11328125
 30
0.0
 10
0.0138888888888889
 20
10.11328125
 30
0.0
 10
0.0138888888888889
 20
10.609375
 30
0.0
 10
0.0138888888888889
 20
10.609375
 30
0.0
 10
0.0138888888888889
 20
10.609375
 30
0.0
 10
0.6122888988918728
 20
10.609375
 30
0.0
 10
0.6122888988918728
 20
10.609375
 30
0.0
  0
INSERT
  5
88
330
70
100
AcDbEntity
  8
Layer 1
100
AcDbBlockReference
  2
Block_1
 10
0.0
 20
0.0
 30
0.0
  0
ENDSEC
  0
SECTION
  2
OBJECTS
  0
DICTIONARY
  5
C
330
0
100
AcDbDictionary
281
     1
  3
ACAD_COLOR
350
63
  3
ACAD_DETAILVIEWSTYLE
350
6A
  3
ACAD_GROUP
350
D
  3
ACAD_LAYOUT
350
62
  3
ACAD_MATERIAL
350
10
  3
ACAD_MLEADERSTYLE
350
66
  3
ACAD_MLINESTYLE
350
5F
  3
ACAD_PLOTSETTINGS
350
61
  3
ACAD_PLOTSTYLENAME
350
E
  3
ACAD_SCALELIST
350
42
  3
ACAD_SECTIONVIEWSTYLE
350
68
  3
ACAD_TABLESTYLE
350
64
  3
ACAD_VISUALSTYLE
350
29
  3
ACDB_RECOMPOSE_DATA
350
125
  3
AcDbVariableDictionary
350
11D
  0
DICTIONARY
  5
63
102
{ACAD_REACTORS
330
C
102
}
330
C
100
AcDbDictionary
281
     1
  0
DICTIONARY
  5
6A
102
{ACAD_REACTORS
330
C
102
}
330
C
100
AcDbDictionary
281
     1
  3
Imperial24
350
6B
  0
DICTIONARY
  5
D
102
{ACAD_REACTORS
330
C
102
}
330
C
100
AcDbDictionary
281
     1
  0
DICTIONARY
  5
62
102
{ACAD_REACTORS
330
C
102
}
330
C
100
AcDbDictionary
281
     1
  3
Layout1
350
6F
  3
Layout2
350
77
  3
Model
350
73
  0
DICTIONARY
  5
10
102
{ACAD_REACTORS
330
C
102
}
330
C
100
AcDbDictionary
281
     1
  3
ByBlock
350
19
  3
ByLayer
350
11
  3
Global
350
21
  0
DICTIONARY
  5
66
102
{ACAD_REACTORS
330
C
102
}
330
C
100
AcDbDictionary
281
     1
  3
Standard
350
67
  0
DICTIONARY
  5
5F
102
{ACAD_REACTORS
330
C
102
}
330
C
100
AcDbDictionary
281
     1
  3
Standard
350
60
  0
DICTIONARY
  5
61
102
{ACAD_REACTORS
330
C
102
}
330
C
100
AcDbDictionary
281
     1
  0
ACDBDICTIONARYWDFLT
  5
E
102
{ACAD_REACTORS
330
C
102
}
330
C
100
AcDbDictionary
281
     1
  3
Normal
350
F
100
AcDbDictionaryWithDefault
340
F
  0
DICTIONARY
  5
42
102
{ACAD_REACTORS
330
C
102
}
330
C
100
AcDbDictionary
281
     1
  3
A0
350
43
  3
A1
350
44
  3
A2
350
45
  3
A3
350
46
  3
A4
350
47
  3
A5
350
48
  3
A6
350
49
  3
A7
350
4A
  3
A8
350
4B
  3
A9
350
4C
  3
B0
350
4D
  3
B1
350
4E
  3
B2
350
4F
  3
B3
350
50
  3
B4
350
51
  3
B5
350
52
  3
B6
350
53
  0
DICTIONARY
  5
68
102
{ACAD_REACTORS
330
C
102
}
330
C
100
AcDbDictionary
281
     1
  3
Imperial24
350
69
  0
DICTIONARY
  5
64
102
{ACAD_REACTORS
330
C
102
}
330
C
100
AcDbDictionary
281
     1
  3
Standard
350
65
  0
DICTIONARY
  5
29
102
{ACAD_REACTORS
330
C
102
}
330
C
100
AcDbDictionary
281
     1
  3
2dWireframe
350
2F
  3
Basic
350
2E
  3
Brighten
350
35
  3
ColorChange
350
39
  3
Conceptual
350
32
  3
Dim
350
34
  3
EdgeColorOff
350
41
  3
Facepattern
350
38
  3
Flat
350
2A
  3
FlatWithEdges
350
2B
  3
Gouraud
350
2C
  3
GouraudWithEdges
350
2D
  3
Hidden
350
31
  3
JitterOff
350
3F
  3
Linepattern
350
37
  3
OverhangOff
350
40
  3
Realistic
350
33
  3
Shaded
350
3E
  3
Shaded with edges
350
3D
  3
Shades of Gray
350
3A
  3
Sketchy
350
3B
  3
Thicken
350
36
  3
Wireframe
350
30
  3
X-Ray
350
3C
  0
XRECORD
  5
125
102
{ACAD_REACTORS
330
C
102
}
330
C
100
AcDbXrecord
280
     1
 90
        1
330
65
  0
DICTIONARY
  5
11D
102
{ACAD_REACTORS
330
C
102
}
330
C
100
AcDbDictionary
281
     1
  3
CANNOSCALE
350
122
  3
CMLEADERSTYLE
350
11F
  3
CTABLESTYLE
350
11E
  3
CVIEWDETAILSTYLE
350
120
  3
CVIEWSECTIONSTYLE
350
121
  0
ACDBDETAILVIEWSTYLE
  5
6B
102
{ACAD_REACTORS
330
6A
102
}
330
6A
100
AcDbModelDocViewStyle
 70
     0
  3
Imperial24
290
     1
300
Imperial24
 90
        0
100
AcDbDetailViewStyle
 70
     0
 71
     0
 90
        3
 71
     1
340
55
 62
   256
 40
0.24
340
0
 62
   256
 40
0.24
300

 40
0.36
280
     3
 71
     2
340
5D
 90
       25
 62
   256
 71
     3
340
55
 62
   256
 40
0.24
 90
        1
 40
0.75
 90
        1
300
%<\AcVar ViewType \f "%tc1">% %<\AcVar ViewDetailId>%\PSCALE %<\AcVar ViewScale \f "%sn">%
 71
     4
340
5D
 90
       25
 62
   256
340
5D
 90
       25
 62
   256
280
     0
  0
LAYOUT
  5
6F
102
{ACAD_REACTORS
330
62
102
}
330
62
100
AcDbPlotSettings
  1

  2

  4

  6

 40
0.0
 41
0.0
 42
0.0
 43
0.0
 44
0.0
 45
0.0
 46
0.0
 47
0.0
 48
0.0
 49
0.0
140
0.0
141
0.0
142
1.0
143
1.0
 70
   688
 72
     0
 73
     0
 74
     5
  7

 75
    16
147
1.0
 76
     0
 77
     2
 78
   300
148
0.0
149
0.0
100
AcDbLayout
  1
Layout1
 70
     1
 71
     1
 10
0.0
 20
0.0
 11
12.0
 21
9.0
 12
0.0
 22
0.0
 32
0.0
 14
0.0
 24
0.0
 34
0.0
 15
0.0
 25
0.0
 35
0.0
146
0.0
 13
0.0
 23
0.0
 33
0.0
 16
1.0
 26
0.0
 36
0.0
 17
0.0
 27
1.0
 37
0.0
 76
     0
330
6C
  0
LAYOUT
  5
77
102
{ACAD_REACTORS
330
62
102
}
330
62
100
AcDbPlotSettings
  1

  2

  4

  6

 40
0.0
 41
0.0
 42
0.0
 43
0.0
 44
0.0
 45
0.0
 46
0.0
 47
0.0
 48
0.0
 49
0.0
140
0.0
141
0.0
142
1.0
143
1.0
 70
   688
 72
     0
 73
     0
 74
     5
  7

 75
    16
147
1.0
 76
     0
 77
     2
 78
   300
148
0.0
149
0.0
100
AcDbLayout
  1
Layout2
 70
     1
 71
     2
 10
0.0
 20
0.0
 11
12.0
 21
9.0
 12
0.0
 22
0.0
 32
0.0
 14
0.0
 24
0.0
 34
0.0
 15
0.0
 25
0.0
 35
0.0
146
0.0
 13
0.0
 23
0.0
 33
0.0
 16
1.0
 26
0.0
 36
0.0
 17
0.0
 27
1.0
 37
0.0
 76
     0
330
74
  0
LAYOUT
  5
73
102
{ACAD_REACTORS
330
62
102
}
330
62
100
AcDbPlotSettings
  1

  2

  4

  6

 40
0.0
 41
0.0
 42
0.0
 43
0.0
 44
0.0
 45
0.0
 46
0.0
 47
0.0
 48
0.0
 49
0.0
140
0.0
141
0.0
142
1.0
143
1.0
 70
  1712
 72
     0
 73
     0
 74
     0
  7

 75
     0
147
1.0
 76
     0
 77
     2
 78
   300
148
0.0
149
0.0
100
AcDbLayout
  1
Model
 70
     1
 71
     0
 10
0.0
 20
0.0
 11
12.0
 21
9.0
 12
0.0
 22
0.0
 32
0.0
 14
0.0
 24
0.0
 34
0.0
 15
0.0
 25
0.0
 35
0.0
146
0.0
 13
0.0
 23
0.0
 33
0.0
 16
1.0
 26
0.0
 36
0.0
 17
0.0
 27
1.0
 37
0.0
 76
     0
330
70
  0
MATERIAL
  5
19
102
{ACAD_XDICTIONARY
360
1A
102
}
102
{ACAD_REACTORS
330
10
102
}
330
10
100
AcDbMaterial
  1
ByBlock
 72
     0
 43
0.0208333333333333
 43
0.0
 43
0.0
 43
0.0
 43
0.0
 43
0.0208333333333333
 43
0.0
 43
0.0
 43
0.0
 43
0.0
 43
1.0
 43
0.0
 43
0.0
 43
0.0
 43
0.0
 43
1.0
 77
     0
 47
0.0208333333333333
 47
0.0
 47
0.0
 47
0.0
 47
0.0
 47
0.0208333333333333
 47
0.0
 47
0.0
 47
0.0
 47
0.0
 47
1.0
 47
0.0
 47
0.0
 47
0.0
 47
0.0
 47
1.0
171
     0
 49
0.0208333333333333
 49
0.0
 49
0.0
 49
0.0
 49
0.0
 49
0.0208333333333333
 49
0.0
 49
0.0
 49
0.0
 49
0.0
 49
1.0
 49
0.0
 49
0.0
 49
0.0
 49
0.0
 49
1.0
175
     0
142
0.0208333333333333
142
0.0
142
0.0
142
0.0
142
0.0
142
0.0208333333333333
142
0.0
142
0.0
142
0.0
142
0.0
142
1.0
142
0.0
142
0.0
142
0.0
142
0.0
142
1.0
179
     0
144
0.0208333333333333
144
0.0
144
0.0
144
0.0
144
0.0
144
0.0208333333333333
144
0.0
144
0.0
144
0.0
144
0.0
144
1.0
144
0.0
144
0.0
144
0.0
144
0.0
144
1.0
147
0.0208333333333333
147
0.0
147
0.0
147
0.0
147
0.0
147
0.0208333333333333
147
0.0
147
0.0
147
0.0
147
0.0
147
1.0
147
0.0
147
0.0
147
0.0
147
0.0
147
1.0
  0
MATERIAL
  5
11
102
{ACAD_XDICTIONARY
360
12
102
}
102
{ACAD_REACTORS
330
10
102
}
330
10
100
AcDbMaterial
  1
ByLayer
 72
     0
 43
0.0208333333333333
 43
0.0
 43
0.0
 43
0.0
 43
0.0
 43
0.0208333333333333
 43
0.0
 43
0.0
 43
0.0
 43
0.0
 43
1.0
 43
0.0
 43
0.0
 43
0.0
 43
0.0
 43
1.0
 77
     0
 47
0.0208333333333333
 47
0.0
 47
0.0
 47
0.0
 47
0.0
 47
0.0208333333333333
 47
0.0
 47
0.0
 47
0.0
 47
0.0
 47
1.0
 47
0.0
 47
0.0
 47
0.0
 47
0.0
 47
1.0
171
     0
 49
0.0208333333333333
 49
0.0
 49
0.0
 49
0.0
 49
0.0
 49
0.0208333333333333
 49
0.0
 49
0.0
 49
0.0
 49
0.0
 49
1.0
 49
0.0
 49
0.0
 49
0.0
 49
0.0
 49
1.0
175
     0
142
0.0208333333333333
142
0.0
142
0.0
142
0.0
142
0.0
142
0.0208333333333333
142
0.0
142
0.0
142
0.0
142
0.0
142
1.0
142
0.0
142
0.0
142
0.0
142
0.0
142
1.0
179
     0
144
0.0208333333333333
144
0.0
144
0.0
144
0.0
144
0.0
144
0.0208333333333333
144
0.0
144
0.0
144
0.0
144
0.0
144
1.0
144
0.0
144
0.0
144
0.0
144
0.0
144
1.0
147
0.0208333333333333
147
0.0
147
0.0
147
0.0
147
0.0
147
0.0208333333333333
147
0.0
147
0.0
147
0.0
147
0.0
147
1.0
147
0.0
147
0.0
147
0.0
147
0.0
147
1.0
  0
MATERIAL
  5
21
102
{ACAD_XDICTIONARY
360
22
102
}
102
{ACAD_REACTORS
330
10
102
}
330
10
100
AcDbMaterial
  1
Global
 72
     0
 43
0.0208333333333333
 43
0.0
 43
0.0
 43
0.0
 43
0.0
 43
0.0208333333333333
 43
0.0
 43
0.0
 43
0.0
 43
0.0
 43
1.0
 43
0.0
 43
0.0
 43
0.0
 43
0.0
 43
1.0
 77
     0
 47
0.0208333333333333
 47
0.0
 47
0.0
 47
0.0
 47
0.0
 47
0.0208333333333333
 47
0.0
 47
0.0
 47
0.0
 47
0.0
 47
1.0
 47
0.0
 47
0.0
 47
0.0
 47
0.0
 47
1.0
171
     0
 49
0.0208333333333333
 49
0.0
 49
0.0
 49
0.0
 49
0.0
 49
0.0208333333333333
 49
0.0
 49
0.0
 49
0.0
 49
0.0
 49
1.0
 49
0.0
 49
0.0
 49
0.0
 49
0.0
 49
1.0
175
     0
142
0.0208333333333333
142
0.0
142
0.0
142
0.0
142
0.0
142
0.0208333333333333
142
0.0
142
0.0
142
0.0
142
0.0
142
1.0
142
0.0
142
0.0
142
0.0
142
0.0
142
1.0
179
     0
144
0.0208333333333333
144
0.0
144
0.0
144
0.0
144
0.0
144
0.0208333333333333
144
0.0
144
0.0
144
0.0
144
0.0
144
1.0
144
0.0
144
0.0
144
0.0
144
0.0
144
1.0
147
0.0208333333333333
147
0.0
147
0.0
147
0.0
147
0.0
147
0.0208333333333333
147
0.0
147
0.0
147
0.0
147
0.0
147
1.0
147
0.0
147
0.0
147
0.0
147
0.0
147
1.0
  0
MLEADERSTYLE
  5
67
102
{ACAD_REACTORS
330
66
102
}
330
66
100
AcDbMLeaderStyle
179
     2
170
     2
171
     1
172
     0
 90
        2
 40
0.0
 41
0.0
173
     1
 91
-1056964608
340
5B
 92
       -2
290
     1
 42
0.09
291
     1
 43
0.36
  3
Standard
 44
0.18
300

342
55
174
     1
178
     6
175
     1
176
     0
 93
-1056964608
 45
0.18
292
     0
297
     0
 46
0.18
 94
-1056964608
 47
1.0
 49
1.0
140
1.0
293
     1
141
0.0
294
     1
177
     0
142
1.0
295
     1
296
     0
143
0.125
271
     0
272
     9
273
     9
298
     1
  0
MLINESTYLE
  5
60
102
{ACAD_REACTORS
330
5F
102
}
330
5F
100
AcDbMlineStyle
  2
STANDARD
 70
     0
  3

 62
   256
 51
90.0
 52
90.0
 71
     2
 49
0.5
 62
   256
  6
BYLAYER
 49
-0.5
 62
   256
  6
BYLAYER
  0
ACDBPLACEHOLDER
  5
F
102
{ACAD_REACTORS
330
E
102
}
330
E
  0
SCALE
  5
43
102
{ACAD_REACTORS
330
42
102
}
330
42
100
AcDbScale
 70
     0
300
1:1
140
1.0
141
1.0
290
     1
  0
SCALE
  5
44
102
{ACAD_REACTORS
330
42
102
}
330
42
100
AcDbScale
 70
     0
300
1/128" = 1'-0"
140
0.0078125
141
12.0
290
     0
  0
SCALE
  5
45
102
{ACAD_REACTORS
330
42
102
}
330
42
100
AcDbScale
 70
     0
300
1/64" = 1'-0"
140
0.015625
141
12.0
290
     0
  0
SCALE
  5
46
102
{ACAD_REACTORS
330
42
102
}
330
42
100
AcDbScale
 70
     0
300
1/32" = 1'-0"
140
0.03125
141
12.0
290
     0
  0
SCALE
  5
47
102
{ACAD_REACTORS
330
42
102
}
330
42
100
AcDbScale
 70
     0
300
1/16" = 1'-0"
140
0.0625
141
12.0
290
     0
  0
SCALE
  5
48
102
{ACAD_REACTORS
330
42
102
}
330
42
100
AcDbScale
 70
     0
300
3/32" = 1'-0"
140
0.09375
141
12.0
290
     0
  0
SCALE
  5
49
102
{ACAD_REACTORS
330
42
102
}
330
42
100
AcDbScale
 70
     0
300
1/8" = 1'-0"
140
0.125
141
12.0
290
     0
  0
SCALE
  5
4A
102
{ACAD_REACTORS
330
42
102
}
330
42
100
AcDbScale
 70
     0
300
3/16" = 1'-0"
140
0.1875
141
12.0
290
     0
  0
SCALE
  5
4B
102
{ACAD_REACTORS
330
42
102
}
330
42
100
AcDbScale
 70
     0
300
1/4" = 1'-0"
140
0.25
141
12.0
290
     0
  0
SCALE
  5
4C
102
{ACAD_REACTORS
330
42
102
}
330
42
100
AcDbScale
 70
     0
300
3/8" = 1'-0"
140
0.375
141
12.0
290
     0
  0
SCALE
  5
4D
102
{ACAD_REACTORS
330
42
102
}
330
42
100
AcDbScale
 70
     0
300
1/2" = 1'-0"
140
0.5
141
12.0
290
     0
  0
SCALE
  5
4E
102
{ACAD_REACTORS
330
42
102
}
330
42
100
AcDbScale
 70
     0
300
3/4" = 1'-0"
140
0.75
141
12.0
290
     0
  0
SCALE
  5
4F
102
{ACAD_REACTORS
330
42
102
}
330
42
100
AcDbScale
 70
     0
300
1" = 1'-0"
140
1.0
141
12.0
290
     0
  0
SCALE
  5
50
102
{ACAD_REACTORS
330
42
102
}
330
42
100
AcDbScale
 70
     0
300
1-1/2" = 1'-0"
140
1.5
141
12.0
290
     0
  0
SCALE
  5
51
102
{ACAD_REACTORS
330
42
102
}
330
42
100
AcDbScale
 70
     0
300
3" = 1'-0"
140
3.0
141
12.0
290
     0
  0
SCALE
  5
52
102
{ACAD_REACTORS
330
42
102
}
330
42
100
AcDbScale
 70
     0
300
6" = 1'-0"
140
6.0
141
12.0
290
     0
  0
SCALE
  5
53
102
{ACAD_REACTORS
330
42
102
}
330
42
100
AcDbScale
 70
     0
300
1'-0" = 1'-0"
140
12.0
141
12.0
290
     0
  0
ACDBSECTIONVIEWSTYLE
  5
69
102
{ACAD_REACTORS
330
68
102
}
330
68
100
AcDbModelDocViewStyle
 70
     0
  3
Imperial24
290
     1
300
Imperial24
 90
        0
100
AcDbSectionViewStyle
 70
     0
 71
     0
 90
       78
 71
     1
340
55
 62
   256
 40
0.24
340
0
340
0
 62
   256
 40
0.24
300
I, O, Q, S, X, Z
 40
0.48
 90
        3
 40
0.18
 90
        1
 71
     2
340
5D
 90
       25
 62
   256
340
5D
 90
       50
 62
   256
 40
0.24
 40
0.0
 40
0.24
 71
     3
340
55
 62
   256
 40
0.24
 90
        1
 40
0.75
 90
        1
300
%<\AcVar ViewType \f "%tc1">% %<\AcVar ViewSectionStartId>%-%<\AcVar ViewSectionEndId>%\PSCALE %<\AcVar ViewScale \f "%sn">%
 71
     4
 62
   256
 62
   257
300
ANSI31
 40
1.0
 90
        0
290
     0
290
     0
 90
        6
 40
0.0
 40
1.570796326794896
 40
0.2617993877991494
 40
1.308996938995747
 40
-0.2617993877991494
 40
1.832595714594046
  0
TABLESTYLE
  5
65
102
{ACAD_XDICTIONARY
360
123
102
}
102
{ACAD_REACTORS
330
64
102
}
330
64
100
AcDbTableStyle
280
     0
  3
Standard
 70
     0
 71
     0
 40
0.06
 41
0.06
280
     0
281
     0
  7
Standard
140
0.18
170
     2
 62
     0
 63
     7
283
     0
 90
      512
 91
        0
  1

274
    -2
284
     1
 64
     0
275
    -2
285
     1
 65
     0
276
    -2
286
     1
 66
     0
277
    -2
287
     1
 67
     0
278
    -2
288
     1
 68
     0
279
    -2
289
     1
 69
     0
  7
Standard
140
0.25
170
     5
 62
     0
 63
     7
283
     0
 90
      512
 91
        0
  1

274
    -2
284
     1
 64
     0
275
    -2
285
     1
 65
     0
276
    -2
286
     1
 66
     0
277
    -2
287
     1
 67
     0
278
    -2
288
     1
 68
     0
279
    -2
289
     1
 69
     0
  7
Standard
140
0.18
170
     5
 62
     0
 63
     7
283
     0
 90
      512
 91
        0
  1

274
    -2
284
     1
 64
     0
275
    -2
285
     1
 65
     0
276
    -2
286
     1
 66
     0
277
    -2
287
     1
 67
     0
278
    -2
288
     1
 68
     0
279
    -2
289
     1
 69
     0
  0
VISUALSTYLE
  5
2F
102
{ACAD_REACTORS
330
29
102
}
330
29
100
AcDbVisualStyle
  2
2dWireframe
 70
     4
177
     3
291
     0
 70
    58
 90
        0
176
     1
 90
        2
176
     1
 90
        0
176
     1
 90
        0
176
     1
 40
0.6
176
     1
 40
30.0
176
     1
 62
     7
420
 16777215
176
     1
 90
        1
176
     1
 90
        4
176
     1
 62
     7
176
     1
 62
   257
176
     1
 90
        1
176
     1
 90
        1
176
     1
 40
1.0
176
     1
 90
        0
176
     1
 62
   257
176
     1
 40
1.0
176
     1
 90
        1
176
     1
 90
        6
176
     1
 90
        2
176
     1
 62
     7
176
     1
 90
        5
176
     1
 90
        0
176
     1
 90
        0
176
     1
290
     0
176
     1
 90
        1
176
     1
 40
0.0
176
     1
 90
        0
176
     1
290
     1
176
     1
290
     1
176
     1
290
     0
176
     1
290
     0
176
     1
290
     0
176
     1
290
     0
176
     1
290
     0
176
     1
290
     0
176
     1
290
     0
176
     1
 90
       50
176
     1
 40
0.0
176
     1
 40
1.0
176
     1
 90
        0
176
     1
 62
    18
420
        0
176
     1
 90
       50
176
     1
 90
        3
176
     1
 62
     5
420
      255
176
     1
290
     0
176
     1
 90
       50
176
     1
 90
       50
176
     1
 90
       50
176
     1
290
     0
176
     1
 90
       50
176
     1
 62
   256
176
     0
 40
1.0
176
     0
 90
        2
176
     1
  1
strokes_ogs.tif
176
     1
290
     0
176
     1
 40
1.0
176
     1
 40
1.0
176
     1
  0
VISUALSTYLE
  5
2E
102
{ACAD_REACTORS
330
29
102
}
330
29
100
AcDbVisualStyle
  2
Basic
 70
     7
177
     3
291
     1
 70
    58
 90
        1
176
     1
 90
        0
176
     1
 90
        1
176
     1
 90
        0
176
     1
 40
0.6
176
     1
 40
30.0
176
     1
 62
     7
420
 16777215
176
     1
 90
        0
176
     1
 90
        4
176
     1
 62
     7
176
     1
 62
   257
176
     1
 90
        1
176
     1
 90
        1
176
     1
 40
1.0
176
     1
 90
        8
176
     1
 62
     7
176
     1
 40
1.0
176
     1
 90
        1
176
     1
 90
        6
176
     1
 90
        2
176
     1
 62
     7
176
     1
 90
        5
176
     1
 90
        0
176
     1
 90
        0
176
     1
290
     0
176
     1
 90
        1
176
     1
 40
0.0
176
     1
 90
        0
176
     1
290
     0
176
     1
290
     1
176
     1
290
     1
176
     1
290
     0
176
     1
290
     0
176
     1
290
     0
176
     1
290
     0
176
     1
290
     0
176
     1
290
     0
176
     1
 90
       50
176
     1
 40
0.0
176
     1
 40
1.0
176
     1
 90
        0
176
     1
 62
    18
420
        0
176
     1
 90
       50
176
     1
 90
        3
176
     1
 62
     5
420
      255
176
     1
290
     0
176
     1
 90
       50
176
     1
 90
       50
176
     1
 90
       50
176
     1
290
     0
176
     1
 90
       50
176
     1
 62
   256
176
     0
 40
1.0
176
     0
 90
        2
176
     1
  1
strokes_ogs.tif
176
     1
290
     0
176
     1
 40
1.0
176
     1
 40
1.0
176
     1
  0
VISUALSTYLE
  5
35
102
{ACAD_REACTORS
330
29
102
}
330
29
100
AcDbVisualStyle
  2
Brighten
 70
    12
177
     3
291
     1
 70
    58
 90
        2
176
     1
 90
        2
176
     1
 90
        0
176
     1
 90
        0
176
     1
 40
0.6
176
     1
 40
30.0
176
     1
 62
     7
420
 16777215
176
     1
 90
        1
176
     1
 90
        4
176
     1
 62
     7
176
     1
 62
   257
176
     1
 90
        1
176
     1
 90
        1
176
     1
 40
1.0
176
     1
 90
        8
176
     1
 62
     7
176
     1
 40
1.0
176
     1
 90
        1
176
     1
 90
        6
176
     1
 90
        2
176
     1
 62
     7
176
     1
 90
        5
176
     1
 90
        0
176
     1
 90
        0
176
     1
290
     0
176
     1
 90
        1
176
     1
 40
50.0
176
     1
 90
        0
176
     1
290
     0
176
     1
290
     1
176
     1
290
     1
176
     1
290
     0
176
     1
290
     0
176
     1
290
     0
176
     1
290
     0
176
     1
290
     0
176
     1
290
     0
176
     1
 90
       50
176
     1
 40
0.0
176
     1
 40
1.0
176
     1
 90
        0
176
     1
 62
    18
420
        0
176
     1
 90
       50
176
     1
 90
        3
176
     1
 62
     5
420
      255
176
     1
290
     0
176
     1
 90
       50
176
     1
 90
       50
176
     1
 90
       50
176
     1
290
     0
176
     1
 90
       50
176
     1
 62
   256
176
     0
 40
1.0
176
     0
 90
        2
176
     1
  1
strokes_ogs.tif
176
     1
290
     0
176
     1
 40
1.0
176
     1
 40
1.0
176
     1
  0
VISUALSTYLE
  5
39
102
{ACAD_REACTORS
330
29
102
}
330
29
100
AcDbVisualStyle
  2
ColorChange
 70
    16
177
     3
291
     1
 70
    58
 90
        2
176
     1
 90
        2
176
     1
 90
        3
176
     1
 90
        0
176
     1
 40
0.6
176
     1
 40
30.0
176
     1
 62
     8
420
  8421504
176
     1
 90
        1
176
     1
 90
        4
176
     1
 62
     7
176
     1
 62
   257
176
     1
 90
        1
176
     1
 90
        1
176
     1
 40
1.0
176
     1
 90
        8
176
     1
 62
     8
420
  8421504
176
     1
 40
1.0
176
     1
 90
        1
176
     1
 90
        6
176
     1
 90
        2
176
     1
 62
     7
176
     1
 90
        5
176
     1
 90
        0
176
     1
 90
        0
176
     1
290
     0
176
     1
 90
        1
176
     1
 40
0.0
176
     1
 90
        0
176
     1
290
     0
176
     1
290
     1
176
     1
290
     1
176
     1
290
     0
176
     1
290
     0
176
     1
290
     0
176
     1
290
     0
176
     1
290
     0
176
     1
290
     0
176
     1
 90
       50
176
     1
 40
0.0
176
     1
 40
1.0
176
     1
 90
        0
176
     1
 62
    18
420
        0
176
     1
 90
       50
176
     1
 90
        3
176
     1
 62
     5
420
      255
176
     1
290
     0
176
     1
 90
       50
176
     1
 90
       50
176
     1
 90
       50
176
     1
290
     0
176
     1
 90
       50
176
     1
 62
   256
176
     0
 40
1.0
176
     0
 90
        2
176
     1
  1
strokes_ogs.tif
176
     1
290
     0
176
     1
 40
1.0
176
     1
 40
1.0
176
     1
  0
VISUALSTYLE
  5
32
102
{ACAD_REACTORS
330
29
102
}
330
29
100
AcDbVisualStyle
  2
Conceptual
 70
     9
177
     3
291
     0
 70
    58
 90
        3
176
     1
 90
        2
176
     1
 90
        0
176
     1
 90
        0
176
     1
 40
0.6
176
     1
 40
30.0
176
     1
 62
     7
420
 16777215
176
     1
 90
        2
176
     1
 90
        2
176
     1
 62
     7
176
     1
 62
   257
176
     1
 90
        1
176
     1
 90
        1
176
     1
 40
179.0
176
     1
 90
        8
176
     1
 62
     7
176
     1
 40
1.0
176
     1
 90
        1
176
     1
 90
        6
176
     1
 90
        2
176
     1
 62
     7
176
     1
 90
        3
176
     1
 90
        0
176
     1
 90
        0
176
     1
290
     0
176
     1
 90
        1
176
     1
 40
0.0
176
     1
 90
        0
176
     1
290
     0
176
     1
290
     1
176
     1
290
     1
176
     1
290
     0
176
     1
290
     0
176
     1
290
     0
176
     1
290
     0
176
     1
290
     0
176
     1
290
     0
176
     1
 90
       50
176
     1
 40
0.0
176
     1
 40
1.0
176
     1
 90
        0
176
     1
 62
    18
420
        0
176
     1
 90
       50
176
     1
 90
        3
176
     1
 62
     5
420
      255
176
     1
290
     0
176
     1
 90
       50
176
     1
 90
       50
176
     1
 90
       50
176
     1
290
     0
176
     1
 90
       50
176
     1
 62
   256
176
     0
 40
1.0
176
     0
 90
        2
176
     1
  1
strokes_ogs.tif
176
     1
290
     0
176
     1
 40
1.0
176
     1
 40
1.0
176
     1
  0
VISUALSTYLE
  5
34
102
{ACAD_REACTORS
330
29
102
}
330
29
100
AcDbVisualStyle
  2
Dim
 70
    11
177
     3
291
     1
 70
    58
 90
        2
176
     1
 90
        2
176
     1
 90
        0
176
     1
 90
        0
176
     1
 40
0.6
176
     1
 40
30.0
176
     1
 62
     7
420
 16777215
176
     1
 90
        1
176
     1
 90
        4
176
     1
 62
     7
176
     1
 62
   257
176
     1
 90
        1
176
     1
 90
        1
176
     1
 40
1.0
176
     1
 90
        8
176
     1
 62
     7
176
     1
 40
1.0
176
     1
 90
        1
176
     1
 90
        6
176
     1
 90
        2
176
     1
 62
     7
176
     1
 90
        5
176
     1
 90
        0
176
     1
 90
        0
176
     1
290
     0
176
     1
 90
        1
176
     1
 40
-50.0
176
     1
 90
        0
176
     1
290
     0
176
     1
290
     1
176
     1
290
     1
176
     1
290
     0
176
     1
290
     0
176
     1
290
     0
176
     1
290
     0
176
     1
290
     0
176
     1
290
     0
176
     1
 90
       50
176
     1
 40
0.0
176
     1
 40
1.0
176
     1
 90
        0
176
     1
 62
    18
420
        0
176
     1
 90
       50
176
     1
 90
        3
176
     1
 62
     5
420
      255
176
     1
290
     0
176
     1
 90
       50
176
     1
 90
       50
176
     1
 90
       50
176
     1
290
     0
176
     1
 90
       50
176
     1
 62
   256
176
     0
 40
1.0
176
     0
 90
        2
176
     1
  1
strokes_ogs.tif
176
     1
290
     0
176
     1
 40
1.0
176
     1
 40
1.0
176
     1
  0
VISUALSTYLE
  5
41
102
{ACAD_REACTORS
330
29
102
}
330
29
100
AcDbVisualStyle
  2
EdgeColorOff
 70
    22
177
     3
291
     1
 70
    58
 90
        2
176
     0
 90
        2
176
     0
 90
        0
176
     0
 90
        0
176
     0
 40
0.6
176
     0
 40
30.0
176
     0
 62
     7
420
 16777215
176
     0
 90
        1
176
     0
 90
        4
176
     0
 62
     7
176
     0
 62
   257
176
     0
 90
        1
176
     0
 90
        1
176
     0
 40
1.0
176
     0
 90
        8
176
     2
 62
     7
176
     0
 40
1.0
176
     0
 90
        1
176
     0
 90
        6
176
     0
 90
        2
176
     0
 62
     7
176
     0
 90
        5
176
     0
 90
        0
176
     0
 90
        0
176
     0
290
     0
176
     0
 90
        1
176
     0
 40
0.0
176
     0
 90
        0
176
     0
290
     0
176
     0
290
     1
176
     0
290
     1
176
     0
290
     0
176
     0
290
     0
176
     0
290
     0
176
     0
290
     0
176
     0
290
     0
176
     0
290
     0
176
     0
 90
       50
176
     0
 40
0.0
176
     0
 40
1.0
176
     0
 90
        0
176
     0
 62
    18
420
        0
176
     0
 90
       50
176
     0
 90
        3
176
     0
 62
     5
420
      255
176
     0
290
     0
176
     0
 90
       50
176
     0
 90
       50
176
     0
 90
       50
176
     0
290
     0
176
     0
 90
       50
176
     0
 62
   256
176
     0
 40
1.0
176
     0
 90
        2
176
     0
  1
strokes_ogs.tif
176
     0
290
     0
176
     0
 40
1.0
176
     0
 40
1.0
176
     0
  0
VISUALSTYLE
  5
38
102
{ACAD_REACTORS
330
29
102
}
330
29
100
AcDbVisualStyle
  2
Facepattern
 70
    15
177
     3
291
     1
 70
    58
 90
        2
176
     1
 90
        2
176
     1
 90
        0
176
     1
 90
        0
176
     1
 40
0.6
176
     1
 40
30.0
176
     1
 62
     7
420
 16777215
176
     1
 90
        1
176
     1
 90
        4
176
     1
 62
     7
176
     1
 62
   257
176
     1
 90
        1
176
     1
 90
        1
176
     1
 40
1.0
176
     1
 90
        8
176
     1
 62
     7
176
     1
 40
1.0
176
     1
 90
        1
176
     1
 90
        6
176
     1
 90
        2
176
     1
 62
     7
176
     1
 90
        5
176
     1
 90
        0
176
     1
 90
        0
176
     1
290
     0
176
     1
 90
        1
176
     1
 40
0.0
176
     1
 90
        0
176
     1
290
     0
176
     1
290
     1
176
     1
290
     1
176
     1
290
     0
176
     1
290
     0
176
     1
290
     0
176
     1
290
     0
176
     1
290
     0
176
     1
290
     0
176
     1
 90
       50
176
     1
 40
0.0
176
     1
 40
1.0
176
     1
 90
        0
176
     1
 62
    18
420
        0
176
     1
 90
       50
176
     1
 90
        3
176
     1
 62
     5
420
      255
176
     1
290
     0
176
     1
 90
       50
176
     1
 90
       50
176
     1
 90
       50
176
     1
290
     0
176
     1
 90
       50
176
     1
 62
   256
176
     0
 40
1.0
176
     0
 90
        2
176
     1
  1
strokes_ogs.tif
176
     1
290
     0
176
     1
 40
1.0
176
     1
 40
1.0
176
     1
  0
VISUALSTYLE
  5
2A
102
{ACAD_REACTORS
330
29
102
}
330
29
100
AcDbVisualStyle
  2
Flat
 70
     0
177
     3
291
     1
 70
    58
 90
        2
176
     1
 90
        1
176
     1
 90
        1
176
     1
 90
        2
176
     1
 40
0.6
176
     1
 40
30.0
176
     1
 62
     7
420
 16777215
176
     1
 90
        0
176
     1
 90
        0
176
     1
 62
     7
176
     1
 62
   257
176
     1
 90
        1
176
     1
 90
        1
176
     1
 40
1.0
176
     1
 90
        8
176
     1
 62
     7
176
     1
 40
1.0
176
     1
 90
        1
176
     1
 90
        6
176
     1
 90
        2
176
     1
 62
     7
176
     1
 90
        5
176
     1
 90
        0
176
     1
 90
        0
176
     1
290
     0
176
     1
 90
       13
176
     1
 40
0.0
176
     1
 90
        0
176
     1
290
     0
176
     1
290
     1
176
     1
290
     1
176
     1
290
     0
176
     1
290
     0
176
     1
290
     0
176
     1
290
     0
176
     1
290
     0
176
     1
290
     0
176
     1
 90
       50
176
     1
 40
0.0
176
     1
 40
1.0
176
     1
 90
        0
176
     1
 62
    18
420
        0
176
     1
 90
       50
176
     1
 90
        3
176
     1
 62
     5
420
      255
176
     1
290
     0
176
     1
 90
       50
176
     1
 90
       50
176
     1
 90
       50
176
     1
290
     0
176
     1
 90
       50
176
     1
 62
   256
176
     0
 40
1.0
176
     0
 90
        2
176
     1
  1
strokes_ogs.tif
176
     1
290
     0
176
     1
 40
1.0
176
     1
 40
1.0
176
     1
  0
VISUALSTYLE
  5
2B
102
{ACAD_REACTORS
330
29
102
}
330
29
100
AcDbVisualStyle
  2
FlatWithEdges
 70
     1
177
     3
291
     1
 70
    58
 90
        2
176
     1
 90
        1
176
     1
 90
        1
176
     1
 90
        2
176
     1
 40
0.6
176
     1
 40
30.0
176
     1
 62
     7
420
 16777215
176
     1
 90
        1
176
     1
 90
        0
176
     1
 62
     7
176
     1
 62
   257
176
     1
 90
        1
176
     1
 90
        1
176
     1
 40
1.0
176
     1
 90
        0
176
     1
 62
   257
176
     1
 40
1.0
176
     1
 90
        1
176
     1
 90
        6
176
     1
 90
        2
176
     1
 62
     7
176
     1
 90
        5
176
     1
 90
        0
176
     1
 90
        0
176
     1
290
     0
176
     1
 90
       13
176
     1
 40
0.0
176
     1
 90
        0
176
     1
290
     0
176
     1
290
     1
176
     1
290
     1
176
     1
290
     0
176
     1
290
     0
176
     1
290
     0
176
     1
290
     0
176
     1
290
     0
176
     1
290
     0
176
     1
 90
       50
176
     1
 40
0.0
176
     1
 40
1.0
176
     1
 90
        0
176
     1
 62
    18
420
        0
176
     1
 90
       50
176
     1
 90
        3
176
     1
 62
     5
420
      255
176
     1
290
     0
176
     1
 90
       50
176
     1
 90
       50
176
     1
 90
       50
176
     1
290
     0
176
     1
 90
       50
176
     1
 62
   256
176
     0
 40
1.0
176
     0
 90
        2
176
     1
  1
strokes_ogs.tif
176
     1
290
     0
176
     1
 40
1.0
176
     1
 40
1.0
176
     1
  0
VISUALSTYLE
  5
2C
102
{ACAD_REACTORS
330
29
102
}
330
29
100
AcDbVisualStyle
  2
Gouraud
 70
     2
177
     3
291
     1
 70
    58
 90
        2
176
     1
 90
        2
176
     1
 90
        1
176
     1
 90
        2
176
     1
 40
0.6
176
     1
 40
30.0
176
     1
 62
     7
420
 16777215
176
     1
 90
        0
176
     1
 90
        0
176
     1
 62
     7
176
     1
 62
   257
176
     1
 90
        1
176
     1
 90
        1
176
     1
 40
1.0
176
     1
 90
        0
176
     1
 62
     7
176
     1
 40
1.0
176
     1
 90
        1
176
     1
 90
        6
176
     1
 90
        2
176
     1
 62
     7
176
     1
 90
        5
176
     1
 90
        0
176
     1
 90
        0
176
     1
290
     0
176
     1
 90
       13
176
     1
 40
0.0
176
     1
 90
        0
176
     1
290
     0
176
     1
290
     1
176
     1
290
     1
176
     1
290
     0
176
     1
290
     0
176
     1
290
     0
176
     1
290
     0
176
     1
290
     0
176
     1
290
     0
176
     1
 90
       50
176
     1
 40
0.0
176
     1
 40
1.0
176
     1
 90
        0
176
     1
 62
    18
420
        0
176
     1
 90
       50
176
     1
 90
        3
176
     1
 62
     5
420
      255
176
     1
290
     0
176
     1
 90
       50
176
     1
 90
       50
176
     1
 90
       50
176
     1
290
     0
176
     1
 90
       50
176
     1
 62
   256
176
     0
 40
1.0
176
     0
 90
        2
176
     1
  1
strokes_ogs.tif
176
     1
290
     0
176
     1
 40
1.0
176
     1
 40
1.0
176
     1
  0
VISUALSTYLE
  5
2D
102
{ACAD_REACTORS
330
29
102
}
330
29
100
AcDbVisualStyle
  2
GouraudWithEdges
 70
     3
177
     3
291
     1
 70
    58
 90
        2
176
     1
 90
        2
176
     1
 90
        1
176
     1
 90
        2
176
     1
 40
0.6
176
     1
 40
30.0
176
     1
 62
     7
420
 16777215
176
     1
 90
        1
176
     1
 90
        0
176
     1
 62
     7
176
     1
 62
   257
176
     1
 90
        1
176
     1
 90
        1
176
     1
 40
1.0
176
     1
 90
        0
176
     1
 62
   257
176
     1
 40
1.0
176
     1
 90
        1
176
     1
 90
        6
176
     1
 90
        2
176
     1
 62
     7
176
     1
 90
        5
176
     1
 90
        0
176
     1
 90
        0
176
     1
290
     0
176
     1
 90
       13
176
     1
 40
0.0
176
     1
 90
        0
176
     1
290
     0
176
     1
290
     1
176
     1
290
     1
176
     1
290
     0
176
     1
290
     0
176
     1
290
     0
176
     1
290
     0
176
     1
290
     0
176
     1
290
     0
176
     1
 90
       50
176
     1
 40
0.0
176
     1
 40
1.0
176
     1
 90
        0
176
     1
 62
    18
420
        0
176
     1
 90
       50
176
     1
 90
        3
176
     1
 62
     5
420
      255
176
     1
290
     0
176
     1
 90
       50
176
     1
 90
       50
176
     1
 90
       50
176
     1
290
     0
176
     1
 90
       50
176
     1
 62
   256
176
     0
 40
1.0
176
     0
 90
        2
176
     1
  1
strokes_ogs.tif
176
     1
290
     0
176
     1
 40
1.0
176
     1
 40
1.0
176
     1
  0
VISUALSTYLE
  5
31
102
{ACAD_REACTORS
330
29
102
}
330
29
100
AcDbVisualStyle
  2
Hidden
 70
     6
177
     3
291
     0
 70
    58
 90
        1
176
     1
 90
        2
176
     1
 90
        2
176
     1
 90
        0
176
     1
 40
0.6
176
     1
 40
30.0
176
     1
 62
     7
420
 16777215
176
     1
 90
        2
176
     1
 90
        2
176
     1
 62
     7
176
     1
 62
   257
176
     1
 90
        2
176
     1
 90
        1
176
     1
 40
40.0
176
     1
 90
        0
176
     1
 62
   257
176
     1
 40
1.0
176
     1
 90
        1
176
     1
 90
        6
176
     1
 90
        2
176
     1
 62
     7
176
     1
 90
        3
176
     1
 90
        0
176
     1
 90
        0
176
     1
290
     0
176
     1
 90
        1
176
     1
 40
0.0
176
     1
 90
        0
176
     1
290
     0
176
     1
290
     1
176
     1
290
     1
176
     1
290
     0
176
     1
290
     0
176
     1
290
     0
176
     1
290
     0
176
     1
290
     0
176
     1
290
     0
176
     1
 90
       50
176
     1
 40
0.0
176
     1
 40
1.0
176
     1
 90
        0
176
     1
 62
    18
420
        0
176
     1
 90
       50
176
     1
 90
        3
176
     1
 62
     5
420
      255
176
     1
290
     0
176
     1
 90
       50
176
     1
 90
       50
176
     1
 90
       50
176
     1
290
     0
176
     1
 90
       50
176
     1
 62
   256
176
     0
 40
1.0
176
     0
 90
        2
176
     1
  1
strokes_ogs.tif
176
     1
290
     0
176
     1
 40
1.0
176
     1
 40
1.0
176
     1
  0
VISUALSTYLE
  5
3F
102
{ACAD_REACTORS
330
29
102
}
330
29
100
AcDbVisualStyle
  2
JitterOff
 70
    20
177
     3
291
     1
 70
    58
 90
        2
176
     0
 90
        2
176
     0
 90
        0
176
     0
 90
        0
176
     0
 40
0.6
176
     0
 40
30.0
176
     0
 62
     7
420
 16777215
176
     0
 90
        1
176
     0
 90
        4
176
     0
 62
     7
176
     0
 62
   257
176
     0
 90
        1
176
     0
 90
        1
176
     0
 40
1.0
176
     0
 90
       10
176
     2
 62
     7
176
     0
 40
1.0
176
     0
 90
        1
176
     0
 90
        6
176
     0
 90
        2
176
     0
 62
     7
176
     0
 90
        5
176
     0
 90
        0
176
     0
 90
        0
176
     0
290
     0
176
     0
 90
        1
176
     0
 40
0.0
176
     0
 90
        0
176
     0
290
     0
176
     0
290
     1
176
     0
290
     1
176
     0
290
     0
176
     0
290
     0
176
     0
290
     0
176
     0
290
     0
176
     0
290
     0
176
     0
290
     0
176
     0
 90
       50
176
     0
 40
0.0
176
     0
 40
1.0
176
     0
 90
        0
176
     0
 62
    18
420
        0
176
     0
 90
       50
176
     0
 90
        3
176
     0
 62
     5
420
      255
176
     0
290
     0
176
     0
 90
       50
176
     0
 90
       50
176
     0
 90
       50
176
     0
290
     0
176
     0
 90
       50
176
     0
 62
   256
176
     0
 40
1.0
176
     0
 90
        2
176
     0
  1
strokes_ogs.tif
176
     0
290
     0
176
     0
 40
1.0
176
     0
 40
1.0
176
     0
  0
VISUALSTYLE
  5
37
102
{ACAD_REACTORS
330
29
102
}
330
29
100
AcDbVisualStyle
  2
Linepattern
 70
    14
177
     3
291
     1
 70
    58
 90
        2
176
     1
 90
        2
176
     1
 90
        0
176
     1
 90
        0
176
     1
 40
0.6
176
     1
 40
30.0
176
     1
 62
     7
420
 16777215
176
     1
 90
        1
176
     1
 90
        4
176
     1
 62
     7
176
     1
 62
   257
176
     1
 90
        7
176
     1
 90
        7
176
     1
 40
1.0
176
     1
 90
        8
176
     1
 62
     7
176
     1
 40
1.0
176
     1
 90
        1
176
     1
 90
        6
176
     1
 90
        2
176
     1
 62
     7
176
     1
 90
        5
176
     1
 90
        0
176
     1
 90
        0
176
     1
290
     0
176
     1
 90
        1
176
     1
 40
0.0
176
     1
 90
        0
176
     1
290
     0
176
     1
290
     1
176
     1
290
     1
176
     1
290
     0
176
     1
290
     0
176
     1
290
     0
176
     1
290
     0
176
     1
290
     0
176
     1
290
     0
176
     1
 90
       50
176
     1
 40
0.0
176
     1
 40
1.0
176
     1
 90
        0
176
     1
 62
    18
420
        0
176
     1
 90
       50
176
     1
 90
        3
176
     1
 62
     5
420
      255
176
     1
290
     0
176
     1
 90
       50
176
     1
 90
       50
176
     1
 90
       50
176
     1
290
     0
176
     1
 90
       50
176
     1
 62
   256
176
     0
 40
1.0
176
     0
 90
        2
176
     1
  1
strokes_ogs.tif
176
     1
290
     0
176
     1
 40
1.0
176
     1
 40
1.0
176
     1
  0
VISUALSTYLE
  5
40
102
{ACAD_REACTORS
330
29
102
}
330
29
100
AcDbVisualStyle
  2
OverhangOff
 70
    21
177
     3
291
     1
 70
    58
 90
        2
176
     0
 90
        2
176
     0
 90
        0
176
     0
 90
        0
176
     0
 40
0.6
176
     0
 40
30.0
176
     0
 62
     7
420
 16777215
176
     0
 90
        1
176
     0
 90
        4
176
     0
 62
     7
176
     0
 62
   257
176
     0
 90
        1
176
     0
 90
        1
176
     0
 40
1.0
176
     0
 90
        9
176
     2
 62
     7
176
     0
 40
1.0
176
     0
 90
        1
176
     0
 90
        6
176
     0
 90
        2
176
     0
 62
     7
176
     0
 90
        5
176
     0
 90
        0
176
     0
 90
        0
176
     0
290
     0
176
     0
 90
        1
176
     0
 40
0.0
176
     0
 90
        0
176
     0
290
     0
176
     0
290
     1
176
     0
290
     1
176
     0
290
     0
176
     0
290
     0
176
     0
290
     0
176
     0
290
     0
176
     0
290
     0
176
     0
290
     0
176
     0
 90
       50
176
     0
 40
0.0
176
     0
 40
1.0
176
     0
 90
        0
176
     0
 62
    18
420
        0
176
     0
 90
       50
176
     0
 90
        3
176
     0
 62
     5
420
      255
176
     0
290
     0
176
     0
 90
       50
176
     0
 90
       50
176
     0
 90
       50
176
     0
290
     0
176
     0
 90
       50
176
     0
 62
   256
176
     0
 40
1.0
176
     0
 90
        2
176
     0
  1
strokes_ogs.tif
176
     0
290
     0
176
     0
 40
1.0
176
     0
 40
1.0
176
     0
  0
VISUALSTYLE
  5
33
102
{ACAD_REACTORS
330
29
102
}
330
29
100
AcDbVisualStyle
  2
Realistic
 70
     8
177
     3
291
     0
 70
    58
 90
        2
176
     1
 90
        3
176
     1
 90
        0
176
     1
 90
        2
176
     1
 40
0.6
176
     1
 40
30.0
176
     1
 62
     7
420
 16777215
176
     1
 90
        0
176
     1
 90
        0
176
     1
 62
     7
176
     1
 62
   257
176
     1
 90
        1
176
     1
 90
        1
176
     1
 40
1.0
176
     1
 90
        8
176
     1
 62
   257
176
     1
 40
1.0
176
     1
 90
        1
176
     1
 90
        6
176
     1
 90
        2
176
     1
 62
     7
176
     1
 90
        3
176
     1
 90
        0
176
     1
 90
        0
176
     1
290
     0
176
     1
 90
       13
176
     1
 40
0.0
176
     1
 90
        0
176
     1
290
     0
176
     1
290
     1
176
     1
290
     1
176
     1
290
     0
176
     1
290
     0
176
     1
290
     0
176
     1
290
     0
176
     1
290
     0
176
     1
290
     0
176
     1
 90
       50
176
     1
 40
0.0
176
     1
 40
1.0
176
     1
 90
        0
176
     1
 62
    18
420
        0
176
     1
 90
       50
176
     1
 90
        3
176
     1
 62
     5
420
      255
176
     1
290
     0
176
     1
 90
       50
176
     1
 90
       50
176
     1
 90
       50
176
     1
290
     0
176
     1
 90
       50
176
     1
 62
   256
176
     0
 40
1.0
176
     0
 90
        2
176
     1
  1
strokes_ogs.tif
176
     1
290
     0
176
     1
 40
1.0
176
     1
 40
1.0
176
     1
  0
VISUALSTYLE
  5
3E
102
{ACAD_REACTORS
330
29
102
}
330
29
100
AcDbVisualStyle
  2
Shaded
 70
    27
177
     3
291
     0
 70
    58
 90
        2
176
     1
 90
        2
176
     1
 90
        1
176
     1
 90
        2
176
     1
 40
0.6
176
     1
 40
30.0
176
     1
 62
     7
420
 16777215
176
     1
 90
        0
176
     1
 90
        4
176
     1
 62
     7
176
     1
 62
   257
176
     1
 90
        1
176
     1
 90
        1
176
     1
 40
1.0
176
     1
 90
        8
176
     1
 62
   257
176
     1
 40
1.0
176
     1
 90
        1
176
     1
 90
        6
176
     1
 90
        2
176
     1
 62
     8
420
  7895160
176
     1
 90
        3
176
     1
 90
        0
176
     1
 90
        0
176
     1
290
     0
176
     1
 90
        5
176
     1
 40
0.0
176
     1
 90
        0
176
     1
290
     0
176
     1
290
     1
176
     1
290
     1
176
     1
290
     0
176
     1
290
     0
176
     1
290
     0
176
     1
290
     0
176
     1
290
     0
176
     1
290
     0
176
     1
 90
       50
176
     1
 40
0.0
176
     1
 40
1.0
176
     1
 90
        0
176
     1
 62
    18
420
        0
176
     1
 90
       50
176
     1
 90
        3
176
     1
 62
     5
420
      255
176
     1
290
     0
176
     1
 90
       50
176
     1
 90
       50
176
     1
 90
       50
176
     1
290
     0
176
     1
 90
       50
176
     1
 62
   256
176
     0
 40
1.0
176
     0
 90
        2
176
     1
  1
strokes_ogs.tif
176
     1
290
     0
176
     1
 40
1.0
176
     1
 40
1.0
176
     1
  0
VISUALSTYLE
  5
3D
102
{ACAD_REACTORS
330
29
102
}
330
29
100
AcDbVisualStyle
  2
Shaded with edges
 70
    26
177
     3
291
     0
 70
    58
 90
        2
176
     1
 90
        2
176
     1
 90
        1
176
     1
 90
        2
176
     1
 40
0.6
176
     1
 40
30.0
176
     1
 62
     7
420
 16777215
176
     1
 90
        1
176
     1
 90
        2
176
     1
 62
     7
176
     1
 62
   257
176
     1
 90
        2
176
     1
 90
        1
176
     1
 40
1.0
176
     1
 90
        8
176
     1
 62
   257
176
     1
 40
1.0
176
     1
 90
        1
176
     1
 90
        6
176
     1
 90
        2
176
     1
 62
     7
176
     1
 90
        3
176
     1
 90
        0
176
     1
 90
        0
176
     1
290
     0
176
     1
 90
        5
176
     1
 40
0.0
176
     1
 90
        0
176
     1
290
     0
176
     1
290
     1
176
     1
290
     1
176
     1
290
     0
176
     1
290
     0
176
     1
290
     0
176
     1
290
     0
176
     1
290
     0
176
     1
290
     0
176
     1
 90
       50
176
     1
 40
0.0
176
     1
 40
1.0
176
     1
 90
        0
176
     1
 62
    18
420
        0
176
     1
 90
       50
176
     1
 90
        3
176
     1
 62
     5
420
      255
176
     1
290
     0
176
     1
 90
       50
176
     1
 90
       50
176
     1
 90
       50
176
     1
290
     0
176
     1
 90
       50
176
     1
 62
   256
176
     0
 40
1.0
176
     0
 90
        2
176
     1
  1
strokes_ogs.tif
176
     1
290
     0
176
     1
 40
1.0
176
     1
 40
1.0
176
     1
  0
VISUALSTYLE
  5
3A
102
{ACAD_REACTORS
330
29
102
}
330
29
100
AcDbVisualStyle
  2
Shades of Gray
 70
    23
177
     3
291
     0
 70
    58
 90
        2
176
     1
 90
        2
176
     1
 90
        3
176
     1
 90
        0
176
     1
 40
0.6
176
     1
 40
30.0
176
     1
 62
     7
420
 16777215
176
     1
 90
        2
176
     1
 90
        2
176
     1
 62
     7
176
     1
 62
     7
176
     1
 90
        1
176
     1
 90
        1
176
     1
 40
40.0
176
     1
 90
        8
176
     1
 62
     7
176
     1
 40
1.0
176
     1
 90
        1
176
     1
 90
        6
176
     1
 90
        2
176
     1
 62
     7
176
     1
 90
        3
176
     1
 90
        0
176
     1
 90
        0
176
     1
290
     0
176
     1
 90
        1
176
     1
 40
0.0
176
     1
 90
        0
176
     1
290
     0
176
     1
290
     1
176
     1
290
     1
176
     1
290
     0
176
     1
290
     0
176
     1
290
     0
176
     1
290
     0
176
     1
290
     0
176
     1
290
     0
176
     1
 90
       50
176
     1
 40
0.0
176
     1
 40
1.0
176
     1
 90
        0
176
     1
 62
    18
420
        0
176
     1
 90
       50
176
     1
 90
        3
176
     1
 62
     5
420
      255
176
     1
290
     0
176
     1
 90
       50
176
     1
 90
       50
176
     1
 90
       50
176
     1
290
     0
176
     1
 90
       50
176
     1
 62
   256
176
     0
 40
1.0
176
     0
 90
        2
176
     1
  1
strokes_ogs.tif
176
     1
290
     0
176
     1
 40
1.0
176
     1
 40
1.0
176
     1
  0
VISUALSTYLE
  5
3B
102
{ACAD_REACTORS
330
29
102
}
330
29
100
AcDbVisualStyle
  2
Sketchy
 70
    24
177
     3
291
     0
 70
    58
 90
        1
176
     1
 90
        2
176
     1
 90
        2
176
     1
 90
        0
176
     1
 40
0.6
176
     1
 40
30.0
176
     1
 62
     7
420
 16777215
176
     1
 90
        2
176
     1
 90
        2
176
     1
 62
     7
176
     1
 62
     7
176
     1
 90
        1
176
     1
 90
        1
176
     1
 40
40.0
176
     1
 90
       11
176
     1
 62
     7
176
     1
 40
1.0
176
     1
 90
        1
176
     1
 90
        6
176
     1
 90
        2
176
     1
 62
     7
176
     1
 90
        6
176
     1
 90
        0
176
     1
 90
        0
176
     1
290
     0
176
     1
 90
        1
176
     1
 40
0.0
176
     1
 90
        0
176
     1
290
     0
176
     1
290
     1
176
     1
290
     1
176
     1
290
     0
176
     1
290
     0
176
     1
290
     0
176
     1
290
     0
176
     1
290
     0
176
     1
290
     0
176
     1
 90
       50
176
     1
 40
0.0
176
     1
 40
1.0
176
     1
 90
        0
176
     1
 62
    18
420
        0
176
     1
 90
       50
176
     1
 90
        3
176
     1
 62
     5
420
      255
176
     1
290
     0
176
     1
 90
       50
176
     1
 90
       50
176
     1
 90
       50
176
     1
290
     0
176
     1
 90
       50
176
     1
 62
   256
176
     0
 40
1.0
176
     0
 90
        2
176
     1
  1
strokes_ogs.tif
176
     1
290
     0
176
     1
 40
1.0
176
     1
 40
1.0
176
     1
  0
VISUALSTYLE
  5
36
102
{ACAD_REACTORS
330
29
102
}
330
29
100
AcDbVisualStyle
  2
Thicken
 70
    13
177
     3
291
     1
 70
    58
 90
        2
176
     1
 90
        2
176
     1
 90
        0
176
     1
 90
        0
176
     1
 40
0.6
176
     1
 40
30.0
176
     1
 62
     7
420
 16777215
176
     1
 90
        1
176
     1
 90
        4
176
     1
 62
     7
176
     1
 62
   257
176
     1
 90
        1
176
     1
 90
        1
176
     1
 40
1.0
176
     1
 90
       12
176
     1
 62
     7
176
     1
 40
1.0
176
     1
 90
        1
176
     1
 90
        6
176
     1
 90
        2
176
     1
 62
     7
176
     1
 90
        5
176
     1
 90
        0
176
     1
 90
        0
176
     1
290
     0
176
     1
 90
        1
176
     1
 40
0.0
176
     1
 90
        0
176
     1
290
     0
176
     1
290
     1
176
     1
290
     1
176
     1
290
     0
176
     1
290
     0
176
     1
290
     0
176
     1
290
     0
176
     1
290
     0
176
     1
290
     0
176
     1
 90
       50
176
     1
 40
0.0
176
     1
 40
1.0
176
     1
 90
        0
176
     1
 62
    18
420
        0
176
     1
 90
       50
176
     1
 90
        3
176
     1
 62
     5
420
      255
176
     1
290
     0
176
     1
 90
       50
176
     1
 90
       50
176
     1
 90
       50
176
     1
290
     0
176
     1
 90
       50
176
     1
 62
   256
176
     0
 40
1.0
176
     0
 90
        2
176
     1
  1
strokes_ogs.tif
176
     1
290
     0
176
     1
 40
1.0
176
     1
 40
1.0
176
     1
  0
VISUALSTYLE
  5
30
102
{ACAD_REACTORS
330
29
102
}
330
29
100
AcDbVisualStyle
  2
Wireframe
 70
     5
177
     3
291
     0
 70
    58
 90
        0
176
     1
 90
        2
176
     1
 90
        0
176
     1
 90
        0
176
     1
 40
0.6
176
     1
 40
30.0
176
     1
 62
     7
420
 16777215
176
     1
 90
        1
176
     1
 90
        4
176
     1
 62
     7
176
     1
 62
   257
176
     1
 90
        1
176
     1
 90
        1
176
     1
 40
1.0
176
     1
 90
        0
176
     1
 62
   257
176
     1
 40
1.0
176
     1
 90
        1
176
     1
 90
        6
176
     1
 90
        2
176
     1
 62
     7
176
     1
 90
        3
176
     1
 90
        0
176
     1
 90
        0
176
     1
290
     0
176
     1
 90
        1
176
     1
 40
0.0
176
     1
 90
        0
176
     1
290
     0
176
     1
290
     1
176
     1
290
     1
176
     1
290
     0
176
     1
290
     0
176
     1
290
     0
176
     1
290
     0
176
     1
290
     0
176
     1
290
     0
176
     1
 90
       50
176
     1
 40
0.0
176
     1
 40
1.0
176
     1
 90
        0
176
     1
 62
    18
420
        0
176
     1
 90
       50
176
     1
 90
        3
176
     1
 62
     5
420
      255
176
     1
290
     0
176
     1
 90
       50
176
     1
 90
       50
176
     1
 90
       50
176
     1
290
     0
176
     1
 90
       50
176
     1
 62
   256
176
     0
 40
1.0
176
     0
 90
        2
176
     1
  1
strokes_ogs.tif
176
     1
290
     0
176
     1
 40
1.0
176
     1
 40
1.0
176
     1
  0
VISUALSTYLE
  5
3C
102
{ACAD_REACTORS
330
29
102
}
330
29
100
AcDbVisualStyle
  2
X-Ray
 70
    25
177
     3
291
     0
 70
    58
 90
        2
176
     1
 90
        2
176
     1
 90
        1
176
     1
 90
        1
176
     1
 40
0.5
176
     1
 40
30.0
176
     1
 62
     7
420
 16777215
176
     1
 90
        1
176
     1
 90
        0
176
     1
 62
     7
176
     1
 62
   257
176
     1
 90
        1
176
     1
 90
        1
176
     1
 40
1.0
176
     1
 90
        8
176
     1
 62
     7
176
     1
 40
1.0
176
     1
 90
        1
176
     1
 90
        6
176
     1
 90
        2
176
     1
 62
     7
176
     1
 90
        3
176
     1
 90
        0
176
     1
 90
        0
176
     1
290
     0
176
     1
 90
       13
176
     1
 40
0.0
176
     1
 90
        0
176
     1
290
     0
176
     1
290
     1
176
     1
290
     1
176
     1
290
     0
176
     1
290
     0
176
     1
290
     0
176
     1
290
     0
176
     1
290
     0
176
     1
290
     0
176
     1
 90
       50
176
     1
 40
0.0
176
     1
 40
1.0
176
     1
 90
        0
176
     1
 62
    18
420
        0
176
     1
 90
       50
176
     1
 90
        3
176
     1
 62
     5
420
      255
176
     1
290
     0
176
     1
 90
       50
176
     1
 90
       50
176
     1
 90
       50
176
     1
290
     0
176
     1
 90
       50
176
     1
 62
   256
176
     0
 40
1.0
176
     0
 90
        2
176
     1
  1
strokes_ogs.tif
176
     1
290
     0
176
     1
 40
1.0
176
     1
 40
1.0
176
     1
  0
DICTIONARYVAR
  5
122
102
{ACAD_REACTORS
330
11D
102
}
330
11D
100
DictionaryVariables
280
     0
  1
1:1
  0
DICTIONARYVAR
  5
11F
102
{ACAD_REACTORS
330
11D
102
}
330
11D
100
DictionaryVariables
280
     0
  1
STANDARD
  0
DICTIONARYVAR
  5
11E
102
{ACAD_REACTORS
330
11D
102
}
330
11D
100
DictionaryVariables
280
     0
  1
STANDARD
  0
DICTIONARYVAR
  5
120
102
{ACAD_REACTORS
330
11D
102
}
330
11D
100
DictionaryVariables
280
     0
  1
Imperial24
  0
DICTIONARYVAR
  5
121
102
{ACAD_REACTORS
330
11D
102
}
330
11D
100
DictionaryVariables
280
     0
  1
Imperial24
  0
DICTIONARY
  5
1A
330
19
100
AcDbDictionary
280
     1
281
     1
  3
BUMPTILE
360
1C
  3
DIFFUSETILE
360
1B
  3
OPACITYTILE
360
1F
  3
REFLECTIONTILE
360
1E
  3
REFRACTIONTILE
360
20
  3
SPECULARTILE
360
1D
  0
DICTIONARY
  5
12
330
11
100
AcDbDictionary
280
     1
281
     1
  3
BUMPTILE
360
14
  3
DIFFUSETILE
360
13
  3
OPACITYTILE
360
17
  3
REFLECTIONTILE
360
16
  3
REFRACTIONTILE
360
18
  3
SPECULARTILE
360
15
  0
DICTIONARY
  5
22
330
21
100
AcDbDictionary
280
     1
281
     1
  3
BUMPTILE
360
24
  3
DIFFUSETILE
360
23
  3
OPACITYTILE
360
27
  3
REFLECTIONTILE
360
26
  3
REFRACTIONTILE
360
28
  3
SPECULARTILE
360
25
  0
DICTIONARY
  5
123
330
65
100
AcDbDictionary
280
     1
281
     1
  3
ACAD_ROUNDTRIP_2008_TABLESTYLE_CELLSTYLEMAP
360
124
  0
XRECORD
  5
1C
102
{ACAD_REACTORS
330
1A
102
}
330
1A
100
AcDbXrecord
280
     1
270
     1
271
     1
  0
XRECORD
  5
1B
102
{ACAD_REACTORS
330
1A
102
}
330
1A
100
AcDbXrecord
280
     1
270
     1
271
     1
  0
XRECORD
  5
1F
102
{ACAD_REACTORS
330
1A
102
}
330
1A
100
AcDbXrecord
280
     1
270
     1
271
     1
  0
XRECORD
  5
1E
102
{ACAD_REACTORS
330
1A
102
}
330
1A
100
AcDbXrecord
280
     1
270
     1
271
     1
  0
XRECORD
  5
20
102
{ACAD_REACTORS
330
1A
102
}
330
1A
100
AcDbXrecord
280
     1
270
     1
271
     1
  0
XRECORD
  5
1D
102
{ACAD_REACTORS
330
1A
102
}
330
1A
100
AcDbXrecord
280
     1
270
     1
271
     1
  0
XRECORD
  5
14
102
{ACAD_REACTORS
330
12
102
}
330
12
100
AcDbXrecord
280
     1
270
     1
271
     1
  0
XRECORD
  5
13
102
{ACAD_REACTORS
330
12
102
}
330
12
100
AcDbXrecord
280
     1
270
     1
271
     1
  0
XRECORD
  5
17
102
{ACAD_REACTORS
330
12
102
}
330
12
100
AcDbXrecord
280
     1
270
     1
271
     1
  0
XRECORD
  5
16
102
{ACAD_REACTORS
330
12
102
}
330
12
100
AcDbXrecord
280
     1
270
     1
271
     1
  0
XRECORD
  5
18
102
{ACAD_REACTORS
330
12
102
}
330
12
100
AcDbXrecord
280
     1
270
     1
271
     1
  0
XRECORD
  5
15
102
{ACAD_REACTORS
330
12
102
}
330
12
100
AcDbXrecord
280
     1
270
     1
271
     1
  0
XRECORD
  5
24
102
{ACAD_REACTORS
330
22
102
}
330
22
100
AcDbXrecord
280
     1
270
     1
271
     1
  0
XRECORD
  5
23
102
{ACAD_REACTORS
330
22
102
}
330
22
100
AcDbXrecord
280
     1
270
     1
271
     1
  0
XRECORD
  5
27
102
{ACAD_REACTORS
330
22
102
}
330
22
100
AcDbXrecord
280
     1
270
     1
271
     1
  0
XRECORD
  5
26
102
{ACAD_REACTORS
330
22
102
}
330
22
100
AcDbXrecord
280
     1
270
     1
271
     1
  0
XRECORD
  5
28
102
{ACAD_REACTORS
330
22
102
}
330
22
100
AcDbXrecord
280
     1
270
     1
271
     1
  0
XRECORD
  5
25
102
{ACAD_REACTORS
330
22
102
}
330
22
100
AcDbXrecord
280
     1
270
     1
271
     1
  0
CELLSTYLEMAP
  5
124
102
{ACAD_REACTORS
330
123
102
}
330
123
100
AcDbCellStyleMap
 90
        3
300
CELLSTYLE
  1
TABLEFORMAT_BEGIN
 90
        5
170
     1
 91
        0
 92
    32768
 62
   257
 93
        1
300
CONTENTFORMAT
  1
CONTENTFORMAT_BEGIN
 90
        0
 91
        0
 92
      512
 93
        0
300

 40
0.0
140
1.0
 94
        5
 62
     0
340
55
144
0.25
309
CONTENTFORMAT_END
171
     0
 94
        0
309
TABLEFORMAT_END
  1
CELLSTYLE_BEGIN
 90
        1
 91
        1
300
_TITLE
309
CELLSTYLE_END
300
CELLSTYLE
  1
TABLEFORMAT_BEGIN
 90
        5
170
     1
 91
        0
 92
        0
 62
   257
 93
        1
300
CONTENTFORMAT
  1
CONTENTFORMAT_BEGIN
 90
        0
 91
        0
 92
      512
 93
        0
300

 40
0.0
140
1.0
 94
        5
 62
     0
340
55
144
0.18
309
CONTENTFORMAT_END
171
     0
 94
        0
309
TABLEFORMAT_END
  1
CELLSTYLE_BEGIN
 90
        2
 91
        1
300
_HEADER
309
CELLSTYLE_END
300
CELLSTYLE
  1
TABLEFORMAT_BEGIN
 90
        5
170
     1
 91
        0
 92
        0
 62
   257
 93
        1
300
CONTENTFORMAT
  1
CONTENTFORMAT_BEGIN
 90
        0
 91
        0
 92
      512
 93
        0
300

 40
0.0
140
1.0
 94
        2
 62
     0
340
55
144
0.18
309
CONTENTFORMAT_END
171
     0
 94
        0
309
TABLEFORMAT_END
  1
CELLSTYLE_BEGIN
 90
        3
 91
        2
300
_DATA
309
CELLSTYLE_END
  0
ENDSEC
  0
EOF
